image_a,image_b,label,identity_a,identity_b,pair_type,cosine_similarity
D:\biztech\preprocessed_images\person_164\img_03.jpg,D:\biztech\preprocessed_images\person_164\img_07.jpg,1,person_164,person_164,positive,0.670357
D:\biztech\preprocessed_images\person_168\img_05.jpg,D:\biztech\preprocessed_images\person_168\img_08.jpg,1,person_168,person_168,positive,0.570847
D:\biztech\preprocessed_images\person_100\img_05.jpg,D:\biztech\preprocessed_images\person_100\img_07.jpg,1,person_100,person_100,positive,0.674752
D:\biztech\preprocessed_images\person_147\img_04.jpg,D:\biztech\preprocessed_images\person_147\img_10.jpg,1,person_147,person_147,positive,0.055732
D:\biztech\preprocessed_images\person_229\img_03.jpg,D:\biztech\preprocessed_images\person_388\img_02.jpg,0,person_229,person_388,negative,-0.031083
D:\biztech\preprocessed_images\person_176\img_03.jpg,D:\biztech\preprocessed_images\person_176\img_08.jpg,1,person_176,person_176,positive,0.651164
D:\biztech\preprocessed_images\person_026\img_18.jpg,D:\biztech\preprocessed_images\person_026\img_24.jpg,1,person_026,person_026,positive,0.817311
D:\biztech\preprocessed_images\person_253\img_02.jpg,D:\biztech\preprocessed_images\person_095\img_05.jpg,0,person_253,person_095,negative,0.172128
D:\biztech\preprocessed_images\person_105\img_02.jpg,D:\biztech\preprocessed_images\person_221\img_03.jpg,0,person_105,person_221,negative,0.139739
D:\biztech\preprocessed_images\person_215\img_02.jpg,D:\biztech\preprocessed_images\person_074\img_13.jpg,0,person_215,person_074,negative,0.358632
D:\biztech\preprocessed_images\person_364\img_02.jpg,D:\biztech\preprocessed_images\person_550\img_03.jpg,0,person_364,person_550,negative,-0.108296
D:\biztech\preprocessed_images\person_026\img_26.jpg,D:\biztech\preprocessed_images\person_026\img_30.jpg,1,person_026,person_026,positive,0.160017
D:\biztech\preprocessed_images\person_324\img_02.jpg,D:\biztech\preprocessed_images\person_324\img_04.jpg,1,person_324,person_324,positive,0.547006
D:\biztech\preprocessed_images\person_411\img_01.jpg,D:\biztech\preprocessed_images\person_587\img_04.jpg,0,person_411,person_587,negative,0.147061
D:\biztech\preprocessed_images\person_204\img_01.jpg,D:\biztech\preprocessed_images\person_204\img_04.jpg,1,person_204,person_204,positive,0.629850
D:\biztech\preprocessed_images\person_074\img_01.jpg,D:\biztech\preprocessed_images\person_074\img_02.jpg,1,person_074,person_074,positive,0.793606
D:\biztech\preprocessed_images\person_603\img_02.jpg,D:\biztech\preprocessed_images\person_603\img_04.jpg,1,person_603,person_603,positive,0.816386
D:\biztech\preprocessed_images\person_082\img_13.jpg,D:\biztech\preprocessed_images\person_470\img_03.jpg,0,person_082,person_470,negative,0.144616
D:\biztech\preprocessed_images\person_433\img_01.jpg,D:\biztech\preprocessed_images\person_324\img_02.jpg,0,person_433,person_324,negative,-0.274085
D:\biztech\preprocessed_images\person_603\img_01.jpg,D:\biztech\preprocessed_images\person_603\img_03.jpg,1,person_603,person_603,positive,0.675424
D:\biztech\preprocessed_images\person_217\img_07.jpg,D:\biztech\preprocessed_images\person_217\img_08.jpg,1,person_217,person_217,positive,0.797126
D:\biztech\preprocessed_images\person_081\img_04.jpg,D:\biztech\preprocessed_images\person_081\img_13.jpg,1,person_081,person_081,positive,0.696169
D:\biztech\preprocessed_images\person_353\img_05.jpg,D:\biztech\preprocessed_images\person_465\img_04.jpg,0,person_353,person_465,negative,-0.063963
D:\biztech\preprocessed_images\person_282\img_04.jpg,D:\biztech\preprocessed_images\person_596\img_04.jpg,0,person_282,person_596,negative,0.238481
D:\biztech\preprocessed_images\person_168\img_01.jpg,D:\biztech\preprocessed_images\person_168\img_09.jpg,1,person_168,person_168,positive,0.570434
D:\biztech\preprocessed_images\person_221\img_02.jpg,D:\biztech\preprocessed_images\person_221\img_06.jpg,1,person_221,person_221,positive,0.672002
D:\biztech\preprocessed_images\person_225\img_02.jpg,D:\biztech\preprocessed_images\person_297\img_05.jpg,0,person_225,person_297,negative,-0.155082
D:\biztech\preprocessed_images\person_285\img_03.jpg,D:\biztech\preprocessed_images\person_285\img_04.jpg,1,person_285,person_285,positive,0.391451
D:\biztech\preprocessed_images\person_411\img_01.jpg,D:\biztech\preprocessed_images\person_411\img_02.jpg,1,person_411,person_411,positive,0.370346
D:\biztech\preprocessed_images\person_095\img_02.jpg,D:\biztech\preprocessed_images\person_587\img_02.jpg,0,person_095,person_587,negative,-0.195144
D:\biztech\preprocessed_images\person_058\img_04.jpg,D:\biztech\preprocessed_images\person_058\img_15.jpg,1,person_058,person_058,positive,0.607216
D:\biztech\preprocessed_images\person_221\img_02.jpg,D:\biztech\preprocessed_images\person_221\img_05.jpg,1,person_221,person_221,positive,0.542926
D:\biztech\preprocessed_images\person_239\img_07.jpg,D:\biztech\preprocessed_images\person_389\img_02.jpg,0,person_239,person_389,negative,0.535095
D:\biztech\preprocessed_images\person_374\img_02.jpg,D:\biztech\preprocessed_images\person_374\img_03.jpg,1,person_374,person_374,positive,0.812355
D:\biztech\preprocessed_images\person_374\img_01.jpg,D:\biztech\preprocessed_images\person_164\img_08.jpg,0,person_374,person_164,negative,-0.092540
D:\biztech\preprocessed_images\person_271\img_01.jpg,D:\biztech\preprocessed_images\person_271\img_06.jpg,1,person_271,person_271,positive,0.569951
D:\biztech\preprocessed_images\person_197\img_03.jpg,D:\biztech\preprocessed_images\person_197\img_05.jpg,1,person_197,person_197,positive,0.788543
D:\biztech\preprocessed_images\person_389\img_01.jpg,D:\biztech\preprocessed_images\person_225\img_04.jpg,0,person_389,person_225,negative,-0.106327
D:\biztech\preprocessed_images\person_439\img_02.jpg,D:\biztech\preprocessed_images\person_465\img_04.jpg,0,person_439,person_465,negative,0.110129
D:\biztech\preprocessed_images\person_082\img_02.jpg,D:\biztech\preprocessed_images\person_082\img_14.jpg,1,person_082,person_082,positive,0.656420
D:\biztech\preprocessed_images\person_058\img_08.jpg,D:\biztech\preprocessed_images\person_167\img_03.jpg,0,person_058,person_167,negative,0.063865
D:\biztech\preprocessed_images\person_235\img_04.jpg,D:\biztech\preprocessed_images\person_550\img_03.jpg,0,person_235,person_550,negative,0.199781
D:\biztech\preprocessed_images\person_028\img_09.jpg,D:\biztech\preprocessed_images\person_147\img_06.jpg,0,person_028,person_147,negative,-0.034333
D:\biztech\preprocessed_images\person_058\img_02.jpg,D:\biztech\preprocessed_images\person_058\img_07.jpg,1,person_058,person_058,positive,0.754613
D:\biztech\preprocessed_images\person_007\img_29.jpg,D:\biztech\preprocessed_images\person_007\img_51.jpg,1,person_007,person_007,positive,0.641494
D:\biztech\preprocessed_images\person_105\img_02.jpg,D:\biztech\preprocessed_images\person_105\img_08.jpg,1,person_105,person_105,positive,0.670372
D:\biztech\preprocessed_images\person_007\img_48.jpg,D:\biztech\preprocessed_images\person_007\img_59.jpg,1,person_007,person_007,positive,0.814412
D:\biztech\preprocessed_images\person_081\img_06.jpg,D:\biztech\preprocessed_images\person_081\img_17.jpg,1,person_081,person_081,positive,0.535759
D:\biztech\preprocessed_images\person_239\img_03.jpg,D:\biztech\preprocessed_images\person_239\img_05.jpg,1,person_239,person_239,positive,0.505209
D:\biztech\preprocessed_images\person_253\img_05.jpg,D:\biztech\preprocessed_images\person_253\img_07.jpg,1,person_253,person_253,positive,0.703501
D:\biztech\preprocessed_images\person_229\img_06.jpg,D:\biztech\preprocessed_images\person_601\img_02.jpg,0,person_229,person_601,negative,-0.056253
D:\biztech\preprocessed_images\person_411\img_02.jpg,D:\biztech\preprocessed_images\person_164\img_08.jpg,0,person_411,person_164,negative,0.094584
D:\biztech\preprocessed_images\person_596\img_03.jpg,D:\biztech\preprocessed_images\person_104\img_08.jpg,0,person_596,person_104,negative,0.214269
D:\biztech\preprocessed_images\person_147\img_01.jpg,D:\biztech\preprocessed_images\person_147\img_07.jpg,1,person_147,person_147,positive,0.612659
D:\biztech\preprocessed_images\person_045\img_19.jpg,D:\biztech\preprocessed_images\person_045\img_24.jpg,1,person_045,person_045,positive,0.748058
D:\biztech\preprocessed_images\person_026\img_12.jpg,D:\biztech\preprocessed_images\person_026\img_28.jpg,1,person_026,person_026,positive,0.679832
D:\biztech\preprocessed_images\person_518\img_04.jpg,D:\biztech\preprocessed_images\person_371\img_02.jpg,0,person_518,person_371,negative,-0.403731
D:\biztech\preprocessed_images\person_007\img_13.jpg,D:\biztech\preprocessed_images\person_007\img_37.jpg,1,person_007,person_007,positive,0.731299
D:\biztech\preprocessed_images\person_460\img_01.jpg,D:\biztech\preprocessed_images\person_460\img_03.jpg,1,person_460,person_460,positive,0.921949
D:\biztech\preprocessed_images\person_229\img_07.jpg,D:\biztech\preprocessed_images\person_115\img_02.jpg,0,person_229,person_115,negative,0.010743
D:\biztech\preprocessed_images\person_104\img_03.jpg,D:\biztech\preprocessed_images\person_104\img_10.jpg,1,person_104,person_104,positive,0.251331
D:\biztech\preprocessed_images\person_074\img_08.jpg,D:\biztech\preprocessed_images\person_576\img_04.jpg,0,person_074,person_576,negative,0.312193
D:\biztech\preprocessed_images\person_323\img_04.jpg,D:\biztech\preprocessed_images\person_234\img_01.jpg,0,person_323,person_234,negative,-0.338118
D:\biztech\preprocessed_images\person_074\img_07.jpg,D:\biztech\preprocessed_images\person_582\img_03.jpg,0,person_074,person_582,negative,0.124662
D:\biztech\preprocessed_images\person_115\img_04.jpg,D:\biztech\preprocessed_images\person_274\img_04.jpg,0,person_115,person_274,negative,-0.040948
D:\biztech\preprocessed_images\person_371\img_04.jpg,D:\biztech\preprocessed_images\person_235\img_06.jpg,0,person_371,person_235,negative,-0.179673
D:\biztech\preprocessed_images\person_028\img_30.jpg,D:\biztech\preprocessed_images\person_345\img_03.jpg,0,person_028,person_345,negative,-0.236680
D:\biztech\preprocessed_images\person_072\img_03.jpg,D:\biztech\preprocessed_images\person_072\img_13.jpg,1,person_072,person_072,positive,0.399781
D:\biztech\preprocessed_images\person_371\img_02.jpg,D:\biztech\preprocessed_images\person_371\img_03.jpg,1,person_371,person_371,positive,0.676859
D:\biztech\preprocessed_images\person_045\img_01.jpg,D:\biztech\preprocessed_images\person_045\img_17.jpg,1,person_045,person_045,positive,0.605101
D:\biztech\preprocessed_images\person_082\img_13.jpg,D:\biztech\preprocessed_images\person_082\img_16.jpg,1,person_082,person_082,positive,0.789213
D:\biztech\preprocessed_images\person_217\img_02.jpg,D:\biztech\preprocessed_images\person_474\img_02.jpg,0,person_217,person_474,negative,-0.287866
D:\biztech\preprocessed_images\person_164\img_01.jpg,D:\biztech\preprocessed_images\person_164\img_02.jpg,1,person_164,person_164,positive,0.497691
D:\biztech\preprocessed_images\person_100\img_09.jpg,D:\biztech\preprocessed_images\person_411\img_01.jpg,0,person_100,person_411,negative,-0.176429
D:\biztech\preprocessed_images\person_345\img_02.jpg,D:\biztech\preprocessed_images\person_430\img_01.jpg,0,person_345,person_430,negative,-0.117131
D:\biztech\preprocessed_images\person_324\img_03.jpg,D:\biztech\preprocessed_images\person_081\img_12.jpg,0,person_324,person_081,negative,0.363921
D:\biztech\preprocessed_images\person_582\img_02.jpg,D:\biztech\preprocessed_images\person_095\img_02.jpg,0,person_582,person_095,negative,-0.215777
D:\biztech\preprocessed_images\person_068\img_04.jpg,D:\biztech\preprocessed_images\person_068\img_17.jpg,1,person_068,person_068,positive,0.745478
D:\biztech\preprocessed_images\person_047\img_08.jpg,D:\biztech\preprocessed_images\person_047\img_13.jpg,1,person_047,person_047,positive,0.668083
D:\biztech\preprocessed_images\person_226\img_01.jpg,D:\biztech\preprocessed_images\person_226\img_03.jpg,1,person_226,person_226,positive,0.682854
D:\biztech\preprocessed_images\person_143\img_06.jpg,D:\biztech\preprocessed_images\person_143\img_08.jpg,1,person_143,person_143,positive,0.911318
D:\biztech\preprocessed_images\person_104\img_09.jpg,D:\biztech\preprocessed_images\person_104\img_10.jpg,1,person_104,person_104,positive,0.486851
D:\biztech\preprocessed_images\person_229\img_01.jpg,D:\biztech\preprocessed_images\person_229\img_03.jpg,1,person_229,person_229,positive,0.682317
D:\biztech\preprocessed_images\person_274\img_05.jpg,D:\biztech\preprocessed_images\person_204\img_02.jpg,0,person_274,person_204,negative,0.065947
D:\biztech\preprocessed_images\person_031\img_03.jpg,D:\biztech\preprocessed_images\person_031\img_11.jpg,1,person_031,person_031,positive,0.633374
D:\biztech\preprocessed_images\person_389\img_01.jpg,D:\biztech\preprocessed_images\person_389\img_03.jpg,1,person_389,person_389,positive,0.631557
D:\biztech\preprocessed_images\person_031\img_02.jpg,D:\biztech\preprocessed_images\person_031\img_31.jpg,1,person_031,person_031,positive,-0.117956
D:\biztech\preprocessed_images\person_095\img_03.jpg,D:\biztech\preprocessed_images\person_095\img_08.jpg,1,person_095,person_095,positive,0.882596
D:\biztech\preprocessed_images\person_095\img_08.jpg,D:\biztech\preprocessed_images\person_095\img_11.jpg,1,person_095,person_095,positive,0.683178
D:\biztech\preprocessed_images\person_160\img_01.jpg,D:\biztech\preprocessed_images\person_160\img_08.jpg,1,person_160,person_160,positive,0.554647
D:\biztech\preprocessed_images\person_072\img_07.jpg,D:\biztech\preprocessed_images\person_072\img_10.jpg,1,person_072,person_072,positive,0.689792
D:\biztech\preprocessed_images\person_104\img_08.jpg,D:\biztech\preprocessed_images\person_104\img_10.jpg,1,person_104,person_104,positive,0.633999
D:\biztech\preprocessed_images\person_204\img_01.jpg,D:\biztech\preprocessed_images\person_274\img_01.jpg,0,person_204,person_274,negative,0.542064
D:\biztech\preprocessed_images\person_168\img_03.jpg,D:\biztech\preprocessed_images\person_168\img_05.jpg,1,person_168,person_168,positive,0.288122
D:\biztech\preprocessed_images\person_575\img_04.jpg,D:\biztech\preprocessed_images\person_275\img_06.jpg,0,person_575,person_275,negative,0.200641
D:\biztech\preprocessed_images\person_045\img_19.jpg,D:\biztech\preprocessed_images\person_045\img_23.jpg,1,person_045,person_045,positive,0.414849
D:\biztech\preprocessed_images\person_270\img_01.jpg,D:\biztech\preprocessed_images\person_270\img_06.jpg,1,person_270,person_270,positive,0.413608
D:\biztech\preprocessed_images\person_217\img_04.jpg,D:\biztech\preprocessed_images\person_217\img_06.jpg,1,person_217,person_217,positive,0.790454
D:\biztech\preprocessed_images\person_380\img_05.jpg,D:\biztech\preprocessed_images\person_406\img_03.jpg,0,person_380,person_406,negative,-0.036087
D:\biztech\preprocessed_images\person_215\img_05.jpg,D:\biztech\preprocessed_images\person_274\img_01.jpg,0,person_215,person_274,negative,-0.285735
D:\biztech\preprocessed_images\person_596\img_01.jpg,D:\biztech\preprocessed_images\person_204\img_08.jpg,0,person_596,person_204,negative,-0.059388
D:\biztech\preprocessed_images\person_115\img_05.jpg,D:\biztech\preprocessed_images\person_215\img_03.jpg,0,person_115,person_215,negative,0.014333
D:\biztech\preprocessed_images\person_389\img_03.jpg,D:\biztech\preprocessed_images\person_471\img_02.jpg,0,person_389,person_471,negative,-0.155947
D:\biztech\preprocessed_images\person_105\img_01.jpg,D:\biztech\preprocessed_images\person_028\img_15.jpg,0,person_105,person_028,negative,-0.079266
D:\biztech\preprocessed_images\person_221\img_02.jpg,D:\biztech\preprocessed_images\person_596\img_02.jpg,0,person_221,person_596,negative,-0.087403
D:\biztech\preprocessed_images\person_229\img_03.jpg,D:\biztech\preprocessed_images\person_229\img_04.jpg,1,person_229,person_229,positive,0.889808
D:\biztech\preprocessed_images\person_371\img_01.jpg,D:\biztech\preprocessed_images\person_371\img_04.jpg,1,person_371,person_371,positive,0.577771
D:\biztech\preprocessed_images\person_168\img_02.jpg,D:\biztech\preprocessed_images\person_168\img_04.jpg,1,person_168,person_168,positive,0.794955
D:\biztech\preprocessed_images\person_031\img_07.jpg,D:\biztech\preprocessed_images\person_559\img_03.jpg,0,person_031,person_559,negative,-0.120538
D:\biztech\preprocessed_images\person_026\img_13.jpg,D:\biztech\preprocessed_images\person_026\img_24.jpg,1,person_026,person_026,positive,0.377268
D:\biztech\preprocessed_images\person_575\img_03.jpg,D:\biztech\preprocessed_images\person_368\img_03.jpg,0,person_575,person_368,negative,0.057860
D:\biztech\preprocessed_images\person_128\img_03.jpg,D:\biztech\preprocessed_images\person_128\img_10.jpg,1,person_128,person_128,positive,0.704012
D:\biztech\preprocessed_images\person_225\img_03.jpg,D:\biztech\preprocessed_images\person_225\img_06.jpg,1,person_225,person_225,positive,0.242508
D:\biztech\preprocessed_images\person_470\img_01.jpg,D:\biztech\preprocessed_images\person_226\img_01.jpg,0,person_470,person_226,negative,-0.160058
D:\biztech\preprocessed_images\person_095\img_04.jpg,D:\biztech\preprocessed_images\person_095\img_12.jpg,1,person_095,person_095,positive,0.382301
D:\biztech\preprocessed_images\person_028\img_05.jpg,D:\biztech\preprocessed_images\person_028\img_27.jpg,1,person_028,person_028,positive,0.836016
D:\biztech\preprocessed_images\person_274\img_03.jpg,D:\biztech\preprocessed_images\person_411\img_04.jpg,0,person_274,person_411,negative,-0.093393
D:\biztech\preprocessed_images\person_285\img_01.jpg,D:\biztech\preprocessed_images\person_007\img_44.jpg,0,person_285,person_007,negative,0.148332
D:\biztech\preprocessed_images\person_324\img_01.jpg,D:\biztech\preprocessed_images\person_167\img_02.jpg,0,person_324,person_167,negative,-0.357343
D:\biztech\preprocessed_images\person_168\img_04.jpg,D:\biztech\preprocessed_images\person_168\img_06.jpg,1,person_168,person_168,positive,0.850753
D:\biztech\preprocessed_images\person_007\img_59.jpg,D:\biztech\preprocessed_images\person_007\img_63.jpg,1,person_007,person_007,positive,0.606190
D:\biztech\preprocessed_images\person_324\img_01.jpg,D:\biztech\preprocessed_images\person_007\img_47.jpg,0,person_324,person_007,negative,-0.095537
D:\biztech\preprocessed_images\person_559\img_01.jpg,D:\biztech\preprocessed_images\person_559\img_02.jpg,1,person_559,person_559,positive,0.930803
D:\biztech\preprocessed_images\person_028\img_09.jpg,D:\biztech\preprocessed_images\person_028\img_29.jpg,1,person_028,person_028,positive,0.851139
D:\biztech\preprocessed_images\person_045\img_14.jpg,D:\biztech\preprocessed_images\person_045\img_21.jpg,1,person_045,person_045,positive,0.597398
D:\biztech\preprocessed_images\person_605\img_02.jpg,D:\biztech\preprocessed_images\person_411\img_03.jpg,0,person_605,person_411,negative,0.237127
D:\biztech\preprocessed_images\person_105\img_03.jpg,D:\biztech\preprocessed_images\person_105\img_06.jpg,1,person_105,person_105,positive,0.469719
D:\biztech\preprocessed_images\person_380\img_02.jpg,D:\biztech\preprocessed_images\person_380\img_05.jpg,1,person_380,person_380,positive,0.587332
D:\biztech\preprocessed_images\person_272\img_05.jpg,D:\biztech\preprocessed_images\person_251\img_01.jpg,0,person_272,person_251,negative,0.083981
D:\biztech\preprocessed_images\person_389\img_02.jpg,D:\biztech\preprocessed_images\person_389\img_05.jpg,1,person_389,person_389,positive,0.759043
D:\biztech\preprocessed_images\person_353\img_02.jpg,D:\biztech\preprocessed_images\person_353\img_03.jpg,1,person_353,person_353,positive,0.182119
D:\biztech\preprocessed_images\person_047\img_07.jpg,D:\biztech\preprocessed_images\person_047\img_20.jpg,1,person_047,person_047,positive,0.215999
D:\biztech\preprocessed_images\person_239\img_07.jpg,D:\biztech\preprocessed_images\person_204\img_07.jpg,0,person_239,person_204,negative,0.228591
D:\biztech\preprocessed_images\person_323\img_04.jpg,D:\biztech\preprocessed_images\person_596\img_04.jpg,0,person_323,person_596,negative,0.588973
D:\biztech\preprocessed_images\person_234\img_04.jpg,D:\biztech\preprocessed_images\person_234\img_06.jpg,1,person_234,person_234,positive,0.556953
D:\biztech\preprocessed_images\person_575\img_03.jpg,D:\biztech\preprocessed_images\person_603\img_03.jpg,0,person_575,person_603,negative,-0.126878
D:\biztech\preprocessed_images\person_128\img_01.jpg,D:\biztech\preprocessed_images\person_128\img_10.jpg,1,person_128,person_128,positive,0.787235
D:\biztech\preprocessed_images\person_229\img_04.jpg,D:\biztech\preprocessed_images\person_433\img_01.jpg,0,person_229,person_433,negative,0.030075
D:\biztech\preprocessed_images\person_058\img_07.jpg,D:\biztech\preprocessed_images\person_058\img_10.jpg,1,person_058,person_058,positive,0.546207
D:\biztech\preprocessed_images\person_128\img_01.jpg,D:\biztech\preprocessed_images\person_128\img_02.jpg,1,person_128,person_128,positive,0.529107
D:\biztech\preprocessed_images\person_575\img_02.jpg,D:\biztech\preprocessed_images\person_575\img_04.jpg,1,person_575,person_575,positive,0.496989
D:\biztech\preprocessed_images\person_465\img_03.jpg,D:\biztech\preprocessed_images\person_465\img_04.jpg,1,person_465,person_465,positive,0.708622
D:\biztech\preprocessed_images\person_224\img_05.jpg,D:\biztech\preprocessed_images\person_323\img_04.jpg,0,person_224,person_323,negative,-0.177978
D:\biztech\preprocessed_images\person_104\img_03.jpg,D:\biztech\preprocessed_images\person_104\img_11.jpg,1,person_104,person_104,positive,0.233383
D:\biztech\preprocessed_images\person_068\img_16.jpg,D:\biztech\preprocessed_images\person_028\img_24.jpg,0,person_068,person_028,negative,-0.179715
D:\biztech\preprocessed_images\person_072\img_06.jpg,D:\biztech\preprocessed_images\person_072\img_15.jpg,1,person_072,person_072,positive,0.520718
D:\biztech\preprocessed_images\person_147\img_02.jpg,D:\biztech\preprocessed_images\person_147\img_09.jpg,1,person_147,person_147,positive,0.532295
D:\biztech\preprocessed_images\person_368\img_03.jpg,D:\biztech\preprocessed_images\person_368\img_05.jpg,1,person_368,person_368,positive,0.748871
D:\biztech\preprocessed_images\person_221\img_03.jpg,D:\biztech\preprocessed_images\person_104\img_08.jpg,0,person_221,person_104,negative,-0.128976
D:\biztech\preprocessed_images\person_224\img_01.jpg,D:\biztech\preprocessed_images\person_224\img_04.jpg,1,person_224,person_224,positive,0.781875
D:\biztech\preprocessed_images\person_600\img_04.jpg,D:\biztech\preprocessed_images\person_601\img_02.jpg,0,person_600,person_601,negative,0.600024
D:\biztech\preprocessed_images\person_164\img_06.jpg,D:\biztech\preprocessed_images\person_164\img_09.jpg,1,person_164,person_164,positive,0.584354
D:\biztech\preprocessed_images\person_430\img_01.jpg,D:\biztech\preprocessed_images\person_224\img_04.jpg,0,person_430,person_224,negative,0.076708
D:\biztech\preprocessed_images\person_104\img_03.jpg,D:\biztech\preprocessed_images\person_225\img_06.jpg,0,person_104,person_225,negative,-0.161627
D:\biztech\preprocessed_images\person_028\img_06.jpg,D:\biztech\preprocessed_images\person_028\img_16.jpg,1,person_028,person_028,positive,0.843121
D:\biztech\preprocessed_images\person_353\img_03.jpg,D:\biztech\preprocessed_images\person_518\img_03.jpg,0,person_353,person_518,negative,0.154368
D:\biztech\preprocessed_images\person_324\img_03.jpg,D:\biztech\preprocessed_images\person_072\img_16.jpg,0,person_324,person_072,negative,0.070781
D:\biztech\preprocessed_images\person_100\img_09.jpg,D:\biztech\preprocessed_images\person_301\img_05.jpg,0,person_100,person_301,negative,0.136660
D:\biztech\preprocessed_images\person_582\img_03.jpg,D:\biztech\preprocessed_images\person_582\img_04.jpg,1,person_582,person_582,positive,0.785947
D:\biztech\preprocessed_images\person_271\img_02.jpg,D:\biztech\preprocessed_images\person_380\img_02.jpg,0,person_271,person_380,negative,0.055350
D:\biztech\preprocessed_images\person_225\img_05.jpg,D:\biztech\preprocessed_images\person_058\img_05.jpg,0,person_225,person_058,negative,-0.153898
D:\biztech\preprocessed_images\person_176\img_08.jpg,D:\biztech\preprocessed_images\person_380\img_01.jpg,0,person_176,person_380,negative,0.079147
D:\biztech\preprocessed_images\person_160\img_01.jpg,D:\biztech\preprocessed_images\person_160\img_05.jpg,1,person_160,person_160,positive,0.604370
D:\biztech\preprocessed_images\person_470\img_03.jpg,D:\biztech\preprocessed_images\person_518\img_03.jpg,0,person_470,person_518,negative,-0.267972
D:\biztech\preprocessed_images\person_559\img_04.jpg,D:\biztech\preprocessed_images\person_239\img_03.jpg,0,person_559,person_239,negative,0.176564
D:\biztech\preprocessed_images\person_095\img_02.jpg,D:\biztech\preprocessed_images\person_095\img_15.jpg,1,person_095,person_095,positive,0.732933
D:\biztech\preprocessed_images\person_176\img_04.jpg,D:\biztech\preprocessed_images\person_176\img_05.jpg,1,person_176,person_176,positive,0.557322
D:\biztech\preprocessed_images\person_143\img_11.jpg,D:\biztech\preprocessed_images\person_251\img_04.jpg,0,person_143,person_251,negative,0.319429
D:\biztech\preprocessed_images\person_235\img_06.jpg,D:\biztech\preprocessed_images\person_235\img_07.jpg,1,person_235,person_235,positive,0.763165
D:\biztech\preprocessed_images\person_100\img_02.jpg,D:\biztech\preprocessed_images\person_100\img_03.jpg,1,person_100,person_100,positive,0.609087
D:\biztech\preprocessed_images\person_104\img_04.jpg,D:\biztech\preprocessed_images\person_104\img_11.jpg,1,person_104,person_104,positive,0.654086
D:\biztech\preprocessed_images\person_550\img_01.jpg,D:\biztech\preprocessed_images\person_587\img_02.jpg,0,person_550,person_587,negative,0.375744
D:\biztech\preprocessed_images\person_026\img_31.jpg,D:\biztech\preprocessed_images\person_559\img_04.jpg,0,person_026,person_559,negative,-0.153369
D:\biztech\preprocessed_images\person_323\img_03.jpg,D:\biztech\preprocessed_images\person_323\img_05.jpg,1,person_323,person_323,positive,0.113660
D:\biztech\preprocessed_images\person_033\img_08.jpg,D:\biztech\preprocessed_images\person_033\img_20.jpg,1,person_033,person_033,positive,0.584668
D:\biztech\preprocessed_images\person_072\img_05.jpg,D:\biztech\preprocessed_images\person_072\img_09.jpg,1,person_072,person_072,positive,0.281967
D:\biztech\preprocessed_images\person_115\img_07.jpg,D:\biztech\preprocessed_images\person_596\img_02.jpg,0,person_115,person_596,negative,-0.141415
D:\biztech\preprocessed_images\person_277\img_04.jpg,D:\biztech\preprocessed_images\person_277\img_05.jpg,1,person_277,person_277,positive,0.403202
D:\biztech\preprocessed_images\person_271\img_02.jpg,D:\biztech\preprocessed_images\person_271\img_04.jpg,1,person_271,person_271,positive,0.385254
D:\biztech\preprocessed_images\person_095\img_03.jpg,D:\biztech\preprocessed_images\person_095\img_14.jpg,1,person_095,person_095,positive,0.718145
D:\biztech\preprocessed_images\person_072\img_09.jpg,D:\biztech\preprocessed_images\person_072\img_18.jpg,1,person_072,person_072,positive,0.287466
D:\biztech\preprocessed_images\person_272\img_05.jpg,D:\biztech\preprocessed_images\person_251\img_04.jpg,0,person_272,person_251,negative,0.174859
D:\biztech\preprocessed_images\person_301\img_02.jpg,D:\biztech\preprocessed_images\person_301\img_05.jpg,1,person_301,person_301,positive,0.711836
D:\biztech\preprocessed_images\person_234\img_03.jpg,D:\biztech\preprocessed_images\person_234\img_06.jpg,1,person_234,person_234,positive,0.464500
D:\biztech\preprocessed_images\person_271\img_02.jpg,D:\biztech\preprocessed_images\person_074\img_16.jpg,0,person_271,person_074,negative,0.015643
D:\biztech\preprocessed_images\person_406\img_01.jpg,D:\biztech\preprocessed_images\person_406\img_05.jpg,1,person_406,person_406,positive,0.738560
D:\biztech\preprocessed_images\person_026\img_28.jpg,D:\biztech\preprocessed_images\person_007\img_19.jpg,0,person_026,person_007,negative,0.217517
D:\biztech\preprocessed_images\person_028\img_10.jpg,D:\biztech\preprocessed_images\person_559\img_01.jpg,0,person_028,person_559,negative,-0.311419
D:\biztech\preprocessed_images\person_285\img_02.jpg,D:\biztech\preprocessed_images\person_550\img_04.jpg,0,person_285,person_550,negative,-0.259289
D:\biztech\preprocessed_images\person_095\img_11.jpg,D:\biztech\preprocessed_images\person_095\img_13.jpg,1,person_095,person_095,positive,0.528369
D:\biztech\preprocessed_images\person_253\img_02.jpg,D:\biztech\preprocessed_images\person_224\img_01.jpg,0,person_253,person_224,negative,0.019073
D:\biztech\preprocessed_images\person_007\img_28.jpg,D:\biztech\preprocessed_images\person_007\img_31.jpg,1,person_007,person_007,positive,0.571540
D:\biztech\preprocessed_images\person_600\img_01.jpg,D:\biztech\preprocessed_images\person_234\img_07.jpg,0,person_600,person_234,negative,0.518791
D:\biztech\preprocessed_images\person_028\img_04.jpg,D:\biztech\preprocessed_images\person_028\img_29.jpg,1,person_028,person_028,positive,0.934988
D:\biztech\preprocessed_images\person_028\img_17.jpg,D:\biztech\preprocessed_images\person_028\img_31.jpg,1,person_028,person_028,positive,0.864534
D:\biztech\preprocessed_images\person_607\img_04.jpg,D:\biztech\preprocessed_images\person_301\img_02.jpg,0,person_607,person_301,negative,-0.411515
D:\biztech\preprocessed_images\person_204\img_05.jpg,D:\biztech\preprocessed_images\person_204\img_07.jpg,1,person_204,person_204,positive,0.753493
D:\biztech\preprocessed_images\person_215\img_01.jpg,D:\biztech\preprocessed_images\person_215\img_05.jpg,1,person_215,person_215,positive,0.664013
D:\biztech\preprocessed_images\person_600\img_03.jpg,D:\biztech\preprocessed_images\person_559\img_01.jpg,0,person_600,person_559,negative,0.026420
D:\biztech\preprocessed_images\person_251\img_05.jpg,D:\biztech\preprocessed_images\person_297\img_03.jpg,0,person_251,person_297,negative,0.305802
D:\biztech\preprocessed_images\person_090\img_04.jpg,D:\biztech\preprocessed_images\person_090\img_12.jpg,1,person_090,person_090,positive,0.668836
D:\biztech\preprocessed_images\person_433\img_01.jpg,D:\biztech\preprocessed_images\person_045\img_09.jpg,0,person_433,person_045,negative,-0.195096
D:\biztech\preprocessed_images\person_028\img_12.jpg,D:\biztech\preprocessed_images\person_028\img_17.jpg,1,person_028,person_028,positive,0.909035
D:\biztech\preprocessed_images\person_028\img_04.jpg,D:\biztech\preprocessed_images\person_028\img_25.jpg,1,person_028,person_028,positive,0.903726
D:\biztech\preprocessed_images\person_271\img_03.jpg,D:\biztech\preprocessed_images\person_033\img_02.jpg,0,person_271,person_033,negative,-0.042375
D:\biztech\preprocessed_images\person_297\img_01.jpg,D:\biztech\preprocessed_images\person_251\img_07.jpg,0,person_297,person_251,negative,-0.002380
D:\biztech\preprocessed_images\person_225\img_01.jpg,D:\biztech\preprocessed_images\person_225\img_07.jpg,1,person_225,person_225,positive,0.541289
D:\biztech\preprocessed_images\person_226\img_01.jpg,D:\biztech\preprocessed_images\person_388\img_02.jpg,0,person_226,person_388,negative,-0.045395
D:\biztech\preprocessed_images\person_226\img_02.jpg,D:\biztech\preprocessed_images\person_226\img_07.jpg,1,person_226,person_226,positive,0.698744
D:\biztech\preprocessed_images\person_160\img_04.jpg,D:\biztech\preprocessed_images\person_160\img_07.jpg,1,person_160,person_160,positive,0.591952
D:\biztech\preprocessed_images\person_575\img_03.jpg,D:\biztech\preprocessed_images\person_575\img_04.jpg,1,person_575,person_575,positive,0.650212
D:\biztech\preprocessed_images\person_368\img_03.jpg,D:\biztech\preprocessed_images\person_587\img_01.jpg,0,person_368,person_587,negative,0.192917
D:\biztech\preprocessed_images\person_104\img_09.jpg,D:\biztech\preprocessed_images\person_104\img_13.jpg,1,person_104,person_104,positive,0.636510
D:\biztech\preprocessed_images\person_217\img_01.jpg,D:\biztech\preprocessed_images\person_217\img_03.jpg,1,person_217,person_217,positive,0.839493
D:\biztech\preprocessed_images\person_460\img_01.jpg,D:\biztech\preprocessed_images\person_433\img_03.jpg,0,person_460,person_433,negative,0.162205
D:\biztech\preprocessed_images\person_364\img_01.jpg,D:\biztech\preprocessed_images\person_364\img_03.jpg,1,person_364,person_364,positive,0.647272
D:\biztech\preprocessed_images\person_251\img_01.jpg,D:\biztech\preprocessed_images\person_251\img_07.jpg,1,person_251,person_251,positive,0.719342
D:\biztech\preprocessed_images\person_164\img_04.jpg,D:\biztech\preprocessed_images\person_164\img_07.jpg,1,person_164,person_164,positive,0.624467
D:\biztech\preprocessed_images\person_380\img_02.jpg,D:\biztech\preprocessed_images\person_164\img_07.jpg,0,person_380,person_164,negative,-0.019138
D:\biztech\preprocessed_images\person_033\img_20.jpg,D:\biztech\preprocessed_images\person_411\img_04.jpg,0,person_033,person_411,negative,0.142769
D:\biztech\preprocessed_images\person_272\img_04.jpg,D:\biztech\preprocessed_images\person_104\img_13.jpg,0,person_272,person_104,negative,0.130223
D:\biztech\preprocessed_images\person_465\img_01.jpg,D:\biztech\preprocessed_images\person_221\img_03.jpg,0,person_465,person_221,negative,0.176837
D:\biztech\preprocessed_images\person_353\img_01.jpg,D:\biztech\preprocessed_images\person_058\img_10.jpg,0,person_353,person_058,negative,-0.191761
D:\biztech\preprocessed_images\person_470\img_03.jpg,D:\biztech\preprocessed_images\person_272\img_02.jpg,0,person_470,person_272,negative,-0.246440
D:\biztech\preprocessed_images\person_518\img_02.jpg,D:\biztech\preprocessed_images\person_251\img_01.jpg,0,person_518,person_251,negative,0.110625
D:\biztech\preprocessed_images\person_143\img_01.jpg,D:\biztech\preprocessed_images\person_143\img_11.jpg,1,person_143,person_143,positive,0.658024
D:\biztech\preprocessed_images\person_197\img_03.jpg,D:\biztech\preprocessed_images\person_197\img_06.jpg,1,person_197,person_197,positive,0.542017
D:\biztech\preprocessed_images\person_229\img_06.jpg,D:\biztech\preprocessed_images\person_282\img_02.jpg,0,person_229,person_282,negative,-0.200450
D:\biztech\preprocessed_images\person_301\img_01.jpg,D:\biztech\preprocessed_images\person_301\img_05.jpg,1,person_301,person_301,positive,0.773971
D:\biztech\preprocessed_images\person_217\img_03.jpg,D:\biztech\preprocessed_images\person_275\img_06.jpg,0,person_217,person_275,negative,-0.218106
D:\biztech\preprocessed_images\person_081\img_02.jpg,D:\biztech\preprocessed_images\person_081\img_05.jpg,1,person_081,person_081,positive,0.537114
D:\biztech\preprocessed_images\person_323\img_04.jpg,D:\biztech\preprocessed_images\person_323\img_05.jpg,1,person_323,person_323,positive,0.652739
D:\biztech\preprocessed_images\person_115\img_02.jpg,D:\biztech\preprocessed_images\person_115\img_10.jpg,1,person_115,person_115,positive,0.285080
D:\biztech\preprocessed_images\person_221\img_01.jpg,D:\biztech\preprocessed_images\person_221\img_02.jpg,1,person_221,person_221,positive,0.607406
D:\biztech\preprocessed_images\person_271\img_02.jpg,D:\biztech\preprocessed_images\person_143\img_01.jpg,0,person_271,person_143,negative,0.168002
D:\biztech\preprocessed_images\person_115\img_04.jpg,D:\biztech\preprocessed_images\person_115\img_08.jpg,1,person_115,person_115,positive,0.188225
D:\biztech\preprocessed_images\person_388\img_04.jpg,D:\biztech\preprocessed_images\person_104\img_02.jpg,0,person_388,person_104,negative,-0.367067
D:\biztech\preprocessed_images\person_282\img_06.jpg,D:\biztech\preprocessed_images\person_100\img_13.jpg,0,person_282,person_100,negative,0.172320
D:\biztech\preprocessed_images\person_167\img_06.jpg,D:\biztech\preprocessed_images\person_167\img_08.jpg,1,person_167,person_167,positive,0.430364
D:\biztech\preprocessed_images\person_433\img_02.jpg,D:\biztech\preprocessed_images\person_229\img_04.jpg,0,person_433,person_229,negative,0.360934
D:\biztech\preprocessed_images\person_100\img_08.jpg,D:\biztech\preprocessed_images\person_100\img_11.jpg,1,person_100,person_100,positive,0.351945
D:\biztech\preprocessed_images\person_603\img_04.jpg,D:\biztech\preprocessed_images\person_045\img_03.jpg,0,person_603,person_045,negative,-0.260899
D:\biztech\preprocessed_images\person_047\img_04.jpg,D:\biztech\preprocessed_images\person_047\img_23.jpg,1,person_047,person_047,positive,0.661514
D:\biztech\preprocessed_images\person_090\img_08.jpg,D:\biztech\preprocessed_images\person_090\img_13.jpg,1,person_090,person_090,positive,0.604193
D:\biztech\preprocessed_images\person_251\img_02.jpg,D:\biztech\preprocessed_images\person_251\img_04.jpg,1,person_251,person_251,positive,0.325126
D:\biztech\preprocessed_images\person_058\img_15.jpg,D:\biztech\preprocessed_images\person_603\img_03.jpg,0,person_058,person_603,negative,-0.271791
D:\biztech\preprocessed_images\person_353\img_01.jpg,D:\biztech\preprocessed_images\person_282\img_04.jpg,0,person_353,person_282,negative,-0.165165
D:\biztech\preprocessed_images\person_100\img_04.jpg,D:\biztech\preprocessed_images\person_100\img_10.jpg,1,person_100,person_100,positive,0.861695
D:\biztech\preprocessed_images\person_596\img_02.jpg,D:\biztech\preprocessed_images\person_596\img_04.jpg,1,person_596,person_596,positive,0.830555
D:\biztech\preprocessed_images\person_033\img_19.jpg,D:\biztech\preprocessed_images\person_033\img_22.jpg,1,person_033,person_033,positive,0.610231
D:\biztech\preprocessed_images\person_251\img_01.jpg,D:\biztech\preprocessed_images\person_251\img_02.jpg,1,person_251,person_251,positive,0.530747
D:\biztech\preprocessed_images\person_007\img_13.jpg,D:\biztech\preprocessed_images\person_007\img_44.jpg,1,person_007,person_007,positive,0.701543
D:\biztech\preprocessed_images\person_047\img_05.jpg,D:\biztech\preprocessed_images\person_047\img_21.jpg,1,person_047,person_047,positive,0.642730
D:\biztech\preprocessed_images\person_167\img_01.jpg,D:\biztech\preprocessed_images\person_167\img_05.jpg,1,person_167,person_167,positive,0.733153
D:\biztech\preprocessed_images\person_285\img_04.jpg,D:\biztech\preprocessed_images\person_271\img_06.jpg,0,person_285,person_271,negative,-0.066887
D:\biztech\preprocessed_images\person_225\img_01.jpg,D:\biztech\preprocessed_images\person_225\img_03.jpg,1,person_225,person_225,positive,0.831161
D:\biztech\preprocessed_images\person_285\img_02.jpg,D:\biztech\preprocessed_images\person_285\img_04.jpg,1,person_285,person_285,positive,0.438074
D:\biztech\preprocessed_images\person_081\img_15.jpg,D:\biztech\preprocessed_images\person_031\img_23.jpg,0,person_081,person_031,negative,0.033213
D:\biztech\preprocessed_images\person_388\img_02.jpg,D:\biztech\preprocessed_images\person_081\img_01.jpg,0,person_388,person_081,negative,-0.066215
D:\biztech\preprocessed_images\person_406\img_01.jpg,D:\biztech\preprocessed_images\person_406\img_02.jpg,1,person_406,person_406,positive,0.616864
D:\biztech\preprocessed_images\person_007\img_24.jpg,D:\biztech\preprocessed_images\person_204\img_07.jpg,0,person_007,person_204,negative,-0.003530
D:\biztech\preprocessed_images\person_176\img_03.jpg,D:\biztech\preprocessed_images\person_176\img_06.jpg,1,person_176,person_176,positive,0.894321
D:\biztech\preprocessed_images\person_197\img_05.jpg,D:\biztech\preprocessed_images\person_197\img_08.jpg,1,person_197,person_197,positive,0.230362
D:\biztech\preprocessed_images\person_301\img_05.jpg,D:\biztech\preprocessed_images\person_272\img_02.jpg,0,person_301,person_272,negative,-0.192176
D:\biztech\preprocessed_images\person_090\img_12.jpg,D:\biztech\preprocessed_images\person_090\img_14.jpg,1,person_090,person_090,positive,0.533345
D:\biztech\preprocessed_images\person_058\img_04.jpg,D:\biztech\preprocessed_images\person_058\img_05.jpg,1,person_058,person_058,positive,0.133168
D:\biztech\preprocessed_images\person_072\img_03.jpg,D:\biztech\preprocessed_images\person_072\img_14.jpg,1,person_072,person_072,positive,0.273161
D:\biztech\preprocessed_images\person_474\img_03.jpg,D:\biztech\preprocessed_images\person_474\img_04.jpg,1,person_474,person_474,positive,0.662278
D:\biztech\preprocessed_images\person_128\img_10.jpg,D:\biztech\preprocessed_images\person_234\img_01.jpg,0,person_128,person_234,negative,-0.101418
D:\biztech\preprocessed_images\person_239\img_07.jpg,D:\biztech\preprocessed_images\person_074\img_12.jpg,0,person_239,person_074,negative,-0.023870
D:\biztech\preprocessed_images\person_115\img_05.jpg,D:\biztech\preprocessed_images\person_115\img_08.jpg,1,person_115,person_115,positive,0.734842
D:\biztech\preprocessed_images\person_596\img_04.jpg,D:\biztech\preprocessed_images\person_471\img_02.jpg,0,person_596,person_471,negative,-0.077407
D:\biztech\preprocessed_images\person_559\img_03.jpg,D:\biztech\preprocessed_images\person_582\img_01.jpg,0,person_559,person_582,negative,0.461197
D:\biztech\preprocessed_images\person_271\img_02.jpg,D:\biztech\preprocessed_images\person_217\img_05.jpg,0,person_271,person_217,negative,0.162687
D:\biztech\preprocessed_images\person_465\img_04.jpg,D:\biztech\preprocessed_images\person_576\img_04.jpg,0,person_465,person_576,negative,-0.287687
D:\biztech\preprocessed_images\person_047\img_14.jpg,D:\biztech\preprocessed_images\person_115\img_02.jpg,0,person_047,person_115,negative,-0.246349
D:\biztech\preprocessed_images\person_033\img_09.jpg,D:\biztech\preprocessed_images\person_033\img_29.jpg,1,person_033,person_033,positive,0.694841
D:\biztech\preprocessed_images\person_353\img_01.jpg,D:\biztech\preprocessed_images\person_353\img_03.jpg,1,person_353,person_353,positive,0.504964
D:\biztech\preprocessed_images\person_234\img_03.jpg,D:\biztech\preprocessed_images\person_234\img_07.jpg,1,person_234,person_234,positive,0.805589
D:\biztech\preprocessed_images\person_068\img_03.jpg,D:\biztech\preprocessed_images\person_470\img_04.jpg,0,person_068,person_470,negative,-0.060302
D:\biztech\preprocessed_images\person_226\img_04.jpg,D:\biztech\preprocessed_images\person_234\img_06.jpg,0,person_226,person_234,negative,-0.047918
D:\biztech\preprocessed_images\person_275\img_01.jpg,D:\biztech\preprocessed_images\person_275\img_04.jpg,1,person_275,person_275,positive,0.579589
D:\biztech\preprocessed_images\person_031\img_28.jpg,D:\biztech\preprocessed_images\person_388\img_01.jpg,0,person_031,person_388,negative,0.389824
D:\biztech\preprocessed_images\person_389\img_02.jpg,D:\biztech\preprocessed_images\person_389\img_03.jpg,1,person_389,person_389,positive,0.727967
D:\biztech\preprocessed_images\person_582\img_03.jpg,D:\biztech\preprocessed_images\person_235\img_07.jpg,0,person_582,person_235,negative,-0.251234
D:\biztech\preprocessed_images\person_082\img_02.jpg,D:\biztech\preprocessed_images\person_082\img_11.jpg,1,person_082,person_082,positive,0.921965
D:\biztech\preprocessed_images\person_371\img_01.jpg,D:\biztech\preprocessed_images\person_270\img_04.jpg,0,person_371,person_270,negative,-0.125943
D:\biztech\preprocessed_images\person_176\img_06.jpg,D:\biztech\preprocessed_images\person_253\img_05.jpg,0,person_176,person_253,negative,0.001248
D:\biztech\preprocessed_images\person_176\img_01.jpg,D:\biztech\preprocessed_images\person_430\img_01.jpg,0,person_176,person_430,negative,-0.124204
D:\biztech\preprocessed_images\person_596\img_01.jpg,D:\biztech\preprocessed_images\person_215\img_01.jpg,0,person_596,person_215,negative,0.110549
D:\biztech\preprocessed_images\person_081\img_06.jpg,D:\biztech\preprocessed_images\person_081\img_10.jpg,1,person_081,person_081,positive,0.799495
D:\biztech\preprocessed_images\person_217\img_01.jpg,D:\biztech\preprocessed_images\person_217\img_04.jpg,1,person_217,person_217,positive,0.750548
D:\biztech\preprocessed_images\person_168\img_06.jpg,D:\biztech\preprocessed_images\person_168\img_07.jpg,1,person_168,person_168,positive,0.798604
D:\biztech\preprocessed_images\person_081\img_02.jpg,D:\biztech\preprocessed_images\person_081\img_08.jpg,1,person_081,person_081,positive,0.603010
D:\biztech\preprocessed_images\person_603\img_01.jpg,D:\biztech\preprocessed_images\person_160\img_06.jpg,0,person_603,person_160,negative,0.173177
D:\biztech\preprocessed_images\person_215\img_01.jpg,D:\biztech\preprocessed_images\person_215\img_08.jpg,1,person_215,person_215,positive,0.539997
D:\biztech\preprocessed_images\person_033\img_15.jpg,D:\biztech\preprocessed_images\person_033\img_29.jpg,1,person_033,person_033,positive,0.246939
D:\biztech\preprocessed_images\person_272\img_01.jpg,D:\biztech\preprocessed_images\person_368\img_04.jpg,0,person_272,person_368,negative,-0.437759
D:\biztech\preprocessed_images\person_239\img_02.jpg,D:\biztech\preprocessed_images\person_390\img_05.jpg,0,person_239,person_390,negative,0.245187
D:\biztech\preprocessed_images\person_460\img_01.jpg,D:\biztech\preprocessed_images\person_460\img_02.jpg,1,person_460,person_460,positive,0.839092
D:\biztech\preprocessed_images\person_058\img_03.jpg,D:\biztech\preprocessed_images\person_031\img_04.jpg,0,person_058,person_031,negative,-0.015672
D:\biztech\preprocessed_images\person_096\img_02.jpg,D:\biztech\preprocessed_images\person_096\img_11.jpg,1,person_096,person_096,positive,0.836533
D:\biztech\preprocessed_images\person_601\img_02.jpg,D:\biztech\preprocessed_images\person_601\img_04.jpg,1,person_601,person_601,positive,0.371973
D:\biztech\preprocessed_images\person_081\img_07.jpg,D:\biztech\preprocessed_images\person_081\img_15.jpg,1,person_081,person_081,positive,0.537238
D:\biztech\preprocessed_images\person_197\img_08.jpg,D:\biztech\preprocessed_images\person_068\img_18.jpg,0,person_197,person_068,negative,-0.126910
D:\biztech\preprocessed_images\person_026\img_08.jpg,D:\biztech\preprocessed_images\person_465\img_02.jpg,0,person_026,person_465,negative,-0.161776
D:\biztech\preprocessed_images\person_390\img_03.jpg,D:\biztech\preprocessed_images\person_380\img_05.jpg,0,person_390,person_380,negative,-0.301046
D:\biztech\preprocessed_images\person_607\img_01.jpg,D:\biztech\preprocessed_images\person_368\img_03.jpg,0,person_607,person_368,negative,0.198223
D:\biztech\preprocessed_images\person_389\img_03.jpg,D:\biztech\preprocessed_images\person_128\img_03.jpg,0,person_389,person_128,negative,0.148891
D:\biztech\preprocessed_images\person_176\img_04.jpg,D:\biztech\preprocessed_images\person_217\img_07.jpg,0,person_176,person_217,negative,-0.220783
D:\biztech\preprocessed_images\person_275\img_04.jpg,D:\biztech\preprocessed_images\person_550\img_01.jpg,0,person_275,person_550,negative,-0.011569
D:\biztech\preprocessed_images\person_031\img_01.jpg,D:\biztech\preprocessed_images\person_518\img_01.jpg,0,person_031,person_518,negative,0.074090
D:\biztech\preprocessed_images\person_026\img_13.jpg,D:\biztech\preprocessed_images\person_323\img_02.jpg,0,person_026,person_323,negative,0.183822
D:\biztech\preprocessed_images\person_251\img_06.jpg,D:\biztech\preprocessed_images\person_251\img_07.jpg,1,person_251,person_251,positive,0.743656
D:\biztech\preprocessed_images\person_081\img_06.jpg,D:\biztech\preprocessed_images\person_081\img_09.jpg,1,person_081,person_081,positive,0.836644
D:\biztech\preprocessed_images\person_164\img_05.jpg,D:\biztech\preprocessed_images\person_164\img_06.jpg,1,person_164,person_164,positive,0.653417
D:\biztech\preprocessed_images\person_164\img_09.jpg,D:\biztech\preprocessed_images\person_224\img_03.jpg,0,person_164,person_224,negative,0.083616
D:\biztech\preprocessed_images\person_081\img_16.jpg,D:\biztech\preprocessed_images\person_439\img_02.jpg,0,person_081,person_439,negative,-0.154384
D:\biztech\preprocessed_images\person_105\img_04.jpg,D:\biztech\preprocessed_images\person_353\img_04.jpg,0,person_105,person_353,negative,0.102905
D:\biztech\preprocessed_images\person_104\img_03.jpg,D:\biztech\preprocessed_images\person_104\img_09.jpg,1,person_104,person_104,positive,0.073975
D:\biztech\preprocessed_images\person_115\img_09.jpg,D:\biztech\preprocessed_images\person_225\img_05.jpg,0,person_115,person_225,negative,-0.119199
D:\biztech\preprocessed_images\person_215\img_06.jpg,D:\biztech\preprocessed_images\person_047\img_08.jpg,0,person_215,person_047,negative,-0.175800
D:\biztech\preprocessed_images\person_218\img_01.jpg,D:\biztech\preprocessed_images\person_218\img_05.jpg,1,person_218,person_218,positive,0.499365
D:\biztech\preprocessed_images\person_512\img_02.jpg,D:\biztech\preprocessed_images\person_115\img_07.jpg,0,person_512,person_115,negative,-0.047981
D:\biztech\preprocessed_images\person_090\img_12.jpg,D:\biztech\preprocessed_images\person_090\img_13.jpg,1,person_090,person_090,positive,0.509667
D:\biztech\preprocessed_images\person_033\img_01.jpg,D:\biztech\preprocessed_images\person_234\img_06.jpg,0,person_033,person_234,negative,-0.075485
D:\biztech\preprocessed_images\person_353\img_01.jpg,D:\biztech\preprocessed_images\person_251\img_01.jpg,0,person_353,person_251,negative,0.218099
D:\biztech\preprocessed_images\person_095\img_01.jpg,D:\biztech\preprocessed_images\person_345\img_02.jpg,0,person_095,person_345,negative,-0.039858
D:\biztech\preprocessed_images\person_090\img_06.jpg,D:\biztech\preprocessed_images\person_090\img_13.jpg,1,person_090,person_090,positive,0.694182
D:\biztech\preprocessed_images\person_285\img_06.jpg,D:\biztech\preprocessed_images\person_605\img_04.jpg,0,person_285,person_605,negative,-0.016801
D:\biztech\preprocessed_images\person_082\img_02.jpg,D:\biztech\preprocessed_images\person_253\img_07.jpg,0,person_082,person_253,negative,-0.205334
D:\biztech\preprocessed_images\person_388\img_01.jpg,D:\biztech\preprocessed_images\person_090\img_02.jpg,0,person_388,person_090,negative,0.175205
D:\biztech\preprocessed_images\person_168\img_02.jpg,D:\biztech\preprocessed_images\person_168\img_06.jpg,1,person_168,person_168,positive,0.788336
D:\biztech\preprocessed_images\person_090\img_07.jpg,D:\biztech\preprocessed_images\person_090\img_13.jpg,1,person_090,person_090,positive,0.816613
D:\biztech\preprocessed_images\person_277\img_05.jpg,D:\biztech\preprocessed_images\person_277\img_06.jpg,1,person_277,person_277,positive,0.435116
D:\biztech\preprocessed_images\person_349\img_03.jpg,D:\biztech\preprocessed_images\person_218\img_06.jpg,0,person_349,person_218,negative,-0.197009
D:\biztech\preprocessed_images\person_128\img_02.jpg,D:\biztech\preprocessed_images\person_128\img_09.jpg,1,person_128,person_128,positive,0.676373
D:\biztech\preprocessed_images\person_167\img_09.jpg,D:\biztech\preprocessed_images\person_253\img_06.jpg,0,person_167,person_253,negative,0.430710
D:\biztech\preprocessed_images\person_100\img_07.jpg,D:\biztech\preprocessed_images\person_100\img_14.jpg,1,person_100,person_100,positive,0.465068
D:\biztech\preprocessed_images\person_028\img_17.jpg,D:\biztech\preprocessed_images\person_028\img_29.jpg,1,person_028,person_028,positive,0.842859
D:\biztech\preprocessed_images\person_465\img_01.jpg,D:\biztech\preprocessed_images\person_324\img_05.jpg,0,person_465,person_324,negative,-0.176584
D:\biztech\preprocessed_images\person_081\img_03.jpg,D:\biztech\preprocessed_images\person_081\img_14.jpg,1,person_081,person_081,positive,0.694424
D:\biztech\preprocessed_images\person_349\img_03.jpg,D:\biztech\preprocessed_images\person_168\img_07.jpg,0,person_349,person_168,negative,-0.029687
D:\biztech\preprocessed_images\person_439\img_01.jpg,D:\biztech\preprocessed_images\person_439\img_03.jpg,1,person_439,person_439,positive,0.825844
D:\biztech\preprocessed_images\person_274\img_03.jpg,D:\biztech\preprocessed_images\person_251\img_04.jpg,0,person_274,person_251,negative,-0.127700
D:\biztech\preprocessed_images\person_229\img_03.jpg,D:\biztech\preprocessed_images\person_229\img_05.jpg,1,person_229,person_229,positive,0.873662
D:\biztech\preprocessed_images\person_470\img_02.jpg,D:\biztech\preprocessed_images\person_470\img_03.jpg,1,person_470,person_470,positive,0.587191
D:\biztech\preprocessed_images\person_218\img_07.jpg,D:\biztech\preprocessed_images\person_559\img_04.jpg,0,person_218,person_559,negative,-0.131366
D:\biztech\preprocessed_images\person_297\img_02.jpg,D:\biztech\preprocessed_images\person_297\img_04.jpg,1,person_297,person_297,positive,0.748164
D:\biztech\preprocessed_images\person_364\img_01.jpg,D:\biztech\preprocessed_images\person_364\img_04.jpg,1,person_364,person_364,positive,0.377838
D:\biztech\preprocessed_images\person_068\img_18.jpg,D:\biztech\preprocessed_images\person_218\img_05.jpg,0,person_068,person_218,negative,-0.123753
D:\biztech\preprocessed_images\person_168\img_07.jpg,D:\biztech\preprocessed_images\person_353\img_02.jpg,0,person_168,person_353,negative,0.182485
D:\biztech\preprocessed_images\person_215\img_03.jpg,D:\biztech\preprocessed_images\person_215\img_07.jpg,1,person_215,person_215,positive,0.875770
D:\biztech\preprocessed_images\person_389\img_04.jpg,D:\biztech\preprocessed_images\person_272\img_06.jpg,0,person_389,person_272,negative,0.174337
D:\biztech\preprocessed_images\person_147\img_06.jpg,D:\biztech\preprocessed_images\person_147\img_10.jpg,1,person_147,person_147,positive,0.005356
D:\biztech\preprocessed_images\person_072\img_03.jpg,D:\biztech\preprocessed_images\person_072\img_07.jpg,1,person_072,person_072,positive,0.758655
D:\biztech\preprocessed_images\person_028\img_04.jpg,D:\biztech\preprocessed_images\person_028\img_13.jpg,1,person_028,person_028,positive,0.943145
D:\biztech\preprocessed_images\person_582\img_01.jpg,D:\biztech\preprocessed_images\person_582\img_04.jpg,1,person_582,person_582,positive,0.618042
D:\biztech\preprocessed_images\person_582\img_01.jpg,D:\biztech\preprocessed_images\person_168\img_09.jpg,0,person_582,person_168,negative,-0.216885
D:\biztech\preprocessed_images\person_096\img_14.jpg,D:\biztech\preprocessed_images\person_096\img_15.jpg,1,person_096,person_096,positive,0.846761
D:\biztech\preprocessed_images\person_239\img_07.jpg,D:\biztech\preprocessed_images\person_072\img_09.jpg,0,person_239,person_072,negative,-0.144382
D:\biztech\preprocessed_images\person_218\img_06.jpg,D:\biztech\preprocessed_images\person_218\img_07.jpg,1,person_218,person_218,positive,0.595410
D:\biztech\preprocessed_images\person_028\img_12.jpg,D:\biztech\preprocessed_images\person_028\img_18.jpg,1,person_028,person_028,positive,0.818705
D:\biztech\preprocessed_images\person_218\img_01.jpg,D:\biztech\preprocessed_images\person_218\img_02.jpg,1,person_218,person_218,positive,0.665100
D:\biztech\preprocessed_images\person_058\img_02.jpg,D:\biztech\preprocessed_images\person_058\img_19.jpg,1,person_058,person_058,positive,0.448978
D:\biztech\preprocessed_images\person_031\img_06.jpg,D:\biztech\preprocessed_images\person_031\img_14.jpg,1,person_031,person_031,positive,0.139032
D:\biztech\preprocessed_images\person_095\img_11.jpg,D:\biztech\preprocessed_images\person_168\img_06.jpg,0,person_095,person_168,negative,0.212835
D:\biztech\preprocessed_images\person_068\img_09.jpg,D:\biztech\preprocessed_images\person_068\img_14.jpg,1,person_068,person_068,positive,0.781992
D:\biztech\preprocessed_images\person_160\img_01.jpg,D:\biztech\preprocessed_images\person_160\img_02.jpg,1,person_160,person_160,positive,0.346080
D:\biztech\preprocessed_images\person_095\img_14.jpg,D:\biztech\preprocessed_images\person_559\img_04.jpg,0,person_095,person_559,negative,0.003174
D:\biztech\preprocessed_images\person_301\img_01.jpg,D:\biztech\preprocessed_images\person_301\img_03.jpg,1,person_301,person_301,positive,0.394524
D:\biztech\preprocessed_images\person_082\img_03.jpg,D:\biztech\preprocessed_images\person_082\img_14.jpg,1,person_082,person_082,positive,0.426302
D:\biztech\preprocessed_images\person_081\img_13.jpg,D:\biztech\preprocessed_images\person_603\img_01.jpg,0,person_081,person_603,negative,0.138685
D:\biztech\preprocessed_images\person_471\img_03.jpg,D:\biztech\preprocessed_images\person_234\img_07.jpg,0,person_471,person_234,negative,0.346642
D:\biztech\preprocessed_images\person_128\img_01.jpg,D:\biztech\preprocessed_images\person_128\img_08.jpg,1,person_128,person_128,positive,0.717892
D:\biztech\preprocessed_images\person_368\img_03.jpg,D:\biztech\preprocessed_images\person_217\img_07.jpg,0,person_368,person_217,negative,-0.047846
D:\biztech\preprocessed_images\person_074\img_09.jpg,D:\biztech\preprocessed_images\person_074\img_13.jpg,1,person_074,person_074,positive,0.808147
D:\biztech\preprocessed_images\person_353\img_04.jpg,D:\biztech\preprocessed_images\person_353\img_05.jpg,1,person_353,person_353,positive,0.271418
D:\biztech\preprocessed_images\person_439\img_02.jpg,D:\biztech\preprocessed_images\person_045\img_01.jpg,0,person_439,person_045,negative,0.076837
D:\biztech\preprocessed_images\person_045\img_04.jpg,D:\biztech\preprocessed_images\person_045\img_24.jpg,1,person_045,person_045,positive,0.364285
D:\biztech\preprocessed_images\person_345\img_01.jpg,D:\biztech\preprocessed_images\person_345\img_04.jpg,1,person_345,person_345,positive,0.678045
D:\biztech\preprocessed_images\person_582\img_02.jpg,D:\biztech\preprocessed_images\person_239\img_06.jpg,0,person_582,person_239,negative,0.331142
D:\biztech\preprocessed_images\person_439\img_02.jpg,D:\biztech\preprocessed_images\person_068\img_17.jpg,0,person_439,person_068,negative,0.208534
D:\biztech\preprocessed_images\person_045\img_07.jpg,D:\biztech\preprocessed_images\person_045\img_10.jpg,1,person_045,person_045,positive,0.405033
D:\biztech\preprocessed_images\person_297\img_02.jpg,D:\biztech\preprocessed_images\person_470\img_01.jpg,0,person_297,person_470,negative,-0.174964
D:\biztech\preprocessed_images\person_197\img_01.jpg,D:\biztech\preprocessed_images\person_197\img_07.jpg,1,person_197,person_197,positive,0.461004
D:\biztech\preprocessed_images\person_559\img_04.jpg,D:\biztech\preprocessed_images\person_033\img_02.jpg,0,person_559,person_033,negative,-0.133176
D:\biztech\preprocessed_images\person_081\img_06.jpg,D:\biztech\preprocessed_images\person_224\img_04.jpg,0,person_081,person_224,negative,0.104725
D:\biztech\preprocessed_images\person_575\img_02.jpg,D:\biztech\preprocessed_images\person_380\img_03.jpg,0,person_575,person_380,negative,-0.200593
D:\biztech\preprocessed_images\person_275\img_02.jpg,D:\biztech\preprocessed_images\person_600\img_03.jpg,0,person_275,person_600,negative,-0.117886
D:\biztech\preprocessed_images\person_047\img_18.jpg,D:\biztech\preprocessed_images\person_364\img_01.jpg,0,person_047,person_364,negative,0.048143
D:\biztech\preprocessed_images\person_090\img_07.jpg,D:\biztech\preprocessed_images\person_090\img_11.jpg,1,person_090,person_090,positive,0.644460
D:\biztech\preprocessed_images\person_324\img_02.jpg,D:\biztech\preprocessed_images\person_324\img_05.jpg,1,person_324,person_324,positive,0.588427
D:\biztech\preprocessed_images\person_512\img_01.jpg,D:\biztech\preprocessed_images\person_512\img_02.jpg,1,person_512,person_512,positive,0.775815
D:\biztech\preprocessed_images\person_353\img_05.jpg,D:\biztech\preprocessed_images\person_389\img_02.jpg,0,person_353,person_389,negative,-0.042379
D:\biztech\preprocessed_images\person_229\img_02.jpg,D:\biztech\preprocessed_images\person_229\img_03.jpg,1,person_229,person_229,positive,0.916743
D:\biztech\preprocessed_images\person_345\img_04.jpg,D:\biztech\preprocessed_images\person_411\img_05.jpg,0,person_345,person_411,negative,0.396422
D:\biztech\preprocessed_images\person_225\img_03.jpg,D:\biztech\preprocessed_images\person_095\img_12.jpg,0,person_225,person_095,negative,0.338876
D:\biztech\preprocessed_images\person_374\img_02.jpg,D:\biztech\preprocessed_images\person_081\img_07.jpg,0,person_374,person_081,negative,-0.200056
D:\biztech\preprocessed_images\person_253\img_04.jpg,D:\biztech\preprocessed_images\person_253\img_05.jpg,1,person_253,person_253,positive,0.776447
D:\biztech\preprocessed_images\person_272\img_03.jpg,D:\biztech\preprocessed_images\person_272\img_04.jpg,1,person_272,person_272,positive,0.748268
D:\biztech\preprocessed_images\person_274\img_03.jpg,D:\biztech\preprocessed_images\person_274\img_04.jpg,1,person_274,person_274,positive,0.881555
D:\biztech\preprocessed_images\person_147\img_01.jpg,D:\biztech\preprocessed_images\person_147\img_08.jpg,1,person_147,person_147,positive,0.886223
D:\biztech\preprocessed_images\person_239\img_05.jpg,D:\biztech\preprocessed_images\person_587\img_04.jpg,0,person_239,person_587,negative,0.054884
D:\biztech\preprocessed_images\person_104\img_06.jpg,D:\biztech\preprocessed_images\person_104\img_11.jpg,1,person_104,person_104,positive,0.698355
D:\biztech\preprocessed_images\person_285\img_02.jpg,D:\biztech\preprocessed_images\person_285\img_06.jpg,1,person_285,person_285,positive,0.587456
D:\biztech\preprocessed_images\person_251\img_02.jpg,D:\biztech\preprocessed_images\person_251\img_07.jpg,1,person_251,person_251,positive,0.609730
D:\biztech\preprocessed_images\person_168\img_02.jpg,D:\biztech\preprocessed_images\person_168\img_09.jpg,1,person_168,person_168,positive,0.284045
D:\biztech\preprocessed_images\person_226\img_04.jpg,D:\biztech\preprocessed_images\person_226\img_07.jpg,1,person_226,person_226,positive,0.792502
D:\biztech\preprocessed_images\person_160\img_09.jpg,D:\biztech\preprocessed_images\person_197\img_05.jpg,0,person_160,person_197,negative,-0.116118
D:\biztech\preprocessed_images\person_251\img_06.jpg,D:\biztech\preprocessed_images\person_550\img_02.jpg,0,person_251,person_550,negative,0.164152
D:\biztech\preprocessed_images\person_225\img_03.jpg,D:\biztech\preprocessed_images\person_225\img_07.jpg,1,person_225,person_225,positive,0.633017
D:\biztech\preprocessed_images\person_143\img_02.jpg,D:\biztech\preprocessed_images\person_143\img_07.jpg,1,person_143,person_143,positive,0.722202
D:\biztech\preprocessed_images\person_607\img_01.jpg,D:\biztech\preprocessed_images\person_607\img_04.jpg,1,person_607,person_607,positive,0.712117
D:\biztech\preprocessed_images\person_253\img_04.jpg,D:\biztech\preprocessed_images\person_282\img_05.jpg,0,person_253,person_282,negative,0.455347
D:\biztech\preprocessed_images\person_160\img_04.jpg,D:\biztech\preprocessed_images\person_160\img_06.jpg,1,person_160,person_160,positive,0.701984
D:\biztech\preprocessed_images\person_600\img_04.jpg,D:\biztech\preprocessed_images\person_033\img_21.jpg,0,person_600,person_033,negative,0.172835
D:\biztech\preprocessed_images\person_164\img_02.jpg,D:\biztech\preprocessed_images\person_164\img_03.jpg,1,person_164,person_164,positive,0.197276
D:\biztech\preprocessed_images\person_349\img_03.jpg,D:\biztech\preprocessed_images\person_596\img_02.jpg,0,person_349,person_596,negative,0.202346
D:\biztech\preprocessed_images\person_368\img_02.jpg,D:\biztech\preprocessed_images\person_277\img_03.jpg,0,person_368,person_277,negative,-0.061542
D:\biztech\preprocessed_images\person_160\img_05.jpg,D:\biztech\preprocessed_images\person_160\img_09.jpg,1,person_160,person_160,positive,0.756704
D:\biztech\preprocessed_images\person_607\img_03.jpg,D:\biztech\preprocessed_images\person_607\img_04.jpg,1,person_607,person_607,positive,0.860068
D:\biztech\preprocessed_images\person_033\img_02.jpg,D:\biztech\preprocessed_images\person_033\img_26.jpg,1,person_033,person_033,positive,0.323935
D:\biztech\preprocessed_images\person_324\img_01.jpg,D:\biztech\preprocessed_images\person_324\img_05.jpg,1,person_324,person_324,positive,0.869803
D:\biztech\preprocessed_images\person_217\img_05.jpg,D:\biztech\preprocessed_images\person_217\img_06.jpg,1,person_217,person_217,positive,0.741553
D:\biztech\preprocessed_images\person_074\img_09.jpg,D:\biztech\preprocessed_images\person_074\img_17.jpg,1,person_074,person_074,positive,0.744353
D:\biztech\preprocessed_images\person_068\img_05.jpg,D:\biztech\preprocessed_images\person_068\img_09.jpg,1,person_068,person_068,positive,0.470301
D:\biztech\preprocessed_images\person_324\img_04.jpg,D:\biztech\preprocessed_images\person_600\img_01.jpg,0,person_324,person_600,negative,-0.120653
D:\biztech\preprocessed_images\person_096\img_12.jpg,D:\biztech\preprocessed_images\person_096\img_15.jpg,1,person_096,person_096,positive,0.722940
D:\biztech\preprocessed_images\person_253\img_01.jpg,D:\biztech\preprocessed_images\person_253\img_07.jpg,1,person_253,person_253,positive,0.332817
D:\biztech\preprocessed_images\person_605\img_04.jpg,D:\biztech\preprocessed_images\person_218\img_04.jpg,0,person_605,person_218,negative,-0.305669
D:\biztech\preprocessed_images\person_068\img_02.jpg,D:\biztech\preprocessed_images\person_068\img_10.jpg,1,person_068,person_068,positive,0.373571
D:\biztech\preprocessed_images\person_168\img_01.jpg,D:\biztech\preprocessed_images\person_168\img_06.jpg,1,person_168,person_168,positive,0.590244
D:\biztech\preprocessed_images\person_082\img_08.jpg,D:\biztech\preprocessed_images\person_282\img_02.jpg,0,person_082,person_282,negative,-0.065350
D:\biztech\preprocessed_images\person_285\img_01.jpg,D:\biztech\preprocessed_images\person_411\img_03.jpg,0,person_285,person_411,negative,0.154064
D:\biztech\preprocessed_images\person_239\img_01.jpg,D:\biztech\preprocessed_images\person_324\img_05.jpg,0,person_239,person_324,negative,-0.070451
D:\biztech\preprocessed_images\person_600\img_03.jpg,D:\biztech\preprocessed_images\person_600\img_04.jpg,1,person_600,person_600,positive,0.735091
D:\biztech\preprocessed_images\person_374\img_04.jpg,D:\biztech\preprocessed_images\person_224\img_06.jpg,0,person_374,person_224,negative,-0.153381
D:\biztech\preprocessed_images\person_235\img_01.jpg,D:\biztech\preprocessed_images\person_235\img_02.jpg,1,person_235,person_235,positive,0.582986
D:\biztech\preprocessed_images\person_095\img_12.jpg,D:\biztech\preprocessed_images\person_349\img_05.jpg,0,person_095,person_349,negative,-0.178378
D:\biztech\preprocessed_images\person_197\img_01.jpg,D:\biztech\preprocessed_images\person_197\img_04.jpg,1,person_197,person_197,positive,0.556688
D:\biztech\preprocessed_images\person_596\img_02.jpg,D:\biztech\preprocessed_images\person_217\img_03.jpg,0,person_596,person_217,negative,0.063819
D:\biztech\preprocessed_images\person_143\img_05.jpg,D:\biztech\preprocessed_images\person_143\img_08.jpg,1,person_143,person_143,positive,0.780124
D:\biztech\preprocessed_images\person_439\img_02.jpg,D:\biztech\preprocessed_images\person_081\img_17.jpg,0,person_439,person_081,negative,-0.045754
D:\biztech\preprocessed_images\person_082\img_06.jpg,D:\biztech\preprocessed_images\person_082\img_11.jpg,1,person_082,person_082,positive,0.915235
D:\biztech\preprocessed_images\person_167\img_01.jpg,D:\biztech\preprocessed_images\person_167\img_02.jpg,1,person_167,person_167,positive,0.833312
D:\biztech\preprocessed_images\person_128\img_06.jpg,D:\biztech\preprocessed_images\person_353\img_03.jpg,0,person_128,person_353,negative,-0.269451
D:\biztech\preprocessed_images\person_323\img_03.jpg,D:\biztech\preprocessed_images\person_323\img_04.jpg,1,person_323,person_323,positive,0.512916
D:\biztech\preprocessed_images\person_251\img_06.jpg,D:\biztech\preprocessed_images\person_105\img_02.jpg,0,person_251,person_105,negative,-0.007501
D:\biztech\preprocessed_images\person_033\img_11.jpg,D:\biztech\preprocessed_images\person_074\img_02.jpg,0,person_033,person_074,negative,0.338028
D:\biztech\preprocessed_images\person_582\img_02.jpg,D:\biztech\preprocessed_images\person_225\img_07.jpg,0,person_582,person_225,negative,-0.015031
D:\biztech\preprocessed_images\person_225\img_06.jpg,D:\biztech\preprocessed_images\person_550\img_01.jpg,0,person_225,person_550,negative,0.421718
D:\biztech\preprocessed_images\person_167\img_01.jpg,D:\biztech\preprocessed_images\person_471\img_01.jpg,0,person_167,person_471,negative,0.221372
D:\biztech\preprocessed_images\person_512\img_02.jpg,D:\biztech\preprocessed_images\person_028\img_09.jpg,0,person_512,person_028,negative,-0.034825
D:\biztech\preprocessed_images\person_028\img_08.jpg,D:\biztech\preprocessed_images\person_028\img_30.jpg,1,person_028,person_028,positive,0.894298
D:\biztech\preprocessed_images\person_270\img_03.jpg,D:\biztech\preprocessed_images\person_239\img_01.jpg,0,person_270,person_239,negative,0.051516
D:\biztech\preprocessed_images\person_301\img_01.jpg,D:\biztech\preprocessed_images\person_164\img_04.jpg,0,person_301,person_164,negative,0.131694
D:\biztech\preprocessed_images\person_550\img_04.jpg,D:\biztech\preprocessed_images\person_600\img_01.jpg,0,person_550,person_600,negative,-0.100721
D:\biztech\preprocessed_images\person_081\img_06.jpg,D:\biztech\preprocessed_images\person_460\img_02.jpg,0,person_081,person_460,negative,-0.123047
D:\biztech\preprocessed_images\person_275\img_01.jpg,D:\biztech\preprocessed_images\person_550\img_04.jpg,0,person_275,person_550,negative,0.231378
D:\biztech\preprocessed_images\person_164\img_04.jpg,D:\biztech\preprocessed_images\person_068\img_07.jpg,0,person_164,person_068,negative,-0.165262
D:\biztech\preprocessed_images\person_251\img_01.jpg,D:\biztech\preprocessed_images\person_028\img_11.jpg,0,person_251,person_028,negative,0.103392
D:\biztech\preprocessed_images\person_115\img_02.jpg,D:\biztech\preprocessed_images\person_115\img_09.jpg,1,person_115,person_115,positive,0.590477
D:\biztech\preprocessed_images\person_143\img_05.jpg,D:\biztech\preprocessed_images\person_471\img_01.jpg,0,person_143,person_471,negative,-0.039766
D:\biztech\preprocessed_images\person_176\img_02.jpg,D:\biztech\preprocessed_images\person_176\img_07.jpg,1,person_176,person_176,positive,0.930946
D:\biztech\preprocessed_images\person_430\img_04.jpg,D:\biztech\preprocessed_images\person_297\img_05.jpg,0,person_430,person_297,negative,0.525429
D:\biztech\preprocessed_images\person_600\img_02.jpg,D:\biztech\preprocessed_images\person_374\img_05.jpg,0,person_600,person_374,negative,0.091863
D:\biztech\preprocessed_images\person_274\img_06.jpg,D:\biztech\preprocessed_images\person_323\img_02.jpg,0,person_274,person_323,negative,-0.232836
D:\biztech\preprocessed_images\person_031\img_08.jpg,D:\biztech\preprocessed_images\person_105\img_03.jpg,0,person_031,person_105,negative,-0.054814
D:\biztech\preprocessed_images\person_301\img_02.jpg,D:\biztech\preprocessed_images\person_353\img_05.jpg,0,person_301,person_353,negative,0.185249
D:\biztech\preprocessed_images\person_217\img_03.jpg,D:\biztech\preprocessed_images\person_082\img_12.jpg,0,person_217,person_082,negative,-0.057663
D:\biztech\preprocessed_images\person_164\img_05.jpg,D:\biztech\preprocessed_images\person_164\img_08.jpg,1,person_164,person_164,positive,0.566119
D:\biztech\preprocessed_images\person_033\img_11.jpg,D:\biztech\preprocessed_images\person_033\img_17.jpg,1,person_033,person_033,positive,0.882899
D:\biztech\preprocessed_images\person_081\img_09.jpg,D:\biztech\preprocessed_images\person_081\img_15.jpg,1,person_081,person_081,positive,0.727347
D:\biztech\preprocessed_images\person_371\img_01.jpg,D:\biztech\preprocessed_images\person_226\img_06.jpg,0,person_371,person_226,negative,-0.313411
D:\biztech\preprocessed_images\person_225\img_06.jpg,D:\biztech\preprocessed_images\person_100\img_06.jpg,0,person_225,person_100,negative,0.016893
D:\biztech\preprocessed_images\person_217\img_01.jpg,D:\biztech\preprocessed_images\person_217\img_02.jpg,1,person_217,person_217,positive,0.660290
D:\biztech\preprocessed_images\person_345\img_05.jpg,D:\biztech\preprocessed_images\person_104\img_11.jpg,0,person_345,person_104,negative,-0.180607
D:\biztech\preprocessed_images\person_082\img_12.jpg,D:\biztech\preprocessed_images\person_251\img_02.jpg,0,person_082,person_251,negative,-0.062814
D:\biztech\preprocessed_images\person_333\img_03.jpg,D:\biztech\preprocessed_images\person_333\img_04.jpg,1,person_333,person_333,positive,0.528144
D:\biztech\preprocessed_images\person_143\img_02.jpg,D:\biztech\preprocessed_images\person_251\img_02.jpg,0,person_143,person_251,negative,-0.089073
D:\biztech\preprocessed_images\person_600\img_04.jpg,D:\biztech\preprocessed_images\person_253\img_03.jpg,0,person_600,person_253,negative,-0.055936
D:\biztech\preprocessed_images\person_160\img_04.jpg,D:\biztech\preprocessed_images\person_160\img_08.jpg,1,person_160,person_160,positive,0.611111
D:\biztech\preprocessed_images\person_559\img_03.jpg,D:\biztech\preprocessed_images\person_160\img_06.jpg,0,person_559,person_160,negative,0.096430
D:\biztech\preprocessed_images\person_047\img_04.jpg,D:\biztech\preprocessed_images\person_235\img_07.jpg,0,person_047,person_235,negative,-0.279557
D:\biztech\preprocessed_images\person_275\img_04.jpg,D:\biztech\preprocessed_images\person_601\img_02.jpg,0,person_275,person_601,negative,-0.248044
D:\biztech\preprocessed_images\person_090\img_08.jpg,D:\biztech\preprocessed_images\person_090\img_10.jpg,1,person_090,person_090,positive,0.560876
D:\biztech\preprocessed_images\person_028\img_23.jpg,D:\biztech\preprocessed_images\person_028\img_28.jpg,1,person_028,person_028,positive,0.798844
D:\biztech\preprocessed_images\person_045\img_04.jpg,D:\biztech\preprocessed_images\person_226\img_03.jpg,0,person_045,person_226,negative,0.281340
D:\biztech\preprocessed_images\person_105\img_11.jpg,D:\biztech\preprocessed_images\person_324\img_02.jpg,0,person_105,person_324,negative,0.028147
D:\biztech\preprocessed_images\person_353\img_03.jpg,D:\biztech\preprocessed_images\person_072\img_01.jpg,0,person_353,person_072,negative,0.464422
D:\biztech\preprocessed_images\person_007\img_10.jpg,D:\biztech\preprocessed_images\person_007\img_16.jpg,1,person_007,person_007,positive,0.728527
D:\biztech\preprocessed_images\person_100\img_09.jpg,D:\biztech\preprocessed_images\person_100\img_10.jpg,1,person_100,person_100,positive,0.805369
D:\biztech\preprocessed_images\person_100\img_02.jpg,D:\biztech\preprocessed_images\person_100\img_05.jpg,1,person_100,person_100,positive,0.757869
D:\biztech\preprocessed_images\person_007\img_30.jpg,D:\biztech\preprocessed_images\person_271\img_02.jpg,0,person_007,person_271,negative,0.165620
D:\biztech\preprocessed_images\person_575\img_01.jpg,D:\biztech\preprocessed_images\person_575\img_03.jpg,1,person_575,person_575,positive,0.862496
D:\biztech\preprocessed_images\person_100\img_09.jpg,D:\biztech\preprocessed_images\person_353\img_05.jpg,0,person_100,person_353,negative,0.098018
D:\biztech\preprocessed_images\person_224\img_01.jpg,D:\biztech\preprocessed_images\person_224\img_03.jpg,1,person_224,person_224,positive,0.627245
D:\biztech\preprocessed_images\person_164\img_06.jpg,D:\biztech\preprocessed_images\person_164\img_08.jpg,1,person_164,person_164,positive,0.466429
D:\biztech\preprocessed_images\person_168\img_04.jpg,D:\biztech\preprocessed_images\person_168\img_05.jpg,1,person_168,person_168,positive,-0.082788
D:\biztech\preprocessed_images\person_058\img_16.jpg,D:\biztech\preprocessed_images\person_204\img_04.jpg,0,person_058,person_204,negative,0.442970
D:\biztech\preprocessed_images\person_345\img_05.jpg,D:\biztech\preprocessed_images\person_104\img_01.jpg,0,person_345,person_104,negative,-0.126757
D:\biztech\preprocessed_images\person_274\img_05.jpg,D:\biztech\preprocessed_images\person_274\img_06.jpg,1,person_274,person_274,positive,0.544204
D:\biztech\preprocessed_images\person_090\img_09.jpg,D:\biztech\preprocessed_images\person_090\img_12.jpg,1,person_090,person_090,positive,0.623980
D:\biztech\preprocessed_images\person_104\img_11.jpg,D:\biztech\preprocessed_images\person_007\img_10.jpg,0,person_104,person_007,negative,0.434377
D:\biztech\preprocessed_images\person_604\img_03.jpg,D:\biztech\preprocessed_images\person_349\img_03.jpg,0,person_604,person_349,negative,0.065419
D:\biztech\preprocessed_images\person_167\img_02.jpg,D:\biztech\preprocessed_images\person_167\img_08.jpg,1,person_167,person_167,positive,0.457408
D:\biztech\preprocessed_images\person_160\img_08.jpg,D:\biztech\preprocessed_images\person_160\img_09.jpg,1,person_160,person_160,positive,0.722662
D:\biztech\preprocessed_images\person_164\img_06.jpg,D:\biztech\preprocessed_images\person_433\img_04.jpg,0,person_164,person_433,negative,-0.082793
D:\biztech\preprocessed_images\person_081\img_05.jpg,D:\biztech\preprocessed_images\person_081\img_10.jpg,1,person_081,person_081,positive,0.693475
D:\biztech\preprocessed_images\person_033\img_11.jpg,D:\biztech\preprocessed_images\person_033\img_23.jpg,1,person_033,person_033,positive,0.206579
D:\biztech\preprocessed_images\person_433\img_01.jpg,D:\biztech\preprocessed_images\person_028\img_27.jpg,0,person_433,person_028,negative,-0.074184
D:\biztech\preprocessed_images\person_226\img_03.jpg,D:\biztech\preprocessed_images\person_226\img_05.jpg,1,person_226,person_226,positive,0.404902
D:\biztech\preprocessed_images\person_430\img_02.jpg,D:\biztech\preprocessed_images\person_607\img_03.jpg,0,person_430,person_607,negative,-0.077205
D:\biztech\preprocessed_images\person_045\img_05.jpg,D:\biztech\preprocessed_images\person_045\img_10.jpg,1,person_045,person_045,positive,0.540488
D:\biztech\preprocessed_images\person_204\img_03.jpg,D:\biztech\preprocessed_images\person_275\img_04.jpg,0,person_204,person_275,negative,0.282061
D:\biztech\preprocessed_images\person_349\img_02.jpg,D:\biztech\preprocessed_images\person_045\img_21.jpg,0,person_349,person_045,negative,0.121289
D:\biztech\preprocessed_images\person_575\img_01.jpg,D:\biztech\preprocessed_images\person_575\img_02.jpg,1,person_575,person_575,positive,0.861720
D:\biztech\preprocessed_images\person_215\img_02.jpg,D:\biztech\preprocessed_images\person_215\img_04.jpg,1,person_215,person_215,positive,0.640131
D:\biztech\preprocessed_images\person_058\img_03.jpg,D:\biztech\preprocessed_images\person_058\img_20.jpg,1,person_058,person_058,positive,0.689656
D:\biztech\preprocessed_images\person_285\img_06.jpg,D:\biztech\preprocessed_images\person_033\img_16.jpg,0,person_285,person_033,negative,0.251251
D:\biztech\preprocessed_images\person_364\img_03.jpg,D:\biztech\preprocessed_images\person_333\img_04.jpg,0,person_364,person_333,negative,-0.028757
D:\biztech\preprocessed_images\person_007\img_40.jpg,D:\biztech\preprocessed_images\person_007\img_55.jpg,1,person_007,person_007,positive,0.146299
D:\biztech\preprocessed_images\person_176\img_01.jpg,D:\biztech\preprocessed_images\person_168\img_06.jpg,0,person_176,person_168,negative,0.458530
D:\biztech\preprocessed_images\person_047\img_12.jpg,D:\biztech\preprocessed_images\person_380\img_02.jpg,0,person_047,person_380,negative,-0.106313
D:\biztech\preprocessed_images\person_411\img_01.jpg,D:\biztech\preprocessed_images\person_090\img_03.jpg,0,person_411,person_090,negative,0.402563
D:\biztech\preprocessed_images\person_026\img_01.jpg,D:\biztech\preprocessed_images\person_026\img_31.jpg,1,person_026,person_026,positive,0.590310
D:\biztech\preprocessed_images\person_380\img_04.jpg,D:\biztech\preprocessed_images\person_204\img_06.jpg,0,person_380,person_204,negative,-0.255916
D:\biztech\preprocessed_images\person_197\img_02.jpg,D:\biztech\preprocessed_images\person_197\img_03.jpg,1,person_197,person_197,positive,0.582270
D:\biztech\preprocessed_images\person_045\img_05.jpg,D:\biztech\preprocessed_images\person_045\img_09.jpg,1,person_045,person_045,positive,0.364216
D:\biztech\preprocessed_images\person_234\img_07.jpg,D:\biztech\preprocessed_images\person_128\img_05.jpg,0,person_234,person_128,negative,-0.099272
D:\biztech\preprocessed_images\person_234\img_01.jpg,D:\biztech\preprocessed_images\person_234\img_06.jpg,1,person_234,person_234,positive,0.554302
D:\biztech\preprocessed_images\person_374\img_02.jpg,D:\biztech\preprocessed_images\person_374\img_05.jpg,1,person_374,person_374,positive,0.185796
D:\biztech\preprocessed_images\person_229\img_03.jpg,D:\biztech\preprocessed_images\person_115\img_08.jpg,0,person_229,person_115,negative,0.079617
D:\biztech\preprocessed_images\person_251\img_03.jpg,D:\biztech\preprocessed_images\person_251\img_06.jpg,1,person_251,person_251,positive,0.548060
D:\biztech\preprocessed_images\person_167\img_04.jpg,D:\biztech\preprocessed_images\person_389\img_03.jpg,0,person_167,person_389,negative,-0.110551
D:\biztech\preprocessed_images\person_353\img_02.jpg,D:\biztech\preprocessed_images\person_353\img_04.jpg,1,person_353,person_353,positive,0.088336
D:\biztech\preprocessed_images\person_082\img_09.jpg,D:\biztech\preprocessed_images\person_082\img_12.jpg,1,person_082,person_082,positive,0.934919
D:\biztech\preprocessed_images\person_297\img_06.jpg,D:\biztech\preprocessed_images\person_217\img_02.jpg,0,person_297,person_217,negative,0.038474
D:\biztech\preprocessed_images\person_082\img_01.jpg,D:\biztech\preprocessed_images\person_082\img_13.jpg,1,person_082,person_082,positive,0.811739
D:\biztech\preprocessed_images\person_439\img_01.jpg,D:\biztech\preprocessed_images\person_274\img_02.jpg,0,person_439,person_274,negative,0.025441
D:\biztech\preprocessed_images\person_272\img_03.jpg,D:\biztech\preprocessed_images\person_460\img_01.jpg,0,person_272,person_460,negative,-0.248990
D:\biztech\preprocessed_images\person_406\img_03.jpg,D:\biztech\preprocessed_images\person_406\img_04.jpg,1,person_406,person_406,positive,0.791252
D:\biztech\preprocessed_images\person_104\img_12.jpg,D:\biztech\preprocessed_images\person_221\img_02.jpg,0,person_104,person_221,negative,-0.046295
D:\biztech\preprocessed_images\person_297\img_02.jpg,D:\biztech\preprocessed_images\person_297\img_03.jpg,1,person_297,person_297,positive,0.662848
D:\biztech\preprocessed_images\person_371\img_02.jpg,D:\biztech\preprocessed_images\person_072\img_14.jpg,0,person_371,person_072,negative,-0.273431
D:\biztech\preprocessed_images\person_031\img_03.jpg,D:\biztech\preprocessed_images\person_031\img_31.jpg,1,person_031,person_031,positive,0.149127
D:\biztech\preprocessed_images\person_224\img_01.jpg,D:\biztech\preprocessed_images\person_224\img_02.jpg,1,person_224,person_224,positive,0.199873
D:\biztech\preprocessed_images\person_143\img_01.jpg,D:\biztech\preprocessed_images\person_604\img_02.jpg,0,person_143,person_604,negative,0.674536
D:\biztech\preprocessed_images\person_167\img_03.jpg,D:\biztech\preprocessed_images\person_167\img_09.jpg,1,person_167,person_167,positive,0.503172
D:\biztech\preprocessed_images\person_471\img_02.jpg,D:\biztech\preprocessed_images\person_576\img_01.jpg,0,person_471,person_576,negative,0.404906
D:\biztech\preprocessed_images\person_031\img_05.jpg,D:\biztech\preprocessed_images\person_028\img_02.jpg,0,person_031,person_028,negative,-0.042818
D:\biztech\preprocessed_images\person_371\img_05.jpg,D:\biztech\preprocessed_images\person_096\img_14.jpg,0,person_371,person_096,negative,0.164117
D:\biztech\preprocessed_images\person_090\img_01.jpg,D:\biztech\preprocessed_images\person_090\img_04.jpg,1,person_090,person_090,positive,0.634293
D:\biztech\preprocessed_images\person_518\img_04.jpg,D:\biztech\preprocessed_images\person_204\img_01.jpg,0,person_518,person_204,negative,-0.291329
D:\biztech\preprocessed_images\person_115\img_09.jpg,D:\biztech\preprocessed_images\person_115\img_10.jpg,1,person_115,person_115,positive,0.384355
D:\biztech\preprocessed_images\person_033\img_12.jpg,D:\biztech\preprocessed_images\person_251\img_06.jpg,0,person_033,person_251,negative,-0.053038
D:\biztech\preprocessed_images\person_058\img_20.jpg,D:\biztech\preprocessed_images\person_074\img_16.jpg,0,person_058,person_074,negative,-0.260044
D:\biztech\preprocessed_images\person_430\img_01.jpg,D:\biztech\preprocessed_images\person_582\img_04.jpg,0,person_430,person_582,negative,-0.056064
D:\biztech\preprocessed_images\person_282\img_01.jpg,D:\biztech\preprocessed_images\person_282\img_05.jpg,1,person_282,person_282,positive,0.381758
D:\biztech\preprocessed_images\person_164\img_04.jpg,D:\biztech\preprocessed_images\person_229\img_07.jpg,0,person_164,person_229,negative,-0.410644
D:\biztech\preprocessed_images\person_007\img_36.jpg,D:\biztech\preprocessed_images\person_274\img_02.jpg,0,person_007,person_274,negative,0.455650
D:\biztech\preprocessed_images\person_068\img_08.jpg,D:\biztech\preprocessed_images\person_068\img_13.jpg,1,person_068,person_068,positive,0.724918
D:\biztech\preprocessed_images\person_224\img_05.jpg,D:\biztech\preprocessed_images\person_364\img_05.jpg,0,person_224,person_364,negative,0.198124
D:\biztech\preprocessed_images\person_224\img_04.jpg,D:\biztech\preprocessed_images\person_224\img_06.jpg,1,person_224,person_224,positive,0.349555
D:\biztech\preprocessed_images\person_143\img_02.jpg,D:\biztech\preprocessed_images\person_105\img_09.jpg,0,person_143,person_105,negative,-0.298249
D:\biztech\preprocessed_images\person_104\img_09.jpg,D:\biztech\preprocessed_images\person_147\img_03.jpg,0,person_104,person_147,negative,-0.061579
D:\biztech\preprocessed_images\person_225\img_03.jpg,D:\biztech\preprocessed_images\person_470\img_03.jpg,0,person_225,person_470,negative,-0.118401
D:\biztech\preprocessed_images\person_143\img_10.jpg,D:\biztech\preprocessed_images\person_234\img_02.jpg,0,person_143,person_234,negative,0.020288
D:\biztech\preprocessed_images\person_603\img_02.jpg,D:\biztech\preprocessed_images\person_323\img_05.jpg,0,person_603,person_323,negative,0.413935
D:\biztech\preprocessed_images\person_388\img_01.jpg,D:\biztech\preprocessed_images\person_274\img_04.jpg,0,person_388,person_274,negative,-0.113770
D:\biztech\preprocessed_images\person_167\img_02.jpg,D:\biztech\preprocessed_images\person_090\img_14.jpg,0,person_167,person_090,negative,-0.084477
D:\biztech\preprocessed_images\person_007\img_19.jpg,D:\biztech\preprocessed_images\person_224\img_06.jpg,0,person_007,person_224,negative,0.056973
D:\biztech\preprocessed_images\person_197\img_08.jpg,D:\biztech\preprocessed_images\person_271\img_06.jpg,0,person_197,person_271,negative,-0.141570
D:\biztech\preprocessed_images\person_324\img_05.jpg,D:\biztech\preprocessed_images\person_160\img_04.jpg,0,person_324,person_160,negative,0.186286
D:\biztech\preprocessed_images\person_226\img_03.jpg,D:\biztech\preprocessed_images\person_512\img_04.jpg,0,person_226,person_512,negative,0.387310
D:\biztech\preprocessed_images\person_277\img_01.jpg,D:\biztech\preprocessed_images\person_277\img_06.jpg,1,person_277,person_277,positive,0.712172
D:\biztech\preprocessed_images\person_147\img_07.jpg,D:\biztech\preprocessed_images\person_147\img_09.jpg,1,person_147,person_147,positive,0.277826
D:\biztech\preprocessed_images\person_058\img_13.jpg,D:\biztech\preprocessed_images\person_058\img_16.jpg,1,person_058,person_058,positive,0.417331
D:\biztech\preprocessed_images\person_333\img_02.jpg,D:\biztech\preprocessed_images\person_333\img_04.jpg,1,person_333,person_333,positive,0.581479
D:\biztech\preprocessed_images\person_026\img_21.jpg,D:\biztech\preprocessed_images\person_596\img_04.jpg,0,person_026,person_596,negative,0.035519
D:\biztech\preprocessed_images\person_607\img_04.jpg,D:\biztech\preprocessed_images\person_474\img_03.jpg,0,person_607,person_474,negative,0.188550
D:\biztech\preprocessed_images\person_031\img_06.jpg,D:\biztech\preprocessed_images\person_031\img_18.jpg,1,person_031,person_031,positive,0.532870
D:\biztech\preprocessed_images\person_115\img_11.jpg,D:\biztech\preprocessed_images\person_115\img_12.jpg,1,person_115,person_115,positive,0.527139
D:\biztech\preprocessed_images\person_147\img_05.jpg,D:\biztech\preprocessed_images\person_147\img_10.jpg,1,person_147,person_147,positive,0.005606
D:\biztech\preprocessed_images\person_096\img_11.jpg,D:\biztech\preprocessed_images\person_430\img_02.jpg,0,person_096,person_430,negative,-0.063069
D:\biztech\preprocessed_images\person_604\img_04.jpg,D:\biztech\preprocessed_images\person_096\img_01.jpg,0,person_604,person_096,negative,-0.039438
D:\biztech\preprocessed_images\person_275\img_03.jpg,D:\biztech\preprocessed_images\person_234\img_05.jpg,0,person_275,person_234,negative,-0.007572
D:\biztech\preprocessed_images\person_239\img_01.jpg,D:\biztech\preprocessed_images\person_239\img_03.jpg,1,person_239,person_239,positive,0.729836
D:\biztech\preprocessed_images\person_388\img_01.jpg,D:\biztech\preprocessed_images\person_176\img_04.jpg,0,person_388,person_176,negative,-0.316999
D:\biztech\preprocessed_images\person_058\img_07.jpg,D:\biztech\preprocessed_images\person_147\img_07.jpg,0,person_058,person_147,negative,-0.203241
D:\biztech\preprocessed_images\person_297\img_04.jpg,D:\biztech\preprocessed_images\person_390\img_02.jpg,0,person_297,person_390,negative,0.050106
D:\biztech\preprocessed_images\person_096\img_03.jpg,D:\biztech\preprocessed_images\person_096\img_14.jpg,1,person_096,person_096,positive,0.681897
D:\biztech\preprocessed_images\person_604\img_02.jpg,D:\biztech\preprocessed_images\person_026\img_07.jpg,0,person_604,person_026,negative,0.143055
D:\biztech\preprocessed_images\person_095\img_10.jpg,D:\biztech\preprocessed_images\person_095\img_15.jpg,1,person_095,person_095,positive,0.547724
D:\biztech\preprocessed_images\person_605\img_02.jpg,D:\biztech\preprocessed_images\person_605\img_03.jpg,1,person_605,person_605,positive,0.595346
D:\biztech\preprocessed_images\person_390\img_04.jpg,D:\biztech\preprocessed_images\person_096\img_09.jpg,0,person_390,person_096,negative,-0.095033
D:\biztech\preprocessed_images\person_576\img_02.jpg,D:\biztech\preprocessed_images\person_474\img_03.jpg,0,person_576,person_474,negative,-0.082366
D:\biztech\preprocessed_images\person_072\img_07.jpg,D:\biztech\preprocessed_images\person_072\img_09.jpg,1,person_072,person_072,positive,0.270942
D:\biztech\preprocessed_images\person_301\img_01.jpg,D:\biztech\preprocessed_images\person_270\img_03.jpg,0,person_301,person_270,negative,0.114859
D:\biztech\preprocessed_images\person_028\img_10.jpg,D:\biztech\preprocessed_images\person_028\img_12.jpg,1,person_028,person_028,positive,0.911284
D:\biztech\preprocessed_images\person_215\img_03.jpg,D:\biztech\preprocessed_images\person_215\img_05.jpg,1,person_215,person_215,positive,0.821171
D:\biztech\preprocessed_images\person_234\img_03.jpg,D:\biztech\preprocessed_images\person_234\img_04.jpg,1,person_234,person_234,positive,0.486557
D:\biztech\preprocessed_images\person_301\img_06.jpg,D:\biztech\preprocessed_images\person_345\img_03.jpg,0,person_301,person_345,negative,-0.014658
D:\biztech\preprocessed_images\person_082\img_05.jpg,D:\biztech\preprocessed_images\person_082\img_07.jpg,1,person_082,person_082,positive,0.730105
D:\biztech\preprocessed_images\person_604\img_01.jpg,D:\biztech\preprocessed_images\person_275\img_02.jpg,0,person_604,person_275,negative,-0.022248
D:\biztech\preprocessed_images\person_582\img_01.jpg,D:\biztech\preprocessed_images\person_349\img_05.jpg,0,person_582,person_349,negative,0.209417
D:\biztech\preprocessed_images\person_104\img_07.jpg,D:\biztech\preprocessed_images\person_104\img_08.jpg,1,person_104,person_104,positive,0.398907
D:\biztech\preprocessed_images\person_176\img_06.jpg,D:\biztech\preprocessed_images\person_176\img_08.jpg,1,person_176,person_176,positive,0.710530
D:\biztech\preprocessed_images\person_215\img_04.jpg,D:\biztech\preprocessed_images\person_215\img_05.jpg,1,person_215,person_215,positive,0.813263
D:\biztech\preprocessed_images\person_095\img_02.jpg,D:\biztech\preprocessed_images\person_095\img_11.jpg,1,person_095,person_095,positive,0.737282
D:\biztech\preprocessed_images\person_095\img_10.jpg,D:\biztech\preprocessed_images\person_324\img_04.jpg,0,person_095,person_324,negative,-0.182912
D:\biztech\preprocessed_images\person_031\img_18.jpg,D:\biztech\preprocessed_images\person_031\img_28.jpg,1,person_031,person_031,positive,0.439835
D:\biztech\preprocessed_images\person_082\img_01.jpg,D:\biztech\preprocessed_images\person_082\img_10.jpg,1,person_082,person_082,positive,0.779059
D:\biztech\preprocessed_images\person_251\img_03.jpg,D:\biztech\preprocessed_images\person_251\img_05.jpg,1,person_251,person_251,positive,0.619239
D:\biztech\preprocessed_images\person_028\img_06.jpg,D:\biztech\preprocessed_images\person_028\img_12.jpg,1,person_028,person_028,positive,0.933222
D:\biztech\preprocessed_images\person_026\img_01.jpg,D:\biztech\preprocessed_images\person_026\img_26.jpg,1,person_026,person_026,positive,0.398333
D:\biztech\preprocessed_images\person_217\img_06.jpg,D:\biztech\preprocessed_images\person_217\img_07.jpg,1,person_217,person_217,positive,0.708984
D:\biztech\preprocessed_images\person_512\img_02.jpg,D:\biztech\preprocessed_images\person_100\img_05.jpg,0,person_512,person_100,negative,0.108650
D:\biztech\preprocessed_images\person_550\img_02.jpg,D:\biztech\preprocessed_images\person_229\img_01.jpg,0,person_550,person_229,negative,-0.104750
D:\biztech\preprocessed_images\person_115\img_06.jpg,D:\biztech\preprocessed_images\person_115\img_12.jpg,1,person_115,person_115,positive,0.251835
D:\biztech\preprocessed_images\person_275\img_05.jpg,D:\biztech\preprocessed_images\person_275\img_06.jpg,1,person_275,person_275,positive,0.600562
D:\biztech\preprocessed_images\person_104\img_02.jpg,D:\biztech\preprocessed_images\person_104\img_14.jpg,1,person_104,person_104,positive,0.305233
D:\biztech\preprocessed_images\person_143\img_02.jpg,D:\biztech\preprocessed_images\person_143\img_10.jpg,1,person_143,person_143,positive,0.853896
D:\biztech\preprocessed_images\person_607\img_03.jpg,D:\biztech\preprocessed_images\person_389\img_03.jpg,0,person_607,person_389,negative,0.105355
D:\biztech\preprocessed_images\person_160\img_05.jpg,D:\biztech\preprocessed_images\person_100\img_04.jpg,0,person_160,person_100,negative,-0.280672
D:\biztech\preprocessed_images\person_333\img_02.jpg,D:\biztech\preprocessed_images\person_601\img_02.jpg,0,person_333,person_601,negative,-0.239652
D:\biztech\preprocessed_images\person_074\img_09.jpg,D:\biztech\preprocessed_images\person_074\img_16.jpg,1,person_074,person_074,positive,0.810297
D:\biztech\preprocessed_images\person_197\img_01.jpg,D:\biztech\preprocessed_images\person_197\img_06.jpg,1,person_197,person_197,positive,0.561223
D:\biztech\preprocessed_images\person_028\img_14.jpg,D:\biztech\preprocessed_images\person_028\img_16.jpg,1,person_028,person_028,positive,0.881882
D:\biztech\preprocessed_images\person_100\img_07.jpg,D:\biztech\preprocessed_images\person_601\img_04.jpg,0,person_100,person_601,negative,-0.049994
D:\biztech\preprocessed_images\person_368\img_04.jpg,D:\biztech\preprocessed_images\person_333\img_02.jpg,0,person_368,person_333,negative,0.381026
D:\biztech\preprocessed_images\person_239\img_01.jpg,D:\biztech\preprocessed_images\person_324\img_04.jpg,0,person_239,person_324,negative,0.119020
D:\biztech\preprocessed_images\person_345\img_05.jpg,D:\biztech\preprocessed_images\person_215\img_08.jpg,0,person_345,person_215,negative,-0.372965
D:\biztech\preprocessed_images\person_333\img_03.jpg,D:\biztech\preprocessed_images\person_559\img_02.jpg,0,person_333,person_559,negative,0.049679
D:\biztech\preprocessed_images\person_575\img_04.jpg,D:\biztech\preprocessed_images\person_587\img_04.jpg,0,person_575,person_587,negative,0.102552
D:\biztech\preprocessed_images\person_168\img_06.jpg,D:\biztech\preprocessed_images\person_345\img_04.jpg,0,person_168,person_345,negative,-0.277133
D:\biztech\preprocessed_images\person_607\img_02.jpg,D:\biztech\preprocessed_images\person_576\img_02.jpg,0,person_607,person_576,negative,0.263694
D:\biztech\preprocessed_images\person_074\img_08.jpg,D:\biztech\preprocessed_images\person_074\img_11.jpg,1,person_074,person_074,positive,0.612946
D:\biztech\preprocessed_images\person_433\img_02.jpg,D:\biztech\preprocessed_images\person_215\img_08.jpg,0,person_433,person_215,negative,0.313751
D:\biztech\preprocessed_images\person_095\img_02.jpg,D:\biztech\preprocessed_images\person_095\img_10.jpg,1,person_095,person_095,positive,0.671263
D:\biztech\preprocessed_images\person_324\img_02.jpg,D:\biztech\preprocessed_images\person_277\img_04.jpg,0,person_324,person_277,negative,0.121755
D:\biztech\preprocessed_images\person_471\img_01.jpg,D:\biztech\preprocessed_images\person_471\img_03.jpg,1,person_471,person_471,positive,0.286565
D:\biztech\preprocessed_images\person_115\img_02.jpg,D:\biztech\preprocessed_images\person_115\img_13.jpg,1,person_115,person_115,positive,0.410756
D:\biztech\preprocessed_images\person_090\img_07.jpg,D:\biztech\preprocessed_images\person_474\img_02.jpg,0,person_090,person_474,negative,0.404015
D:\biztech\preprocessed_images\person_224\img_05.jpg,D:\biztech\preprocessed_images\person_518\img_01.jpg,0,person_224,person_518,negative,-0.225377
D:\biztech\preprocessed_images\person_045\img_09.jpg,D:\biztech\preprocessed_images\person_033\img_14.jpg,0,person_045,person_033,negative,0.106018
D:\biztech\preprocessed_images\person_235\img_01.jpg,D:\biztech\preprocessed_images\person_235\img_07.jpg,1,person_235,person_235,positive,0.456703
D:\biztech\preprocessed_images\person_235\img_01.jpg,D:\biztech\preprocessed_images\person_235\img_04.jpg,1,person_235,person_235,positive,0.619777
D:\biztech\preprocessed_images\person_081\img_07.jpg,D:\biztech\preprocessed_images\person_081\img_10.jpg,1,person_081,person_081,positive,0.471636
D:\biztech\preprocessed_images\person_282\img_01.jpg,D:\biztech\preprocessed_images\person_168\img_04.jpg,0,person_282,person_168,negative,-0.000847
D:\biztech\preprocessed_images\person_081\img_15.jpg,D:\biztech\preprocessed_images\person_168\img_01.jpg,0,person_081,person_168,negative,0.113451
D:\biztech\preprocessed_images\person_605\img_01.jpg,D:\biztech\preprocessed_images\person_605\img_03.jpg,1,person_605,person_605,positive,0.775902
D:\biztech\preprocessed_images\person_390\img_04.jpg,D:\biztech\preprocessed_images\person_411\img_05.jpg,0,person_390,person_411,negative,-0.127890
D:\biztech\preprocessed_images\person_204\img_02.jpg,D:\biztech\preprocessed_images\person_204\img_03.jpg,1,person_204,person_204,positive,0.347153
D:\biztech\preprocessed_images\person_388\img_02.jpg,D:\biztech\preprocessed_images\person_605\img_04.jpg,0,person_388,person_605,negative,-0.133833
D:\biztech\preprocessed_images\person_104\img_03.jpg,D:\biztech\preprocessed_images\person_104\img_07.jpg,1,person_104,person_104,positive,0.699900
D:\biztech\preprocessed_images\person_234\img_03.jpg,D:\biztech\preprocessed_images\person_224\img_05.jpg,0,person_234,person_224,negative,-0.054508
D:\biztech\preprocessed_images\person_072\img_17.jpg,D:\biztech\preprocessed_images\person_282\img_05.jpg,0,person_072,person_282,negative,-0.078198
D:\biztech\preprocessed_images\person_045\img_01.jpg,D:\biztech\preprocessed_images\person_045\img_02.jpg,1,person_045,person_045,positive,0.554407
D:\biztech\preprocessed_images\person_197\img_07.jpg,D:\biztech\preprocessed_images\person_197\img_08.jpg,1,person_197,person_197,positive,0.636364
D:\biztech\preprocessed_images\person_160\img_06.jpg,D:\biztech\preprocessed_images\person_301\img_03.jpg,0,person_160,person_301,negative,0.463245
D:\biztech\preprocessed_images\person_215\img_05.jpg,D:\biztech\preprocessed_images\person_215\img_07.jpg,1,person_215,person_215,positive,0.834551
D:\biztech\preprocessed_images\person_371\img_05.jpg,D:\biztech\preprocessed_images\person_026\img_32.jpg,0,person_371,person_026,negative,-0.076338
D:\biztech\preprocessed_images\person_058\img_04.jpg,D:\biztech\preprocessed_images\person_058\img_19.jpg,1,person_058,person_058,positive,0.619190
D:\biztech\preprocessed_images\person_229\img_03.jpg,D:\biztech\preprocessed_images\person_607\img_02.jpg,0,person_229,person_607,negative,-0.049084
D:\biztech\preprocessed_images\person_197\img_05.jpg,D:\biztech\preprocessed_images\person_282\img_05.jpg,0,person_197,person_282,negative,-0.046224
D:\biztech\preprocessed_images\person_239\img_04.jpg,D:\biztech\preprocessed_images\person_239\img_05.jpg,1,person_239,person_239,positive,0.914070
D:\biztech\preprocessed_images\person_047\img_09.jpg,D:\biztech\preprocessed_images\person_047\img_19.jpg,1,person_047,person_047,positive,0.743220
D:\biztech\preprocessed_images\person_235\img_01.jpg,D:\biztech\preprocessed_images\person_235\img_03.jpg,1,person_235,person_235,positive,0.380735
D:\biztech\preprocessed_images\person_596\img_01.jpg,D:\biztech\preprocessed_images\person_596\img_02.jpg,1,person_596,person_596,positive,0.912694
D:\biztech\preprocessed_images\person_100\img_02.jpg,D:\biztech\preprocessed_images\person_100\img_12.jpg,1,person_100,person_100,positive,0.717706
D:\biztech\preprocessed_images\person_204\img_01.jpg,D:\biztech\preprocessed_images\person_204\img_03.jpg,1,person_204,person_204,positive,0.642544
D:\biztech\preprocessed_images\person_007\img_40.jpg,D:\biztech\preprocessed_images\person_007\img_42.jpg,1,person_007,person_007,positive,0.614643
D:\biztech\preprocessed_images\person_028\img_32.jpg,D:\biztech\preprocessed_images\person_147\img_01.jpg,0,person_028,person_147,negative,0.188397
D:\biztech\preprocessed_images\person_168\img_04.jpg,D:\biztech\preprocessed_images\person_168\img_08.jpg,1,person_168,person_168,positive,0.138449
D:\biztech\preprocessed_images\person_217\img_05.jpg,D:\biztech\preprocessed_images\person_197\img_08.jpg,0,person_217,person_197,negative,-0.065706
D:\biztech\preprocessed_images\person_390\img_01.jpg,D:\biztech\preprocessed_images\person_371\img_03.jpg,0,person_390,person_371,negative,-0.063004
D:\biztech\preprocessed_images\person_225\img_03.jpg,D:\biztech\preprocessed_images\person_474\img_01.jpg,0,person_225,person_474,negative,0.153305
D:\biztech\preprocessed_images\person_105\img_08.jpg,D:\biztech\preprocessed_images\person_105\img_12.jpg,1,person_105,person_105,positive,0.913589
D:\biztech\preprocessed_images\person_007\img_01.jpg,D:\biztech\preprocessed_images\person_007\img_20.jpg,1,person_007,person_007,positive,0.849208
D:\biztech\preprocessed_images\person_007\img_06.jpg,D:\biztech\preprocessed_images\person_007\img_34.jpg,1,person_007,person_007,positive,0.631372
D:\biztech\preprocessed_images\person_128\img_05.jpg,D:\biztech\preprocessed_images\person_128\img_08.jpg,1,person_128,person_128,positive,0.605944
D:\biztech\preprocessed_images\person_068\img_07.jpg,D:\biztech\preprocessed_images\person_068\img_13.jpg,1,person_068,person_068,positive,0.620402
D:\biztech\preprocessed_images\person_047\img_13.jpg,D:\biztech\preprocessed_images\person_047\img_16.jpg,1,person_047,person_047,positive,0.419966
D:\biztech\preprocessed_images\person_430\img_01.jpg,D:\biztech\preprocessed_images\person_430\img_04.jpg,1,person_430,person_430,positive,0.763824
D:\biztech\preprocessed_images\person_045\img_04.jpg,D:\biztech\preprocessed_images\person_349\img_05.jpg,0,person_045,person_349,negative,0.023528
D:\biztech\preprocessed_images\person_226\img_01.jpg,D:\biztech\preprocessed_images\person_221\img_04.jpg,0,person_226,person_221,negative,0.097131
D:\biztech\preprocessed_images\person_026\img_25.jpg,D:\biztech\preprocessed_images\person_026\img_31.jpg,1,person_026,person_026,positive,0.568848
D:\biztech\preprocessed_images\person_128\img_07.jpg,D:\biztech\preprocessed_images\person_128\img_11.jpg,1,person_128,person_128,positive,0.775370
D:\biztech\preprocessed_images\person_047\img_15.jpg,D:\biztech\preprocessed_images\person_470\img_03.jpg,0,person_047,person_470,negative,0.022773
D:\biztech\preprocessed_images\person_345\img_04.jpg,D:\biztech\preprocessed_images\person_333\img_02.jpg,0,person_345,person_333,negative,0.272882
D:\biztech\preprocessed_images\person_297\img_01.jpg,D:\biztech\preprocessed_images\person_297\img_02.jpg,1,person_297,person_297,positive,0.653543
D:\biztech\preprocessed_images\person_333\img_03.jpg,D:\biztech\preprocessed_images\person_217\img_03.jpg,0,person_333,person_217,negative,0.010260
D:\biztech\preprocessed_images\person_285\img_06.jpg,D:\biztech\preprocessed_images\person_081\img_04.jpg,0,person_285,person_081,negative,0.570102
D:\biztech\preprocessed_images\person_007\img_32.jpg,D:\biztech\preprocessed_images\person_007\img_53.jpg,1,person_007,person_007,positive,0.544204
D:\biztech\preprocessed_images\person_104\img_08.jpg,D:\biztech\preprocessed_images\person_104\img_11.jpg,1,person_104,person_104,positive,0.517397
D:\biztech\preprocessed_images\person_324\img_04.jpg,D:\biztech\preprocessed_images\person_324\img_05.jpg,1,person_324,person_324,positive,0.671094
D:\biztech\preprocessed_images\person_217\img_07.jpg,D:\biztech\preprocessed_images\person_605\img_01.jpg,0,person_217,person_605,negative,-0.025948
D:\biztech\preprocessed_images\person_224\img_03.jpg,D:\biztech\preprocessed_images\person_224\img_06.jpg,1,person_224,person_224,positive,0.226811
D:\biztech\preprocessed_images\person_474\img_01.jpg,D:\biztech\preprocessed_images\person_474\img_03.jpg,1,person_474,person_474,positive,0.460995
D:\biztech\preprocessed_images\person_226\img_01.jpg,D:\biztech\preprocessed_images\person_380\img_01.jpg,0,person_226,person_380,negative,0.039245
D:\biztech\preprocessed_images\person_095\img_02.jpg,D:\biztech\preprocessed_images\person_095\img_03.jpg,1,person_095,person_095,positive,0.870490
D:\biztech\preprocessed_images\person_068\img_17.jpg,D:\biztech\preprocessed_images\person_074\img_01.jpg,0,person_068,person_074,negative,-0.003980
D:\biztech\preprocessed_images\person_576\img_03.jpg,D:\biztech\preprocessed_images\person_072\img_04.jpg,0,person_576,person_072,negative,0.291547
D:\biztech\preprocessed_images\person_604\img_03.jpg,D:\biztech\preprocessed_images\person_607\img_04.jpg,0,person_604,person_607,negative,-0.205566
D:\biztech\preprocessed_images\person_164\img_07.jpg,D:\biztech\preprocessed_images\person_164\img_09.jpg,1,person_164,person_164,positive,0.538426
D:\biztech\preprocessed_images\person_047\img_09.jpg,D:\biztech\preprocessed_images\person_047\img_12.jpg,1,person_047,person_047,positive,0.847186
D:\biztech\preprocessed_images\person_282\img_02.jpg,D:\biztech\preprocessed_images\person_282\img_05.jpg,1,person_282,person_282,positive,0.722911
D:\biztech\preprocessed_images\person_433\img_02.jpg,D:\biztech\preprocessed_images\person_433\img_04.jpg,1,person_433,person_433,positive,0.598425
D:\biztech\preprocessed_images\person_389\img_04.jpg,D:\biztech\preprocessed_images\person_095\img_06.jpg,0,person_389,person_095,negative,-0.205275
D:\biztech\preprocessed_images\person_204\img_06.jpg,D:\biztech\preprocessed_images\person_204\img_08.jpg,1,person_204,person_204,positive,0.734790
D:\biztech\preprocessed_images\person_215\img_02.jpg,D:\biztech\preprocessed_images\person_215\img_03.jpg,1,person_215,person_215,positive,0.706854
D:\biztech\preprocessed_images\person_275\img_04.jpg,D:\biztech\preprocessed_images\person_275\img_05.jpg,1,person_275,person_275,positive,0.736189
D:\biztech\preprocessed_images\person_225\img_04.jpg,D:\biztech\preprocessed_images\person_389\img_03.jpg,0,person_225,person_389,negative,-0.124942
D:\biztech\preprocessed_images\person_353\img_01.jpg,D:\biztech\preprocessed_images\person_601\img_03.jpg,0,person_353,person_601,negative,0.330618
D:\biztech\preprocessed_images\person_031\img_03.jpg,D:\biztech\preprocessed_images\person_353\img_01.jpg,0,person_031,person_353,negative,0.249336
D:\biztech\preprocessed_images\person_349\img_02.jpg,D:\biztech\preprocessed_images\person_349\img_03.jpg,1,person_349,person_349,positive,0.757481
D:\biztech\preprocessed_images\person_074\img_10.jpg,D:\biztech\preprocessed_images\person_074\img_16.jpg,1,person_074,person_074,positive,0.721580
D:\biztech\preprocessed_images\person_226\img_07.jpg,D:\biztech\preprocessed_images\person_115\img_05.jpg,0,person_226,person_115,negative,0.311443
D:\biztech\preprocessed_images\person_104\img_11.jpg,D:\biztech\preprocessed_images\person_104\img_12.jpg,1,person_104,person_104,positive,0.736685
D:\biztech\preprocessed_images\person_333\img_01.jpg,D:\biztech\preprocessed_images\person_333\img_02.jpg,1,person_333,person_333,positive,0.677298
D:\biztech\preprocessed_images\person_582\img_01.jpg,D:\biztech\preprocessed_images\person_095\img_12.jpg,0,person_582,person_095,negative,-0.222392
D:\biztech\preprocessed_images\person_217\img_02.jpg,D:\biztech\preprocessed_images\person_217\img_03.jpg,1,person_217,person_217,positive,0.869168
D:\biztech\preprocessed_images\person_031\img_02.jpg,D:\biztech\preprocessed_images\person_031\img_12.jpg,1,person_031,person_031,positive,0.196085
D:\biztech\preprocessed_images\person_058\img_16.jpg,D:\biztech\preprocessed_images\person_033\img_14.jpg,0,person_058,person_033,negative,0.244255
D:\biztech\preprocessed_images\person_224\img_02.jpg,D:\biztech\preprocessed_images\person_224\img_06.jpg,1,person_224,person_224,positive,0.618260
D:\biztech\preprocessed_images\person_068\img_02.jpg,D:\biztech\preprocessed_images\person_068\img_15.jpg,1,person_068,person_068,positive,0.253125
D:\biztech\preprocessed_images\person_096\img_03.jpg,D:\biztech\preprocessed_images\person_096\img_13.jpg,1,person_096,person_096,positive,0.717651
D:\biztech\preprocessed_images\person_105\img_10.jpg,D:\biztech\preprocessed_images\person_105\img_12.jpg,1,person_105,person_105,positive,0.868614
D:\biztech\preprocessed_images\person_168\img_07.jpg,D:\biztech\preprocessed_images\person_168\img_08.jpg,1,person_168,person_168,positive,0.328161
D:\biztech\preprocessed_images\person_270\img_02.jpg,D:\biztech\preprocessed_images\person_270\img_04.jpg,1,person_270,person_270,positive,0.638528
D:\biztech\preprocessed_images\person_143\img_08.jpg,D:\biztech\preprocessed_images\person_143\img_09.jpg,1,person_143,person_143,positive,0.651373
D:\biztech\preprocessed_images\person_072\img_04.jpg,D:\biztech\preprocessed_images\person_072\img_12.jpg,1,person_072,person_072,positive,0.795781
D:\biztech\preprocessed_images\person_100\img_09.jpg,D:\biztech\preprocessed_images\person_100\img_13.jpg,1,person_100,person_100,positive,0.714037
D:\biztech\preprocessed_images\person_160\img_05.jpg,D:\biztech\preprocessed_images\person_160\img_08.jpg,1,person_160,person_160,positive,0.892328
D:\biztech\preprocessed_images\person_147\img_06.jpg,D:\biztech\preprocessed_images\person_147\img_09.jpg,1,person_147,person_147,positive,0.784504
D:\biztech\preprocessed_images\person_204\img_01.jpg,D:\biztech\preprocessed_images\person_204\img_05.jpg,1,person_204,person_204,positive,0.602790
D:\biztech\preprocessed_images\person_028\img_17.jpg,D:\biztech\preprocessed_images\person_028\img_32.jpg,1,person_028,person_028,positive,0.879288
D:\biztech\preprocessed_images\person_026\img_08.jpg,D:\biztech\preprocessed_images\person_601\img_02.jpg,0,person_026,person_601,negative,-0.234120
D:\biztech\preprocessed_images\person_047\img_07.jpg,D:\biztech\preprocessed_images\person_047\img_14.jpg,1,person_047,person_047,positive,0.844133
D:\biztech\preprocessed_images\person_115\img_02.jpg,D:\biztech\preprocessed_images\person_115\img_04.jpg,1,person_115,person_115,positive,0.491749
D:\biztech\preprocessed_images\person_251\img_03.jpg,D:\biztech\preprocessed_images\person_251\img_07.jpg,1,person_251,person_251,positive,0.655249
D:\biztech\preprocessed_images\person_058\img_02.jpg,D:\biztech\preprocessed_images\person_058\img_06.jpg,1,person_058,person_058,positive,0.621235
D:\biztech\preprocessed_images\person_430\img_02.jpg,D:\biztech\preprocessed_images\person_465\img_01.jpg,0,person_430,person_465,negative,-0.146464
D:\biztech\preprocessed_images\person_349\img_05.jpg,D:\biztech\preprocessed_images\person_105\img_03.jpg,0,person_349,person_105,negative,-0.111801
D:\biztech\preprocessed_images\person_389\img_01.jpg,D:\biztech\preprocessed_images\person_389\img_04.jpg,1,person_389,person_389,positive,0.675595
D:\biztech\preprocessed_images\person_167\img_09.jpg,D:\biztech\preprocessed_images\person_430\img_02.jpg,0,person_167,person_430,negative,0.289694
D:\biztech\preprocessed_images\person_090\img_03.jpg,D:\biztech\preprocessed_images\person_090\img_08.jpg,1,person_090,person_090,positive,0.667140
D:\biztech\preprocessed_images\person_596\img_02.jpg,D:\biztech\preprocessed_images\person_168\img_07.jpg,0,person_596,person_168,negative,0.485799
D:\biztech\preprocessed_images\person_277\img_02.jpg,D:\biztech\preprocessed_images\person_374\img_04.jpg,0,person_277,person_374,negative,0.529167
D:\biztech\preprocessed_images\person_388\img_04.jpg,D:\biztech\preprocessed_images\person_217\img_05.jpg,0,person_388,person_217,negative,-0.053837
D:\biztech\preprocessed_images\person_587\img_03.jpg,D:\biztech\preprocessed_images\person_559\img_03.jpg,0,person_587,person_559,negative,0.261073
D:\biztech\preprocessed_images\person_082\img_12.jpg,D:\biztech\preprocessed_images\person_082\img_17.jpg,1,person_082,person_082,positive,0.837556
D:\biztech\preprocessed_images\person_082\img_11.jpg,D:\biztech\preprocessed_images\person_082\img_13.jpg,1,person_082,person_082,positive,0.932277
D:\biztech\preprocessed_images\person_081\img_02.jpg,D:\biztech\preprocessed_images\person_576\img_02.jpg,0,person_081,person_576,negative,0.136538
D:\biztech\preprocessed_images\person_225\img_01.jpg,D:\biztech\preprocessed_images\person_105\img_01.jpg,0,person_225,person_105,negative,0.049759
D:\biztech\preprocessed_images\person_167\img_02.jpg,D:\biztech\preprocessed_images\person_217\img_02.jpg,0,person_167,person_217,negative,-0.088915
D:\biztech\preprocessed_images\person_115\img_04.jpg,D:\biztech\preprocessed_images\person_115\img_10.jpg,1,person_115,person_115,positive,0.366850
D:\biztech\preprocessed_images\person_333\img_01.jpg,D:\biztech\preprocessed_images\person_605\img_04.jpg,0,person_333,person_605,negative,-0.036403
D:\biztech\preprocessed_images\person_007\img_24.jpg,D:\biztech\preprocessed_images\person_007\img_35.jpg,1,person_007,person_007,positive,0.448316
D:\biztech\preprocessed_images\person_353\img_03.jpg,D:\biztech\preprocessed_images\person_168\img_04.jpg,0,person_353,person_168,negative,-0.128471
D:\biztech\preprocessed_images\person_239\img_02.jpg,D:\biztech\preprocessed_images\person_239\img_06.jpg,1,person_239,person_239,positive,0.411347
D:\biztech\preprocessed_images\person_575\img_03.jpg,D:\biztech\preprocessed_images\person_168\img_08.jpg,0,person_575,person_168,negative,-0.157226
D:\biztech\preprocessed_images\person_229\img_03.jpg,D:\biztech\preprocessed_images\person_229\img_07.jpg,1,person_229,person_229,positive,0.879047
D:\biztech\preprocessed_images\person_605\img_02.jpg,D:\biztech\preprocessed_images\person_081\img_05.jpg,0,person_605,person_081,negative,-0.008752
D:\biztech\preprocessed_images\person_147\img_05.jpg,D:\biztech\preprocessed_images\person_147\img_08.jpg,1,person_147,person_147,positive,0.774745
D:\biztech\preprocessed_images\person_275\img_01.jpg,D:\biztech\preprocessed_images\person_229\img_06.jpg,0,person_275,person_229,negative,0.029336
D:\biztech\preprocessed_images\person_272\img_01.jpg,D:\biztech\preprocessed_images\person_272\img_05.jpg,1,person_272,person_272,positive,0.859477
D:\biztech\preprocessed_images\person_176\img_01.jpg,D:\biztech\preprocessed_images\person_349\img_04.jpg,0,person_176,person_349,negative,0.023807
D:\biztech\preprocessed_images\person_074\img_12.jpg,D:\biztech\preprocessed_images\person_074\img_15.jpg,1,person_074,person_074,positive,0.821102
D:\biztech\preprocessed_images\person_128\img_05.jpg,D:\biztech\preprocessed_images\person_128\img_06.jpg,1,person_128,person_128,positive,0.640733
D:\biztech\preprocessed_images\person_221\img_05.jpg,D:\biztech\preprocessed_images\person_587\img_01.jpg,0,person_221,person_587,negative,0.277919
D:\biztech\preprocessed_images\person_031\img_22.jpg,D:\biztech\preprocessed_images\person_031\img_30.jpg,1,person_031,person_031,positive,0.499808
D:\biztech\preprocessed_images\person_270\img_01.jpg,D:\biztech\preprocessed_images\person_270\img_02.jpg,1,person_270,person_270,positive,0.594343
D:\biztech\preprocessed_images\person_147\img_09.jpg,D:\biztech\preprocessed_images\person_275\img_03.jpg,0,person_147,person_275,negative,0.094601
D:\biztech\preprocessed_images\person_388\img_01.jpg,D:\biztech\preprocessed_images\person_388\img_05.jpg,1,person_388,person_388,positive,0.877782
D:\biztech\preprocessed_images\person_270\img_01.jpg,D:\biztech\preprocessed_images\person_270\img_05.jpg,1,person_270,person_270,positive,0.691215
D:\biztech\preprocessed_images\person_596\img_02.jpg,D:\biztech\preprocessed_images\person_518\img_02.jpg,0,person_596,person_518,negative,0.286413
D:\biztech\preprocessed_images\person_234\img_01.jpg,D:\biztech\preprocessed_images\person_234\img_02.jpg,1,person_234,person_234,positive,0.724300
D:\biztech\preprocessed_images\person_090\img_10.jpg,D:\biztech\preprocessed_images\person_090\img_15.jpg,1,person_090,person_090,positive,0.617776
D:\biztech\preprocessed_images\person_031\img_07.jpg,D:\biztech\preprocessed_images\person_031\img_21.jpg,1,person_031,person_031,positive,0.684347
D:\biztech\preprocessed_images\person_074\img_08.jpg,D:\biztech\preprocessed_images\person_115\img_05.jpg,0,person_074,person_115,negative,0.096098
D:\biztech\preprocessed_images\person_234\img_01.jpg,D:\biztech\preprocessed_images\person_234\img_04.jpg,1,person_234,person_234,positive,0.785966
D:\biztech\preprocessed_images\person_081\img_07.jpg,D:\biztech\preprocessed_images\person_371\img_03.jpg,0,person_081,person_371,negative,-0.110610
D:\biztech\preprocessed_images\person_251\img_03.jpg,D:\biztech\preprocessed_images\person_285\img_03.jpg,0,person_251,person_285,negative,0.318223
D:\biztech\preprocessed_images\person_026\img_19.jpg,D:\biztech\preprocessed_images\person_026\img_30.jpg,1,person_026,person_026,positive,0.349414
D:\biztech\preprocessed_images\person_353\img_01.jpg,D:\biztech\preprocessed_images\person_559\img_02.jpg,0,person_353,person_559,negative,-0.261248
D:\biztech\preprocessed_images\person_197\img_06.jpg,D:\biztech\preprocessed_images\person_197\img_08.jpg,1,person_197,person_197,positive,0.529963
D:\biztech\preprocessed_images\person_406\img_02.jpg,D:\biztech\preprocessed_images\person_406\img_03.jpg,1,person_406,person_406,positive,0.515308
D:\biztech\preprocessed_images\person_147\img_01.jpg,D:\biztech\preprocessed_images\person_147\img_02.jpg,1,person_147,person_147,positive,0.549239
D:\biztech\preprocessed_images\person_176\img_03.jpg,D:\biztech\preprocessed_images\person_176\img_04.jpg,1,person_176,person_176,positive,0.679656
D:\biztech\preprocessed_images\person_390\img_02.jpg,D:\biztech\preprocessed_images\person_388\img_05.jpg,0,person_390,person_388,negative,-0.085978
D:\biztech\preprocessed_images\person_033\img_17.jpg,D:\biztech\preprocessed_images\person_033\img_28.jpg,1,person_033,person_033,positive,0.258979
D:\biztech\preprocessed_images\person_082\img_04.jpg,D:\biztech\preprocessed_images\person_082\img_15.jpg,1,person_082,person_082,positive,0.744768
D:\biztech\preprocessed_images\person_058\img_01.jpg,D:\biztech\preprocessed_images\person_058\img_03.jpg,1,person_058,person_058,positive,0.566356
D:\biztech\preprocessed_images\person_095\img_08.jpg,D:\biztech\preprocessed_images\person_095\img_15.jpg,1,person_095,person_095,positive,0.727209
D:\biztech\preprocessed_images\person_176\img_04.jpg,D:\biztech\preprocessed_images\person_274\img_04.jpg,0,person_176,person_274,negative,0.178637
D:\biztech\preprocessed_images\person_160\img_01.jpg,D:\biztech\preprocessed_images\person_160\img_07.jpg,1,person_160,person_160,positive,0.464619
D:\biztech\preprocessed_images\person_104\img_05.jpg,D:\biztech\preprocessed_images\person_104\img_13.jpg,1,person_104,person_104,positive,0.536748
D:\biztech\preprocessed_images\person_115\img_05.jpg,D:\biztech\preprocessed_images\person_115\img_09.jpg,1,person_115,person_115,positive,0.360637
D:\biztech\preprocessed_images\person_272\img_06.jpg,D:\biztech\preprocessed_images\person_225\img_02.jpg,0,person_272,person_225,negative,-0.081154
D:\biztech\preprocessed_images\person_105\img_04.jpg,D:\biztech\preprocessed_images\person_105\img_06.jpg,1,person_105,person_105,positive,0.547335
D:\biztech\preprocessed_images\person_058\img_14.jpg,D:\biztech\preprocessed_images\person_028\img_04.jpg,0,person_058,person_028,negative,0.068902
D:\biztech\preprocessed_images\person_345\img_02.jpg,D:\biztech\preprocessed_images\person_345\img_05.jpg,1,person_345,person_345,positive,0.464716
D:\biztech\preprocessed_images\person_364\img_01.jpg,D:\biztech\preprocessed_images\person_364\img_02.jpg,1,person_364,person_364,positive,0.689982
D:\biztech\preprocessed_images\person_297\img_01.jpg,D:\biztech\preprocessed_images\person_081\img_14.jpg,0,person_297,person_081,negative,0.062099
D:\biztech\preprocessed_images\person_082\img_16.jpg,D:\biztech\preprocessed_images\person_047\img_05.jpg,0,person_082,person_047,negative,-0.160979
D:\biztech\preprocessed_images\person_333\img_01.jpg,D:\biztech\preprocessed_images\person_028\img_07.jpg,0,person_333,person_028,negative,-0.296725
D:\biztech\preprocessed_images\person_031\img_20.jpg,D:\biztech\preprocessed_images\person_465\img_01.jpg,0,person_031,person_465,negative,0.087660
D:\biztech\preprocessed_images\person_105\img_05.jpg,D:\biztech\preprocessed_images\person_105\img_11.jpg,1,person_105,person_105,positive,0.924657
D:\biztech\preprocessed_images\person_028\img_07.jpg,D:\biztech\preprocessed_images\person_028\img_13.jpg,1,person_028,person_028,positive,0.838486
D:\biztech\preprocessed_images\person_474\img_01.jpg,D:\biztech\preprocessed_images\person_474\img_04.jpg,1,person_474,person_474,positive,0.513500
D:\biztech\preprocessed_images\person_204\img_02.jpg,D:\biztech\preprocessed_images\person_204\img_07.jpg,1,person_204,person_204,positive,0.262397
D:\biztech\preprocessed_images\person_031\img_05.jpg,D:\biztech\preprocessed_images\person_031\img_11.jpg,1,person_031,person_031,positive,0.605893
D:\biztech\preprocessed_images\person_095\img_02.jpg,D:\biztech\preprocessed_images\person_218\img_07.jpg,0,person_095,person_218,negative,-0.094643
D:\biztech\preprocessed_images\person_323\img_02.jpg,D:\biztech\preprocessed_images\person_323\img_03.jpg,1,person_323,person_323,positive,0.511310
D:\biztech\preprocessed_images\person_074\img_11.jpg,D:\biztech\preprocessed_images\person_470\img_03.jpg,0,person_074,person_470,negative,-0.154453
D:\biztech\preprocessed_images\person_512\img_04.jpg,D:\biztech\preprocessed_images\person_371\img_05.jpg,0,person_512,person_371,negative,-0.011727
D:\biztech\preprocessed_images\person_033\img_03.jpg,D:\biztech\preprocessed_images\person_596\img_02.jpg,0,person_033,person_596,negative,0.001351
D:\biztech\preprocessed_images\person_234\img_02.jpg,D:\biztech\preprocessed_images\person_234\img_03.jpg,1,person_234,person_234,positive,0.545286
D:\biztech\preprocessed_images\person_221\img_02.jpg,D:\biztech\preprocessed_images\person_221\img_03.jpg,1,person_221,person_221,positive,0.780491
D:\biztech\preprocessed_images\person_234\img_02.jpg,D:\biztech\preprocessed_images\person_234\img_07.jpg,1,person_234,person_234,positive,0.627336
D:\biztech\preprocessed_images\person_411\img_01.jpg,D:\biztech\preprocessed_images\person_270\img_02.jpg,0,person_411,person_270,negative,-0.278540
D:\biztech\preprocessed_images\person_128\img_02.jpg,D:\biztech\preprocessed_images\person_128\img_10.jpg,1,person_128,person_128,positive,0.629349
D:\biztech\preprocessed_images\person_282\img_03.jpg,D:\biztech\preprocessed_images\person_282\img_04.jpg,1,person_282,person_282,positive,0.702314
D:\biztech\preprocessed_images\person_147\img_03.jpg,D:\biztech\preprocessed_images\person_147\img_09.jpg,1,person_147,person_147,positive,0.751798
D:\biztech\preprocessed_images\person_164\img_06.jpg,D:\biztech\preprocessed_images\person_164\img_07.jpg,1,person_164,person_164,positive,0.733689
D:\biztech\preprocessed_images\person_229\img_02.jpg,D:\biztech\preprocessed_images\person_229\img_05.jpg,1,person_229,person_229,positive,0.839989
D:\biztech\preprocessed_images\person_047\img_02.jpg,D:\biztech\preprocessed_images\person_047\img_10.jpg,1,person_047,person_047,positive,0.275856
D:\biztech\preprocessed_images\person_167\img_02.jpg,D:\biztech\preprocessed_images\person_167\img_05.jpg,1,person_167,person_167,positive,0.653928
D:\biztech\preprocessed_images\person_026\img_20.jpg,D:\biztech\preprocessed_images\person_026\img_26.jpg,1,person_026,person_026,positive,0.828843
D:\biztech\preprocessed_images\person_604\img_04.jpg,D:\biztech\preprocessed_images\person_164\img_01.jpg,0,person_604,person_164,negative,0.114432
D:\biztech\preprocessed_images\person_215\img_02.jpg,D:\biztech\preprocessed_images\person_215\img_07.jpg,1,person_215,person_215,positive,0.829911
D:\biztech\preprocessed_images\person_026\img_02.jpg,D:\biztech\preprocessed_images\person_095\img_08.jpg,0,person_026,person_095,negative,-0.114996
D:\biztech\preprocessed_images\person_058\img_02.jpg,D:\biztech\preprocessed_images\person_058\img_04.jpg,1,person_058,person_058,positive,0.636478
D:\biztech\preprocessed_images\person_058\img_07.jpg,D:\biztech\preprocessed_images\person_058\img_08.jpg,1,person_058,person_058,positive,0.879646
D:\biztech\preprocessed_images\person_128\img_04.jpg,D:\biztech\preprocessed_images\person_576\img_02.jpg,0,person_128,person_576,negative,-0.136024
D:\biztech\preprocessed_images\person_147\img_02.jpg,D:\biztech\preprocessed_images\person_147\img_04.jpg,1,person_147,person_147,positive,0.534044
D:\biztech\preprocessed_images\person_026\img_04.jpg,D:\biztech\preprocessed_images\person_026\img_24.jpg,1,person_026,person_026,positive,0.824761
D:\biztech\preprocessed_images\person_430\img_04.jpg,D:\biztech\preprocessed_images\person_368\img_01.jpg,0,person_430,person_368,negative,0.040209
D:\biztech\preprocessed_images\person_224\img_01.jpg,D:\biztech\preprocessed_images\person_045\img_16.jpg,0,person_224,person_045,negative,0.184598
D:\biztech\preprocessed_images\person_297\img_04.jpg,D:\biztech\preprocessed_images\person_460\img_04.jpg,0,person_297,person_460,negative,0.398268
D:\biztech\preprocessed_images\person_081\img_11.jpg,D:\biztech\preprocessed_images\person_081\img_14.jpg,1,person_081,person_081,positive,0.678054
D:\biztech\preprocessed_images\person_160\img_02.jpg,D:\biztech\preprocessed_images\person_160\img_07.jpg,1,person_160,person_160,positive,0.690281
D:\biztech\preprocessed_images\person_282\img_04.jpg,D:\biztech\preprocessed_images\person_275\img_04.jpg,0,person_282,person_275,negative,-0.080697
D:\biztech\preprocessed_images\person_105\img_02.jpg,D:\biztech\preprocessed_images\person_105\img_13.jpg,1,person_105,person_105,positive,0.552711
D:\biztech\preprocessed_images\person_058\img_09.jpg,D:\biztech\preprocessed_images\person_058\img_17.jpg,1,person_058,person_058,positive,0.360409
D:\biztech\preprocessed_images\person_221\img_06.jpg,D:\biztech\preprocessed_images\person_576\img_02.jpg,0,person_221,person_576,negative,0.227374
D:\biztech\preprocessed_images\person_390\img_01.jpg,D:\biztech\preprocessed_images\person_031\img_30.jpg,0,person_390,person_031,negative,0.079979
D:\biztech\preprocessed_images\person_374\img_05.jpg,D:\biztech\preprocessed_images\person_324\img_01.jpg,0,person_374,person_324,negative,-0.362391
D:\biztech\preprocessed_images\person_115\img_01.jpg,D:\biztech\preprocessed_images\person_215\img_05.jpg,0,person_115,person_215,negative,0.119150
D:\biztech\preprocessed_images\person_333\img_04.jpg,D:\biztech\preprocessed_images\person_297\img_04.jpg,0,person_333,person_297,negative,0.132314
D:\biztech\preprocessed_images\person_229\img_07.jpg,D:\biztech\preprocessed_images\person_104\img_04.jpg,0,person_229,person_104,negative,-0.102413
D:\biztech\preprocessed_images\person_603\img_03.jpg,D:\biztech\preprocessed_images\person_603\img_04.jpg,1,person_603,person_603,positive,0.734698
D:\biztech\preprocessed_images\person_095\img_01.jpg,D:\biztech\preprocessed_images\person_095\img_03.jpg,1,person_095,person_095,positive,0.632548
D:\biztech\preprocessed_images\person_128\img_02.jpg,D:\biztech\preprocessed_images\person_128\img_07.jpg,1,person_128,person_128,positive,0.642852
D:\biztech\preprocessed_images\person_374\img_03.jpg,D:\biztech\preprocessed_images\person_143\img_06.jpg,0,person_374,person_143,negative,-0.111461
D:\biztech\preprocessed_images\person_460\img_04.jpg,D:\biztech\preprocessed_images\person_333\img_02.jpg,0,person_460,person_333,negative,0.336437
D:\biztech\preprocessed_images\person_411\img_05.jpg,D:\biztech\preprocessed_images\person_224\img_03.jpg,0,person_411,person_224,negative,0.354438
D:\biztech\preprocessed_images\person_100\img_02.jpg,D:\biztech\preprocessed_images\person_100\img_14.jpg,1,person_100,person_100,positive,0.613524
D:\biztech\preprocessed_images\person_270\img_03.jpg,D:\biztech\preprocessed_images\person_550\img_03.jpg,0,person_270,person_550,negative,-0.114743
D:\biztech\preprocessed_images\person_197\img_01.jpg,D:\biztech\preprocessed_images\person_197\img_05.jpg,1,person_197,person_197,positive,0.619035
D:\biztech\preprocessed_images\person_272\img_04.jpg,D:\biztech\preprocessed_images\person_272\img_05.jpg,1,person_272,person_272,positive,0.675799
D:\biztech\preprocessed_images\person_100\img_10.jpg,D:\biztech\preprocessed_images\person_100\img_13.jpg,1,person_100,person_100,positive,0.719500
D:\biztech\preprocessed_images\person_601\img_04.jpg,D:\biztech\preprocessed_images\person_275\img_04.jpg,0,person_601,person_275,negative,-0.274338
D:\biztech\preprocessed_images\person_128\img_08.jpg,D:\biztech\preprocessed_images\person_576\img_03.jpg,0,person_128,person_576,negative,-0.232933
D:\biztech\preprocessed_images\person_081\img_11.jpg,D:\biztech\preprocessed_images\person_518\img_04.jpg,0,person_081,person_518,negative,0.324082
D:\biztech\preprocessed_images\person_204\img_05.jpg,D:\biztech\preprocessed_images\person_028\img_31.jpg,0,person_204,person_028,negative,0.068713
D:\biztech\preprocessed_images\person_143\img_01.jpg,D:\biztech\preprocessed_images\person_143\img_09.jpg,1,person_143,person_143,positive,0.743188
D:\biztech\preprocessed_images\person_323\img_04.jpg,D:\biztech\preprocessed_images\person_104\img_09.jpg,0,person_323,person_104,negative,0.122086
D:\biztech\preprocessed_images\person_168\img_09.jpg,D:\biztech\preprocessed_images\person_271\img_02.jpg,0,person_168,person_271,negative,0.375957
D:\biztech\preprocessed_images\person_100\img_11.jpg,D:\biztech\preprocessed_images\person_100\img_14.jpg,1,person_100,person_100,positive,0.606980
D:\biztech\preprocessed_images\person_074\img_03.jpg,D:\biztech\preprocessed_images\person_074\img_08.jpg,1,person_074,person_074,positive,0.799152
D:\biztech\preprocessed_images\person_518\img_01.jpg,D:\biztech\preprocessed_images\person_353\img_04.jpg,0,person_518,person_353,negative,0.090508
D:\biztech\preprocessed_images\person_270\img_06.jpg,D:\biztech\preprocessed_images\person_275\img_06.jpg,0,person_270,person_275,negative,-0.323573
D:\biztech\preprocessed_images\person_058\img_08.jpg,D:\biztech\preprocessed_images\person_045\img_22.jpg,0,person_058,person_045,negative,0.183456
D:\biztech\preprocessed_images\person_253\img_04.jpg,D:\biztech\preprocessed_images\person_297\img_05.jpg,0,person_253,person_297,negative,0.125865
D:\biztech\preprocessed_images\person_095\img_14.jpg,D:\biztech\preprocessed_images\person_270\img_03.jpg,0,person_095,person_270,negative,0.317366
D:\biztech\preprocessed_images\person_226\img_01.jpg,D:\biztech\preprocessed_images\person_226\img_07.jpg,1,person_226,person_226,positive,0.469633
D:\biztech\preprocessed_images\person_160\img_01.jpg,D:\biztech\preprocessed_images\person_160\img_06.jpg,1,person_160,person_160,positive,0.576982
D:\biztech\preprocessed_images\person_104\img_08.jpg,D:\biztech\preprocessed_images\person_270\img_01.jpg,0,person_104,person_270,negative,-0.301012
D:\biztech\preprocessed_images\person_433\img_01.jpg,D:\biztech\preprocessed_images\person_433\img_04.jpg,1,person_433,person_433,positive,0.352698
D:\biztech\preprocessed_images\person_095\img_06.jpg,D:\biztech\preprocessed_images\person_364\img_03.jpg,0,person_095,person_364,negative,-0.091407
D:\biztech\preprocessed_images\person_380\img_03.jpg,D:\biztech\preprocessed_images\person_380\img_05.jpg,1,person_380,person_380,positive,0.632525
D:\biztech\preprocessed_images\person_074\img_14.jpg,D:\biztech\preprocessed_images\person_074\img_17.jpg,1,person_074,person_074,positive,0.733294
D:\biztech\preprocessed_images\person_371\img_04.jpg,D:\biztech\preprocessed_images\person_576\img_02.jpg,0,person_371,person_576,negative,-0.156477
D:\biztech\preprocessed_images\person_100\img_03.jpg,D:\biztech\preprocessed_images\person_090\img_02.jpg,0,person_100,person_090,negative,-0.059612
D:\biztech\preprocessed_images\person_277\img_04.jpg,D:\biztech\preprocessed_images\person_297\img_02.jpg,0,person_277,person_297,negative,0.062205
D:\biztech\preprocessed_images\person_406\img_04.jpg,D:\biztech\preprocessed_images\person_096\img_10.jpg,0,person_406,person_096,negative,0.111791
D:\biztech\preprocessed_images\person_176\img_01.jpg,D:\biztech\preprocessed_images\person_176\img_09.jpg,1,person_176,person_176,positive,0.762399
D:\biztech\preprocessed_images\person_253\img_01.jpg,D:\biztech\preprocessed_images\person_253\img_05.jpg,1,person_253,person_253,positive,0.356514
D:\biztech\preprocessed_images\person_380\img_05.jpg,D:\biztech\preprocessed_images\person_575\img_03.jpg,0,person_380,person_575,negative,-0.381226
D:\biztech\preprocessed_images\person_224\img_04.jpg,D:\biztech\preprocessed_images\person_433\img_01.jpg,0,person_224,person_433,negative,-0.084965
D:\biztech\preprocessed_images\person_460\img_03.jpg,D:\biztech\preprocessed_images\person_225\img_01.jpg,0,person_460,person_225,negative,0.281429
D:\biztech\preprocessed_images\person_128\img_08.jpg,D:\biztech\preprocessed_images\person_128\img_11.jpg,1,person_128,person_128,positive,0.816685
D:\biztech\preprocessed_images\person_143\img_01.jpg,D:\biztech\preprocessed_images\person_143\img_03.jpg,1,person_143,person_143,positive,0.879373
D:\biztech\preprocessed_images\person_058\img_05.jpg,D:\biztech\preprocessed_images\person_058\img_11.jpg,1,person_058,person_058,positive,-0.000257
D:\biztech\preprocessed_images\person_353\img_02.jpg,D:\biztech\preprocessed_images\person_576\img_01.jpg,0,person_353,person_576,negative,0.006855
D:\biztech\preprocessed_images\person_217\img_01.jpg,D:\biztech\preprocessed_images\person_217\img_06.jpg,1,person_217,person_217,positive,0.865230
D:\biztech\preprocessed_images\person_072\img_13.jpg,D:\biztech\preprocessed_images\person_297\img_02.jpg,0,person_072,person_297,negative,0.308446
D:\biztech\preprocessed_images\person_007\img_09.jpg,D:\biztech\preprocessed_images\person_007\img_17.jpg,1,person_007,person_007,positive,-0.067490
D:\biztech\preprocessed_images\person_081\img_12.jpg,D:\biztech\preprocessed_images\person_081\img_13.jpg,1,person_081,person_081,positive,0.611787
D:\biztech\preprocessed_images\person_217\img_05.jpg,D:\biztech\preprocessed_images\person_217\img_08.jpg,1,person_217,person_217,positive,0.666377
D:\biztech\preprocessed_images\person_271\img_06.jpg,D:\biztech\preprocessed_images\person_221\img_05.jpg,0,person_271,person_221,negative,-0.238001
D:\biztech\preprocessed_images\person_349\img_03.jpg,D:\biztech\preprocessed_images\person_349\img_04.jpg,1,person_349,person_349,positive,0.509117
D:\biztech\preprocessed_images\person_026\img_23.jpg,D:\biztech\preprocessed_images\person_345\img_03.jpg,0,person_026,person_345,negative,0.034195
D:\biztech\preprocessed_images\person_033\img_01.jpg,D:\biztech\preprocessed_images\person_225\img_01.jpg,0,person_033,person_225,negative,-0.105262
D:\biztech\preprocessed_images\person_074\img_10.jpg,D:\biztech\preprocessed_images\person_074\img_12.jpg,1,person_074,person_074,positive,0.693699
D:\biztech\preprocessed_images\person_601\img_04.jpg,D:\biztech\preprocessed_images\person_224\img_04.jpg,0,person_601,person_224,negative,0.425442
D:\biztech\preprocessed_images\person_031\img_27.jpg,D:\biztech\preprocessed_images\person_374\img_05.jpg,0,person_031,person_374,negative,-0.056974
D:\biztech\preprocessed_images\person_100\img_09.jpg,D:\biztech\preprocessed_images\person_100\img_12.jpg,1,person_100,person_100,positive,0.538915
D:\biztech\preprocessed_images\person_600\img_02.jpg,D:\biztech\preprocessed_images\person_600\img_03.jpg,1,person_600,person_600,positive,0.736226
D:\biztech\preprocessed_images\person_550\img_01.jpg,D:\biztech\preprocessed_images\person_550\img_03.jpg,1,person_550,person_550,positive,0.688616
D:\biztech\preprocessed_images\person_345\img_03.jpg,D:\biztech\preprocessed_images\person_345\img_05.jpg,1,person_345,person_345,positive,0.505492
D:\biztech\preprocessed_images\person_128\img_03.jpg,D:\biztech\preprocessed_images\person_128\img_07.jpg,1,person_128,person_128,positive,0.672660
D:\biztech\preprocessed_images\person_282\img_01.jpg,D:\biztech\preprocessed_images\person_430\img_02.jpg,0,person_282,person_430,negative,-0.128049
D:\biztech\preprocessed_images\person_224\img_04.jpg,D:\biztech\preprocessed_images\person_128\img_01.jpg,0,person_224,person_128,negative,0.339723
D:\biztech\preprocessed_images\person_081\img_08.jpg,D:\biztech\preprocessed_images\person_081\img_11.jpg,1,person_081,person_081,positive,0.717625
D:\biztech\preprocessed_images\person_601\img_03.jpg,D:\biztech\preprocessed_images\person_601\img_04.jpg,1,person_601,person_601,positive,0.518387
D:\biztech\preprocessed_images\person_277\img_04.jpg,D:\biztech\preprocessed_images\person_147\img_09.jpg,0,person_277,person_147,negative,0.099841
D:\biztech\preprocessed_images\person_033\img_09.jpg,D:\biztech\preprocessed_images\person_275\img_06.jpg,0,person_033,person_275,negative,0.205287
D:\biztech\preprocessed_images\person_100\img_03.jpg,D:\biztech\preprocessed_images\person_100\img_09.jpg,1,person_100,person_100,positive,0.806193
D:\biztech\preprocessed_images\person_364\img_01.jpg,D:\biztech\preprocessed_images\person_072\img_11.jpg,0,person_364,person_072,negative,0.165692
D:\biztech\preprocessed_images\person_225\img_01.jpg,D:\biztech\preprocessed_images\person_364\img_01.jpg,0,person_225,person_364,negative,-0.130228
D:\biztech\preprocessed_images\person_471\img_02.jpg,D:\biztech\preprocessed_images\person_270\img_06.jpg,0,person_471,person_270,negative,-0.153384
D:\biztech\preprocessed_images\person_047\img_14.jpg,D:\biztech\preprocessed_images\person_047\img_17.jpg,1,person_047,person_047,positive,0.675924
D:\biztech\preprocessed_images\person_100\img_04.jpg,D:\biztech\preprocessed_images\person_100\img_13.jpg,1,person_100,person_100,positive,0.812628
D:\biztech\preprocessed_images\person_601\img_01.jpg,D:\biztech\preprocessed_images\person_411\img_02.jpg,0,person_601,person_411,negative,-0.002745
D:\biztech\preprocessed_images\person_605\img_01.jpg,D:\biztech\preprocessed_images\person_605\img_02.jpg,1,person_605,person_605,positive,0.663703
D:\biztech\preprocessed_images\person_601\img_04.jpg,D:\biztech\preprocessed_images\person_215\img_02.jpg,0,person_601,person_215,negative,-0.179379
D:\biztech\preprocessed_images\person_217\img_03.jpg,D:\biztech\preprocessed_images\person_218\img_06.jpg,0,person_217,person_218,negative,0.126125
D:\biztech\preprocessed_images\person_217\img_08.jpg,D:\biztech\preprocessed_images\person_045\img_07.jpg,0,person_217,person_045,negative,-0.011706
D:\biztech\preprocessed_images\person_100\img_03.jpg,D:\biztech\preprocessed_images\person_100\img_14.jpg,1,person_100,person_100,positive,0.463502
D:\biztech\preprocessed_images\person_160\img_03.jpg,D:\biztech\preprocessed_images\person_368\img_03.jpg,0,person_160,person_368,negative,-0.034879
D:\biztech\preprocessed_images\person_072\img_02.jpg,D:\biztech\preprocessed_images\person_033\img_10.jpg,0,person_072,person_033,negative,-0.091446
D:\biztech\preprocessed_images\person_204\img_02.jpg,D:\biztech\preprocessed_images\person_204\img_04.jpg,1,person_204,person_204,positive,0.308591
D:\biztech\preprocessed_images\person_388\img_03.jpg,D:\biztech\preprocessed_images\person_224\img_07.jpg,0,person_388,person_224,negative,0.267906
D:\biztech\preprocessed_images\person_143\img_04.jpg,D:\biztech\preprocessed_images\person_143\img_11.jpg,1,person_143,person_143,positive,0.697111
D:\biztech\preprocessed_images\person_047\img_03.jpg,D:\biztech\preprocessed_images\person_047\img_21.jpg,1,person_047,person_047,positive,0.637733
D:\biztech\preprocessed_images\person_128\img_04.jpg,D:\biztech\preprocessed_images\person_128\img_06.jpg,1,person_128,person_128,positive,0.503503
D:\biztech\preprocessed_images\person_168\img_03.jpg,D:\biztech\preprocessed_images\person_168\img_07.jpg,1,person_168,person_168,positive,0.727652
D:\biztech\preprocessed_images\person_197\img_08.jpg,D:\biztech\preprocessed_images\person_604\img_04.jpg,0,person_197,person_604,negative,0.414947
D:\biztech\preprocessed_images\person_559\img_03.jpg,D:\biztech\preprocessed_images\person_559\img_04.jpg,1,person_559,person_559,positive,0.588566
D:\biztech\preprocessed_images\person_197\img_02.jpg,D:\biztech\preprocessed_images\person_197\img_06.jpg,1,person_197,person_197,positive,0.610336
D:\biztech\preprocessed_images\person_031\img_05.jpg,D:\biztech\preprocessed_images\person_031\img_15.jpg,1,person_031,person_031,positive,0.315700
D:\biztech\preprocessed_images\person_430\img_01.jpg,D:\biztech\preprocessed_images\person_081\img_14.jpg,0,person_430,person_081,negative,0.290704
D:\biztech\preprocessed_images\person_390\img_03.jpg,D:\biztech\preprocessed_images\person_390\img_04.jpg,1,person_390,person_390,positive,0.014422
D:\biztech\preprocessed_images\person_095\img_02.jpg,D:\biztech\preprocessed_images\person_095\img_06.jpg,1,person_095,person_095,positive,0.560095
D:\biztech\preprocessed_images\person_221\img_02.jpg,D:\biztech\preprocessed_images\person_239\img_04.jpg,0,person_221,person_239,negative,-0.124269
D:\biztech\preprocessed_images\person_239\img_05.jpg,D:\biztech\preprocessed_images\person_285\img_02.jpg,0,person_239,person_285,negative,-0.200226
D:\biztech\preprocessed_images\person_229\img_07.jpg,D:\biztech\preprocessed_images\person_596\img_02.jpg,0,person_229,person_596,negative,0.055798
D:\biztech\preprocessed_images\person_204\img_01.jpg,D:\biztech\preprocessed_images\person_204\img_06.jpg,1,person_204,person_204,positive,0.723274
D:\biztech\preprocessed_images\person_031\img_05.jpg,D:\biztech\preprocessed_images\person_031\img_06.jpg,1,person_031,person_031,positive,0.555246
D:\biztech\preprocessed_images\person_439\img_04.jpg,D:\biztech\preprocessed_images\person_031\img_07.jpg,0,person_439,person_031,negative,-0.075547
D:\biztech\preprocessed_images\person_100\img_01.jpg,D:\biztech\preprocessed_images\person_100\img_02.jpg,1,person_100,person_100,positive,0.639986
D:\biztech\preprocessed_images\person_215\img_07.jpg,D:\biztech\preprocessed_images\person_215\img_08.jpg,1,person_215,person_215,positive,0.770370
D:\biztech\preprocessed_images\person_576\img_01.jpg,D:\biztech\preprocessed_images\person_576\img_04.jpg,1,person_576,person_576,positive,0.736088
D:\biztech\preprocessed_images\person_090\img_03.jpg,D:\biztech\preprocessed_images\person_197\img_01.jpg,0,person_090,person_197,negative,0.050481
D:\biztech\preprocessed_images\person_058\img_02.jpg,D:\biztech\preprocessed_images\person_058\img_16.jpg,1,person_058,person_058,positive,0.300907
D:\biztech\preprocessed_images\person_272\img_02.jpg,D:\biztech\preprocessed_images\person_272\img_06.jpg,1,person_272,person_272,positive,0.730222
D:\biztech\preprocessed_images\person_204\img_02.jpg,D:\biztech\preprocessed_images\person_433\img_02.jpg,0,person_204,person_433,negative,-0.077385
D:\biztech\preprocessed_images\person_353\img_02.jpg,D:\biztech\preprocessed_images\person_197\img_04.jpg,0,person_353,person_197,negative,0.014544
D:\biztech\preprocessed_images\person_323\img_01.jpg,D:\biztech\preprocessed_images\person_323\img_02.jpg,1,person_323,person_323,positive,0.682945
D:\biztech\preprocessed_images\person_345\img_05.jpg,D:\biztech\preprocessed_images\person_225\img_02.jpg,0,person_345,person_225,negative,0.151839
D:\biztech\preprocessed_images\person_471\img_01.jpg,D:\biztech\preprocessed_images\person_096\img_04.jpg,0,person_471,person_096,negative,-0.377508
D:\biztech\preprocessed_images\person_297\img_05.jpg,D:\biztech\preprocessed_images\person_297\img_06.jpg,1,person_297,person_297,positive,0.811259
D:\biztech\preprocessed_images\person_081\img_09.jpg,D:\biztech\preprocessed_images\person_081\img_14.jpg,1,person_081,person_081,positive,0.726527
D:\biztech\preprocessed_images\person_031\img_14.jpg,D:\biztech\preprocessed_images\person_031\img_27.jpg,1,person_031,person_031,positive,0.598923
D:\biztech\preprocessed_images\person_058\img_06.jpg,D:\biztech\preprocessed_images\person_058\img_16.jpg,1,person_058,person_058,positive,0.362619
D:\biztech\preprocessed_images\person_096\img_10.jpg,D:\biztech\preprocessed_images\person_096\img_13.jpg,1,person_096,person_096,positive,0.774850
D:\biztech\preprocessed_images\person_274\img_05.jpg,D:\biztech\preprocessed_images\person_603\img_04.jpg,0,person_274,person_603,negative,-0.100474
D:\biztech\preprocessed_images\person_100\img_03.jpg,D:\biztech\preprocessed_images\person_225\img_03.jpg,0,person_100,person_225,negative,0.137838
D:\biztech\preprocessed_images\person_474\img_01.jpg,D:\biztech\preprocessed_images\person_028\img_10.jpg,0,person_474,person_028,negative,-0.127805
D:\biztech\preprocessed_images\person_096\img_03.jpg,D:\biztech\preprocessed_images\person_575\img_03.jpg,0,person_096,person_575,negative,-0.121912
D:\biztech\preprocessed_images\person_072\img_08.jpg,D:\biztech\preprocessed_images\person_072\img_16.jpg,1,person_072,person_072,positive,0.531926
D:\biztech\preprocessed_images\person_168\img_04.jpg,D:\biztech\preprocessed_images\person_168\img_07.jpg,1,person_168,person_168,positive,0.887013
D:\biztech\preprocessed_images\person_147\img_01.jpg,D:\biztech\preprocessed_images\person_147\img_09.jpg,1,person_147,person_147,positive,0.561606
D:\biztech\preprocessed_images\person_301\img_03.jpg,D:\biztech\preprocessed_images\person_047\img_05.jpg,0,person_301,person_047,negative,-0.135252
D:\biztech\preprocessed_images\person_576\img_04.jpg,D:\biztech\preprocessed_images\person_471\img_02.jpg,0,person_576,person_471,negative,0.405497
D:\biztech\preprocessed_images\person_600\img_01.jpg,D:\biztech\preprocessed_images\person_600\img_02.jpg,1,person_600,person_600,positive,0.341895
D:\biztech\preprocessed_images\person_082\img_10.jpg,D:\biztech\preprocessed_images\person_095\img_07.jpg,0,person_082,person_095,negative,0.131610
D:\biztech\preprocessed_images\person_277\img_01.jpg,D:\biztech\preprocessed_images\person_277\img_05.jpg,1,person_277,person_277,positive,0.493541
D:\biztech\preprocessed_images\person_388\img_01.jpg,D:\biztech\preprocessed_images\person_353\img_03.jpg,0,person_388,person_353,negative,0.194084
D:\biztech\preprocessed_images\person_406\img_02.jpg,D:\biztech\preprocessed_images\person_406\img_05.jpg,1,person_406,person_406,positive,0.479339
D:\biztech\preprocessed_images\person_028\img_29.jpg,D:\biztech\preprocessed_images\person_105\img_08.jpg,0,person_028,person_105,negative,-0.168770
D:\biztech\preprocessed_images\person_596\img_01.jpg,D:\biztech\preprocessed_images\person_596\img_04.jpg,1,person_596,person_596,positive,0.798611
D:\biztech\preprocessed_images\person_274\img_03.jpg,D:\biztech\preprocessed_images\person_277\img_03.jpg,0,person_274,person_277,negative,0.078024
D:\biztech\preprocessed_images\person_096\img_01.jpg,D:\biztech\preprocessed_images\person_096\img_02.jpg,1,person_096,person_096,positive,0.517851
D:\biztech\preprocessed_images\person_128\img_03.jpg,D:\biztech\preprocessed_images\person_128\img_08.jpg,1,person_128,person_128,positive,0.745149
D:\biztech\preprocessed_images\person_604\img_02.jpg,D:\biztech\preprocessed_images\person_604\img_04.jpg,1,person_604,person_604,positive,0.598891
D:\biztech\preprocessed_images\person_160\img_07.jpg,D:\biztech\preprocessed_images\person_090\img_07.jpg,0,person_160,person_090,negative,-0.146378
D:\biztech\preprocessed_images\person_160\img_06.jpg,D:\biztech\preprocessed_images\person_160\img_07.jpg,1,person_160,person_160,positive,0.846716
D:\biztech\preprocessed_images\person_345\img_03.jpg,D:\biztech\preprocessed_images\person_550\img_03.jpg,0,person_345,person_550,negative,-0.138978
D:\biztech\preprocessed_images\person_104\img_01.jpg,D:\biztech\preprocessed_images\person_104\img_03.jpg,1,person_104,person_104,positive,0.394011
D:\biztech\preprocessed_images\person_324\img_01.jpg,D:\biztech\preprocessed_images\person_324\img_03.jpg,1,person_324,person_324,positive,0.719845
D:\biztech\preprocessed_images\person_368\img_02.jpg,D:\biztech\preprocessed_images\person_368\img_04.jpg,1,person_368,person_368,positive,0.759876
D:\biztech\preprocessed_images\person_204\img_02.jpg,D:\biztech\preprocessed_images\person_147\img_05.jpg,0,person_204,person_147,negative,-0.052691
D:\biztech\preprocessed_images\person_104\img_09.jpg,D:\biztech\preprocessed_images\person_104\img_11.jpg,1,person_104,person_104,positive,0.629697
D:\biztech\preprocessed_images\person_115\img_06.jpg,D:\biztech\preprocessed_images\person_115\img_11.jpg,1,person_115,person_115,positive,0.304920
D:\biztech\preprocessed_images\person_105\img_01.jpg,D:\biztech\preprocessed_images\person_105\img_12.jpg,1,person_105,person_105,positive,0.212627
D:\biztech\preprocessed_images\person_239\img_02.jpg,D:\biztech\preprocessed_images\person_559\img_03.jpg,0,person_239,person_559,negative,0.399816
D:\biztech\preprocessed_images\person_439\img_04.jpg,D:\biztech\preprocessed_images\person_115\img_12.jpg,0,person_439,person_115,negative,0.428571
D:\biztech\preprocessed_images\person_104\img_10.jpg,D:\biztech\preprocessed_images\person_104\img_11.jpg,1,person_104,person_104,positive,0.592040
D:\biztech\preprocessed_images\person_270\img_05.jpg,D:\biztech\preprocessed_images\person_430\img_02.jpg,0,person_270,person_430,negative,0.236749
D:\biztech\preprocessed_images\person_323\img_02.jpg,D:\biztech\preprocessed_images\person_353\img_05.jpg,0,person_323,person_353,negative,-0.209301
D:\biztech\preprocessed_images\person_115\img_10.jpg,D:\biztech\preprocessed_images\person_115\img_11.jpg,1,person_115,person_115,positive,0.464396
D:\biztech\preprocessed_images\person_388\img_02.jpg,D:\biztech\preprocessed_images\person_465\img_02.jpg,0,person_388,person_465,negative,-0.213478
D:\biztech\preprocessed_images\person_164\img_02.jpg,D:\biztech\preprocessed_images\person_164\img_09.jpg,1,person_164,person_164,positive,0.086919
D:\biztech\preprocessed_images\person_576\img_03.jpg,D:\biztech\preprocessed_images\person_345\img_05.jpg,0,person_576,person_345,negative,0.169717
D:\biztech\preprocessed_images\person_047\img_05.jpg,D:\biztech\preprocessed_images\person_047\img_17.jpg,1,person_047,person_047,positive,0.722193
D:\biztech\preprocessed_images\person_095\img_09.jpg,D:\biztech\preprocessed_images\person_095\img_12.jpg,1,person_095,person_095,positive,0.143237
D:\biztech\preprocessed_images\person_239\img_03.jpg,D:\biztech\preprocessed_images\person_239\img_06.jpg,1,person_239,person_239,positive,0.588330
D:\biztech\preprocessed_images\person_176\img_05.jpg,D:\biztech\preprocessed_images\person_176\img_09.jpg,1,person_176,person_176,positive,0.690592
D:\biztech\preprocessed_images\person_068\img_14.jpg,D:\biztech\preprocessed_images\person_068\img_16.jpg,1,person_068,person_068,positive,0.689218
D:\biztech\preprocessed_images\person_197\img_01.jpg,D:\biztech\preprocessed_images\person_197\img_03.jpg,1,person_197,person_197,positive,0.833521
D:\biztech\preprocessed_images\person_028\img_22.jpg,D:\biztech\preprocessed_images\person_028\img_28.jpg,1,person_028,person_028,positive,0.787849
D:\biztech\preprocessed_images\person_147\img_08.jpg,D:\biztech\preprocessed_images\person_439\img_03.jpg,0,person_147,person_439,negative,-0.057033
D:\biztech\preprocessed_images\person_197\img_03.jpg,D:\biztech\preprocessed_images\person_371\img_05.jpg,0,person_197,person_371,negative,0.135191
D:\biztech\preprocessed_images\person_274\img_04.jpg,D:\biztech\preprocessed_images\person_251\img_01.jpg,0,person_274,person_251,negative,-0.080906
D:\biztech\preprocessed_images\person_104\img_10.jpg,D:\biztech\preprocessed_images\person_104\img_12.jpg,1,person_104,person_104,positive,0.668164
D:\biztech\preprocessed_images\person_234\img_06.jpg,D:\biztech\preprocessed_images\person_251\img_04.jpg,0,person_234,person_251,negative,0.022184
D:\biztech\preprocessed_images\person_600\img_04.jpg,D:\biztech\preprocessed_images\person_406\img_01.jpg,0,person_600,person_406,negative,0.095694
D:\biztech\preprocessed_images\person_371\img_03.jpg,D:\biztech\preprocessed_images\person_045\img_02.jpg,0,person_371,person_045,negative,0.332911
D:\biztech\preprocessed_images\person_045\img_18.jpg,D:\biztech\preprocessed_images\person_045\img_21.jpg,1,person_045,person_045,positive,0.930012
D:\biztech\preprocessed_images\person_601\img_02.jpg,D:\biztech\preprocessed_images\person_168\img_02.jpg,0,person_601,person_168,negative,-0.050386
D:\biztech\preprocessed_images\person_218\img_01.jpg,D:\biztech\preprocessed_images\person_364\img_02.jpg,0,person_218,person_364,negative,0.093004
D:\biztech\preprocessed_images\person_582\img_02.jpg,D:\biztech\preprocessed_images\person_582\img_04.jpg,1,person_582,person_582,positive,0.743235
D:\biztech\preprocessed_images\person_160\img_02.jpg,D:\biztech\preprocessed_images\person_160\img_03.jpg,1,person_160,person_160,positive,0.585241
D:\biztech\preprocessed_images\person_389\img_03.jpg,D:\biztech\preprocessed_images\person_389\img_05.jpg,1,person_389,person_389,positive,0.590090
D:\biztech\preprocessed_images\person_115\img_07.jpg,D:\biztech\preprocessed_images\person_115\img_13.jpg,1,person_115,person_115,positive,0.802026
D:\biztech\preprocessed_images\person_058\img_02.jpg,D:\biztech\preprocessed_images\person_058\img_20.jpg,1,person_058,person_058,positive,0.600524
D:\biztech\preprocessed_images\person_234\img_03.jpg,D:\biztech\preprocessed_images\person_600\img_01.jpg,0,person_234,person_600,negative,0.411130
D:\biztech\preprocessed_images\person_239\img_05.jpg,D:\biztech\preprocessed_images\person_239\img_06.jpg,1,person_239,person_239,positive,0.327853
D:\biztech\preprocessed_images\person_068\img_09.jpg,D:\biztech\preprocessed_images\person_068\img_18.jpg,1,person_068,person_068,positive,0.633951
D:\biztech\preprocessed_images\person_068\img_01.jpg,D:\biztech\preprocessed_images\person_068\img_12.jpg,1,person_068,person_068,positive,0.652395
D:\biztech\preprocessed_images\person_095\img_05.jpg,D:\biztech\preprocessed_images\person_095\img_14.jpg,1,person_095,person_095,positive,0.251062
D:\biztech\preprocessed_images\person_333\img_05.jpg,D:\biztech\preprocessed_images\person_047\img_21.jpg,0,person_333,person_047,negative,0.041459
D:\biztech\preprocessed_images\person_253\img_01.jpg,D:\biztech\preprocessed_images\person_007\img_65.jpg,0,person_253,person_007,negative,0.134361
D:\biztech\preprocessed_images\person_074\img_17.jpg,D:\biztech\preprocessed_images\person_074\img_18.jpg,1,person_074,person_074,positive,0.866667
D:\biztech\preprocessed_images\person_215\img_03.jpg,D:\biztech\preprocessed_images\person_031\img_05.jpg,0,person_215,person_031,negative,-0.251715
D:\biztech\preprocessed_images\person_058\img_10.jpg,D:\biztech\preprocessed_images\person_058\img_13.jpg,1,person_058,person_058,positive,0.628606
D:\biztech\preprocessed_images\person_128\img_06.jpg,D:\biztech\preprocessed_images\person_128\img_10.jpg,1,person_128,person_128,positive,0.533178
D:\biztech\preprocessed_images\person_274\img_01.jpg,D:\biztech\preprocessed_images\person_274\img_05.jpg,1,person_274,person_274,positive,0.726611
D:\biztech\preprocessed_images\person_204\img_04.jpg,D:\biztech\preprocessed_images\person_204\img_07.jpg,1,person_204,person_204,positive,0.687858
D:\biztech\preprocessed_images\person_143\img_02.jpg,D:\biztech\preprocessed_images\person_143\img_05.jpg,1,person_143,person_143,positive,0.783394
D:\biztech\preprocessed_images\person_239\img_01.jpg,D:\biztech\preprocessed_images\person_333\img_05.jpg,0,person_239,person_333,negative,-0.095710
D:\biztech\preprocessed_images\person_217\img_03.jpg,D:\biztech\preprocessed_images\person_217\img_08.jpg,1,person_217,person_217,positive,0.772474
D:\biztech\preprocessed_images\person_512\img_02.jpg,D:\biztech\preprocessed_images\person_301\img_03.jpg,0,person_512,person_301,negative,0.489373
D:\biztech\preprocessed_images\person_128\img_01.jpg,D:\biztech\preprocessed_images\person_128\img_05.jpg,1,person_128,person_128,positive,0.511346
D:\biztech\preprocessed_images\person_390\img_01.jpg,D:\biztech\preprocessed_images\person_390\img_02.jpg,1,person_390,person_390,positive,0.613037
D:\biztech\preprocessed_images\person_160\img_03.jpg,D:\biztech\preprocessed_images\person_160\img_08.jpg,1,person_160,person_160,positive,0.760290
D:\biztech\preprocessed_images\person_575\img_01.jpg,D:\biztech\preprocessed_images\person_068\img_07.jpg,0,person_575,person_068,negative,-0.196024
D:\biztech\preprocessed_images\person_388\img_01.jpg,D:\biztech\preprocessed_images\person_388\img_02.jpg,1,person_388,person_388,positive,0.903927
D:\biztech\preprocessed_images\person_275\img_03.jpg,D:\biztech\preprocessed_images\person_272\img_01.jpg,0,person_275,person_272,negative,-0.156101
D:\biztech\preprocessed_images\person_081\img_04.jpg,D:\biztech\preprocessed_images\person_081\img_07.jpg,1,person_081,person_081,positive,0.751222
D:\biztech\preprocessed_images\person_090\img_02.jpg,D:\biztech\preprocessed_images\person_090\img_09.jpg,1,person_090,person_090,positive,0.787576
D:\biztech\preprocessed_images\person_215\img_08.jpg,D:\biztech\preprocessed_images\person_104\img_08.jpg,0,person_215,person_104,negative,-0.161208
D:\biztech\preprocessed_images\person_082\img_02.jpg,D:\biztech\preprocessed_images\person_082\img_10.jpg,1,person_082,person_082,positive,0.861947
D:\biztech\preprocessed_images\person_274\img_06.jpg,D:\biztech\preprocessed_images\person_253\img_03.jpg,0,person_274,person_253,negative,-0.015797
D:\biztech\preprocessed_images\person_068\img_10.jpg,D:\biztech\preprocessed_images\person_271\img_03.jpg,0,person_068,person_271,negative,-0.232973
D:\biztech\preprocessed_images\person_234\img_02.jpg,D:\biztech\preprocessed_images\person_234\img_04.jpg,1,person_234,person_234,positive,0.836389
D:\biztech\preprocessed_images\person_251\img_01.jpg,D:\biztech\preprocessed_images\person_251\img_06.jpg,1,person_251,person_251,positive,0.809802
D:\biztech\preprocessed_images\person_333\img_02.jpg,D:\biztech\preprocessed_images\person_090\img_06.jpg,0,person_333,person_090,negative,-0.201153
D:\biztech\preprocessed_images\person_439\img_02.jpg,D:\biztech\preprocessed_images\person_439\img_04.jpg,1,person_439,person_439,positive,0.786674
D:\biztech\preprocessed_images\person_600\img_01.jpg,D:\biztech\preprocessed_images\person_600\img_04.jpg,1,person_600,person_600,positive,0.348887
D:\biztech\preprocessed_images\person_164\img_09.jpg,D:\biztech\preprocessed_images\person_575\img_01.jpg,0,person_164,person_575,negative,-0.006883
D:\biztech\preprocessed_images\person_277\img_03.jpg,D:\biztech\preprocessed_images\person_323\img_01.jpg,0,person_277,person_323,negative,0.308248
D:\biztech\preprocessed_images\person_007\img_26.jpg,D:\biztech\preprocessed_images\person_007\img_46.jpg,1,person_007,person_007,positive,0.656006
D:\biztech\preprocessed_images\person_575\img_01.jpg,D:\biztech\preprocessed_images\person_297\img_05.jpg,0,person_575,person_297,negative,-0.011477
D:\biztech\preprocessed_images\person_104\img_04.jpg,D:\biztech\preprocessed_images\person_239\img_06.jpg,0,person_104,person_239,negative,-0.225146
D:\biztech\preprocessed_images\person_224\img_05.jpg,D:\biztech\preprocessed_images\person_224\img_06.jpg,1,person_224,person_224,positive,0.119403
D:\biztech\preprocessed_images\person_100\img_08.jpg,D:\biztech\preprocessed_images\person_100\img_10.jpg,1,person_100,person_100,positive,0.449078
D:\biztech\preprocessed_images\person_096\img_04.jpg,D:\biztech\preprocessed_images\person_096\img_12.jpg,1,person_096,person_096,positive,0.269131
D:\biztech\preprocessed_images\person_031\img_19.jpg,D:\biztech\preprocessed_images\person_031\img_25.jpg,1,person_031,person_031,positive,0.552830
D:\biztech\preprocessed_images\person_559\img_01.jpg,D:\biztech\preprocessed_images\person_559\img_04.jpg,1,person_559,person_559,positive,0.607535
D:\biztech\preprocessed_images\person_274\img_05.jpg,D:\biztech\preprocessed_images\person_512\img_03.jpg,0,person_274,person_512,negative,-0.054301
D:\biztech\preprocessed_images\person_353\img_01.jpg,D:\biztech\preprocessed_images\person_353\img_05.jpg,1,person_353,person_353,positive,0.340798
D:\biztech\preprocessed_images\person_380\img_05.jpg,D:\biztech\preprocessed_images\person_235\img_04.jpg,0,person_380,person_235,negative,0.305151
D:\biztech\preprocessed_images\person_026\img_07.jpg,D:\biztech\preprocessed_images\person_026\img_15.jpg,1,person_026,person_026,positive,0.561381
D:\biztech\preprocessed_images\person_033\img_07.jpg,D:\biztech\preprocessed_images\person_058\img_05.jpg,0,person_033,person_058,negative,-0.047815
D:\biztech\preprocessed_images\person_217\img_04.jpg,D:\biztech\preprocessed_images\person_389\img_02.jpg,0,person_217,person_389,negative,0.099013
D:\biztech\preprocessed_images\person_282\img_03.jpg,D:\biztech\preprocessed_images\person_282\img_05.jpg,1,person_282,person_282,positive,0.628777
D:\biztech\preprocessed_images\person_512\img_03.jpg,D:\biztech\preprocessed_images\person_512\img_04.jpg,1,person_512,person_512,positive,0.394333
D:\biztech\preprocessed_images\person_167\img_06.jpg,D:\biztech\preprocessed_images\person_235\img_03.jpg,0,person_167,person_235,negative,-0.091723
D:\biztech\preprocessed_images\person_374\img_01.jpg,D:\biztech\preprocessed_images\person_559\img_03.jpg,0,person_374,person_559,negative,0.526205
D:\biztech\preprocessed_images\person_345\img_02.jpg,D:\biztech\preprocessed_images\person_345\img_03.jpg,1,person_345,person_345,positive,0.394460
D:\biztech\preprocessed_images\person_081\img_02.jpg,D:\biztech\preprocessed_images\person_081\img_04.jpg,1,person_081,person_081,positive,0.561375
D:\biztech\preprocessed_images\person_439\img_02.jpg,D:\biztech\preprocessed_images\person_559\img_02.jpg,0,person_439,person_559,negative,0.520850
D:\biztech\preprocessed_images\person_072\img_01.jpg,D:\biztech\preprocessed_images\person_100\img_05.jpg,0,person_072,person_100,negative,-0.137193
D:\biztech\preprocessed_images\person_235\img_05.jpg,D:\biztech\preprocessed_images\person_045\img_10.jpg,0,person_235,person_045,negative,-0.164424
D:\biztech\preprocessed_images\person_323\img_03.jpg,D:\biztech\preprocessed_images\person_406\img_01.jpg,0,person_323,person_406,negative,0.156174
D:\biztech\preprocessed_images\person_297\img_06.jpg,D:\biztech\preprocessed_images\person_411\img_04.jpg,0,person_297,person_411,negative,-0.133949
D:\biztech\preprocessed_images\person_550\img_02.jpg,D:\biztech\preprocessed_images\person_215\img_04.jpg,0,person_550,person_215,negative,-0.019943
D:\biztech\preprocessed_images\person_388\img_05.jpg,D:\biztech\preprocessed_images\person_345\img_02.jpg,0,person_388,person_345,negative,-0.077028
D:\biztech\preprocessed_images\person_389\img_04.jpg,D:\biztech\preprocessed_images\person_430\img_02.jpg,0,person_389,person_430,negative,0.010393
D:\biztech\preprocessed_images\person_607\img_01.jpg,D:\biztech\preprocessed_images\person_596\img_01.jpg,0,person_607,person_596,negative,0.042581
D:\biztech\preprocessed_images\person_147\img_05.jpg,D:\biztech\preprocessed_images\person_147\img_06.jpg,1,person_147,person_147,positive,0.642576
D:\biztech\preprocessed_images\person_095\img_01.jpg,D:\biztech\preprocessed_images\person_095\img_05.jpg,1,person_095,person_095,positive,0.430687
D:\biztech\preprocessed_images\person_221\img_05.jpg,D:\biztech\preprocessed_images\person_221\img_07.jpg,1,person_221,person_221,positive,0.432584
D:\biztech\preprocessed_images\person_072\img_18.jpg,D:\biztech\preprocessed_images\person_460\img_01.jpg,0,person_072,person_460,negative,0.760717
D:\biztech\preprocessed_images\person_031\img_05.jpg,D:\biztech\preprocessed_images\person_031\img_27.jpg,1,person_031,person_031,positive,0.455535
D:\biztech\preprocessed_images\person_074\img_03.jpg,D:\biztech\preprocessed_images\person_074\img_04.jpg,1,person_074,person_074,positive,0.750111
D:\biztech\preprocessed_images\person_100\img_03.jpg,D:\biztech\preprocessed_images\person_576\img_04.jpg,0,person_100,person_576,negative,-0.267428
D:\biztech\preprocessed_images\person_587\img_02.jpg,D:\biztech\preprocessed_images\person_229\img_04.jpg,0,person_587,person_229,negative,-0.007249
D:\biztech\preprocessed_images\person_465\img_01.jpg,D:\biztech\preprocessed_images\person_465\img_03.jpg,1,person_465,person_465,positive,0.285133
D:\biztech\preprocessed_images\person_285\img_06.jpg,D:\biztech\preprocessed_images\person_323\img_01.jpg,0,person_285,person_323,negative,-0.093839
D:\biztech\preprocessed_images\person_605\img_02.jpg,D:\biztech\preprocessed_images\person_605\img_04.jpg,1,person_605,person_605,positive,0.578774
D:\biztech\preprocessed_images\person_217\img_02.jpg,D:\biztech\preprocessed_images\person_587\img_04.jpg,0,person_217,person_587,negative,-0.239127
D:\biztech\preprocessed_images\person_204\img_02.jpg,D:\biztech\preprocessed_images\person_204\img_06.jpg,1,person_204,person_204,positive,0.452890
D:\biztech\preprocessed_images\person_167\img_04.jpg,D:\biztech\preprocessed_images\person_167\img_07.jpg,1,person_167,person_167,positive,0.778592
D:\biztech\preprocessed_images\person_253\img_07.jpg,D:\biztech\preprocessed_images\person_221\img_04.jpg,0,person_253,person_221,negative,0.208632
D:\biztech\preprocessed_images\person_204\img_02.jpg,D:\biztech\preprocessed_images\person_600\img_03.jpg,0,person_204,person_600,negative,-0.121185
D:\biztech\preprocessed_images\person_411\img_01.jpg,D:\biztech\preprocessed_images\person_333\img_01.jpg,0,person_411,person_333,negative,0.158300
D:\biztech\preprocessed_images\person_518\img_04.jpg,D:\biztech\preprocessed_images\person_474\img_02.jpg,0,person_518,person_474,negative,0.057694
D:\biztech\preprocessed_images\person_282\img_04.jpg,D:\biztech\preprocessed_images\person_282\img_06.jpg,1,person_282,person_282,positive,0.523636
D:\biztech\preprocessed_images\person_277\img_01.jpg,D:\biztech\preprocessed_images\person_031\img_28.jpg,0,person_277,person_031,negative,0.041138
D:\biztech\preprocessed_images\person_033\img_06.jpg,D:\biztech\preprocessed_images\person_033\img_25.jpg,1,person_033,person_033,positive,0.580764
D:\biztech\preprocessed_images\person_095\img_08.jpg,D:\biztech\preprocessed_images\person_095\img_13.jpg,1,person_095,person_095,positive,0.742266
D:\biztech\preprocessed_images\person_474\img_04.jpg,D:\biztech\preprocessed_images\person_204\img_04.jpg,0,person_474,person_204,negative,0.075327
D:\biztech\preprocessed_images\person_587\img_04.jpg,D:\biztech\preprocessed_images\person_164\img_03.jpg,0,person_587,person_164,negative,0.139029
D:\biztech\preprocessed_images\person_104\img_04.jpg,D:\biztech\preprocessed_images\person_374\img_05.jpg,0,person_104,person_374,negative,-0.095659
D:\biztech\preprocessed_images\person_371\img_01.jpg,D:\biztech\preprocessed_images\person_371\img_03.jpg,1,person_371,person_371,positive,0.728895
D:\biztech\preprocessed_images\person_274\img_02.jpg,D:\biztech\preprocessed_images\person_274\img_05.jpg,1,person_274,person_274,positive,0.518575
D:\biztech\preprocessed_images\person_603\img_01.jpg,D:\biztech\preprocessed_images\person_550\img_03.jpg,0,person_603,person_550,negative,0.008767
D:\biztech\preprocessed_images\person_028\img_25.jpg,D:\biztech\preprocessed_images\person_433\img_03.jpg,0,person_028,person_433,negative,-0.115672
D:\biztech\preprocessed_images\person_371\img_05.jpg,D:\biztech\preprocessed_images\person_167\img_02.jpg,0,person_371,person_167,negative,0.064455
D:\biztech\preprocessed_images\person_100\img_09.jpg,D:\biztech\preprocessed_images\person_100\img_11.jpg,1,person_100,person_100,positive,0.652284
D:\biztech\preprocessed_images\person_518\img_02.jpg,D:\biztech\preprocessed_images\person_576\img_01.jpg,0,person_518,person_576,negative,-0.127507
D:\biztech\preprocessed_images\person_550\img_01.jpg,D:\biztech\preprocessed_images\person_147\img_07.jpg,0,person_550,person_147,negative,-0.072311
D:\biztech\preprocessed_images\person_430\img_01.jpg,D:\biztech\preprocessed_images\person_026\img_21.jpg,0,person_430,person_026,negative,-0.039029
D:\biztech\preprocessed_images\person_007\img_06.jpg,D:\biztech\preprocessed_images\person_007\img_09.jpg,1,person_007,person_007,positive,-0.033144
D:\biztech\preprocessed_images\person_100\img_10.jpg,D:\biztech\preprocessed_images\person_100\img_11.jpg,1,person_100,person_100,positive,0.739886
D:\biztech\preprocessed_images\person_074\img_02.jpg,D:\biztech\preprocessed_images\person_074\img_10.jpg,1,person_074,person_074,positive,0.760699
D:\biztech\preprocessed_images\person_587\img_03.jpg,D:\biztech\preprocessed_images\person_587\img_04.jpg,1,person_587,person_587,positive,0.800417
D:\biztech\preprocessed_images\person_096\img_07.jpg,D:\biztech\preprocessed_images\person_096\img_13.jpg,1,person_096,person_096,positive,0.263818
D:\biztech\preprocessed_images\person_167\img_01.jpg,D:\biztech\preprocessed_images\person_167\img_06.jpg,1,person_167,person_167,positive,0.757695
D:\biztech\preprocessed_images\person_380\img_02.jpg,D:\biztech\preprocessed_images\person_389\img_01.jpg,0,person_380,person_389,negative,-0.061899
D:\biztech\preprocessed_images\person_047\img_03.jpg,D:\biztech\preprocessed_images\person_047\img_06.jpg,1,person_047,person_047,positive,0.697693
D:\biztech\preprocessed_images\person_218\img_03.jpg,D:\biztech\preprocessed_images\person_234\img_01.jpg,0,person_218,person_234,negative,0.042389
D:\biztech\preprocessed_images\person_104\img_01.jpg,D:\biztech\preprocessed_images\person_104\img_14.jpg,1,person_104,person_104,positive,0.320230
D:\biztech\preprocessed_images\person_271\img_01.jpg,D:\biztech\preprocessed_images\person_271\img_02.jpg,1,person_271,person_271,positive,0.330253
D:\biztech\preprocessed_images\person_218\img_05.jpg,D:\biztech\preprocessed_images\person_275\img_03.jpg,0,person_218,person_275,negative,-0.099677
D:\biztech\preprocessed_images\person_160\img_04.jpg,D:\biztech\preprocessed_images\person_068\img_11.jpg,0,person_160,person_068,negative,0.123968
D:\biztech\preprocessed_images\person_345\img_04.jpg,D:\biztech\preprocessed_images\person_345\img_05.jpg,1,person_345,person_345,positive,0.535591
D:\biztech\preprocessed_images\person_323\img_04.jpg,D:\biztech\preprocessed_images\person_389\img_01.jpg,0,person_323,person_389,negative,0.174623
D:\biztech\preprocessed_images\person_364\img_02.jpg,D:\biztech\preprocessed_images\person_576\img_01.jpg,0,person_364,person_576,negative,-0.019364
D:\biztech\preprocessed_images\person_390\img_04.jpg,D:\biztech\preprocessed_images\person_390\img_05.jpg,1,person_390,person_390,positive,0.145089
D:\biztech\preprocessed_images\person_197\img_03.jpg,D:\biztech\preprocessed_images\person_197\img_08.jpg,1,person_197,person_197,positive,0.365961
D:\biztech\preprocessed_images\person_105\img_04.jpg,D:\biztech\preprocessed_images\person_105\img_10.jpg,1,person_105,person_105,positive,0.907985
D:\biztech\preprocessed_images\person_197\img_04.jpg,D:\biztech\preprocessed_images\person_197\img_06.jpg,1,person_197,person_197,positive,0.651199
D:\biztech\preprocessed_images\person_512\img_01.jpg,D:\biztech\preprocessed_images\person_074\img_11.jpg,0,person_512,person_074,negative,0.346419
D:\biztech\preprocessed_images\person_115\img_08.jpg,D:\biztech\preprocessed_images\person_115\img_11.jpg,1,person_115,person_115,positive,0.533045
D:\biztech\preprocessed_images\person_218\img_02.jpg,D:\biztech\preprocessed_images\person_218\img_05.jpg,1,person_218,person_218,positive,0.660721
D:\biztech\preprocessed_images\person_033\img_28.jpg,D:\biztech\preprocessed_images\person_439\img_01.jpg,0,person_033,person_439,negative,0.099462
D:\biztech\preprocessed_images\person_147\img_04.jpg,D:\biztech\preprocessed_images\person_147\img_08.jpg,1,person_147,person_147,positive,0.823868
D:\biztech\preprocessed_images\person_164\img_04.jpg,D:\biztech\preprocessed_images\person_047\img_04.jpg,0,person_164,person_047,negative,0.327779
D:\biztech\preprocessed_images\person_235\img_04.jpg,D:\biztech\preprocessed_images\person_235\img_06.jpg,1,person_235,person_235,positive,0.718038
D:\biztech\preprocessed_images\person_587\img_02.jpg,D:\biztech\preprocessed_images\person_333\img_05.jpg,0,person_587,person_333,negative,-0.013942
D:\biztech\preprocessed_images\person_272\img_02.jpg,D:\biztech\preprocessed_images\person_272\img_04.jpg,1,person_272,person_272,positive,0.812601
D:\biztech\preprocessed_images\person_465\img_01.jpg,D:\biztech\preprocessed_images\person_465\img_04.jpg,1,person_465,person_465,positive,0.421184
D:\biztech\preprocessed_images\person_058\img_05.jpg,D:\biztech\preprocessed_images\person_058\img_08.jpg,1,person_058,person_058,positive,0.074810
D:\biztech\preprocessed_images\person_301\img_01.jpg,D:\biztech\preprocessed_images\person_164\img_07.jpg,0,person_301,person_164,negative,0.180510
D:\biztech\preprocessed_images\person_601\img_01.jpg,D:\biztech\preprocessed_images\person_601\img_04.jpg,1,person_601,person_601,positive,0.627635
D:\biztech\preprocessed_images\person_323\img_01.jpg,D:\biztech\preprocessed_images\person_285\img_02.jpg,0,person_323,person_285,negative,0.124418
D:\biztech\preprocessed_images\person_368\img_04.jpg,D:\biztech\preprocessed_images\person_512\img_04.jpg,0,person_368,person_512,negative,-0.042864
D:\biztech\preprocessed_images\person_082\img_08.jpg,D:\biztech\preprocessed_images\person_082\img_13.jpg,1,person_082,person_082,positive,0.804153
D:\biztech\preprocessed_images\person_275\img_03.jpg,D:\biztech\preprocessed_images\person_275\img_05.jpg,1,person_275,person_275,positive,0.637051
D:\biztech\preprocessed_images\person_072\img_16.jpg,D:\biztech\preprocessed_images\person_353\img_01.jpg,0,person_072,person_353,negative,0.159437
D:\biztech\preprocessed_images\person_221\img_02.jpg,D:\biztech\preprocessed_images\person_221\img_07.jpg,1,person_221,person_221,positive,0.413071
D:\biztech\preprocessed_images\person_225\img_01.jpg,D:\biztech\preprocessed_images\person_081\img_10.jpg,0,person_225,person_081,negative,0.123131
D:\biztech\preprocessed_images\person_115\img_04.jpg,D:\biztech\preprocessed_images\person_115\img_11.jpg,1,person_115,person_115,positive,0.420184
D:\biztech\preprocessed_images\person_433\img_04.jpg,D:\biztech\preprocessed_images\person_072\img_13.jpg,0,person_433,person_072,negative,-0.210196
D:\biztech\preprocessed_images\person_072\img_01.jpg,D:\biztech\preprocessed_images\person_072\img_13.jpg,1,person_072,person_072,positive,0.428935
D:\biztech\preprocessed_images\person_221\img_07.jpg,D:\biztech\preprocessed_images\person_031\img_07.jpg,0,person_221,person_031,negative,0.383620
D:\biztech\preprocessed_images\person_333\img_02.jpg,D:\biztech\preprocessed_images\person_349\img_02.jpg,0,person_333,person_349,negative,0.375868
D:\biztech\preprocessed_images\person_168\img_01.jpg,D:\biztech\preprocessed_images\person_168\img_03.jpg,1,person_168,person_168,positive,0.824019
D:\biztech\preprocessed_images\person_277\img_06.jpg,D:\biztech\preprocessed_images\person_218\img_07.jpg,0,person_277,person_218,negative,0.022367
D:\biztech\preprocessed_images\person_143\img_09.jpg,D:\biztech\preprocessed_images\person_600\img_02.jpg,0,person_143,person_600,negative,-0.072332
D:\biztech\preprocessed_images\person_167\img_03.jpg,D:\biztech\preprocessed_images\person_167\img_06.jpg,1,person_167,person_167,positive,0.781573
D:\biztech\preprocessed_images\person_096\img_10.jpg,D:\biztech\preprocessed_images\person_275\img_04.jpg,0,person_096,person_275,negative,0.110622
D:\biztech\preprocessed_images\person_607\img_03.jpg,D:\biztech\preprocessed_images\person_100\img_09.jpg,0,person_607,person_100,negative,-0.429476
D:\biztech\preprocessed_images\person_371\img_02.jpg,D:\biztech\preprocessed_images\person_371\img_05.jpg,1,person_371,person_371,positive,0.660759
D:\biztech\preprocessed_images\person_380\img_01.jpg,D:\biztech\preprocessed_images\person_380\img_04.jpg,1,person_380,person_380,positive,0.366268
D:\biztech\preprocessed_images\person_270\img_03.jpg,D:\biztech\preprocessed_images\person_270\img_06.jpg,1,person_270,person_270,positive,0.530004
D:\biztech\preprocessed_images\person_115\img_12.jpg,D:\biztech\preprocessed_images\person_470\img_02.jpg,0,person_115,person_470,negative,-0.320881
D:\biztech\preprocessed_images\person_433\img_04.jpg,D:\biztech\preprocessed_images\person_164\img_03.jpg,0,person_433,person_164,negative,-0.168316
D:\biztech\preprocessed_images\person_601\img_04.jpg,D:\biztech\preprocessed_images\person_607\img_04.jpg,0,person_601,person_607,negative,0.218886
D:\biztech\preprocessed_images\person_411\img_02.jpg,D:\biztech\preprocessed_images\person_411\img_05.jpg,1,person_411,person_411,positive,0.640807
D:\biztech\preprocessed_images\person_225\img_02.jpg,D:\biztech\preprocessed_images\person_225\img_04.jpg,1,person_225,person_225,positive,0.854963
D:\biztech\preprocessed_images\person_047\img_12.jpg,D:\biztech\preprocessed_images\person_047\img_14.jpg,1,person_047,person_047,positive,0.882780
D:\biztech\preprocessed_images\person_128\img_04.jpg,D:\biztech\preprocessed_images\person_128\img_09.jpg,1,person_128,person_128,positive,0.429872
D:\biztech\preprocessed_images\person_433\img_03.jpg,D:\biztech\preprocessed_images\person_225\img_06.jpg,0,person_433,person_225,negative,-0.005046
D:\biztech\preprocessed_images\person_218\img_06.jpg,D:\biztech\preprocessed_images\person_081\img_17.jpg,0,person_218,person_081,negative,-0.155770
D:\biztech\preprocessed_images\person_072\img_05.jpg,D:\biztech\preprocessed_images\person_072\img_17.jpg,1,person_072,person_072,positive,0.288481
D:\biztech\preprocessed_images\person_033\img_24.jpg,D:\biztech\preprocessed_images\person_033\img_25.jpg,1,person_033,person_033,positive,0.481268
D:\biztech\preprocessed_images\person_229\img_03.jpg,D:\biztech\preprocessed_images\person_368\img_03.jpg,0,person_229,person_368,negative,-0.236365
D:\biztech\preprocessed_images\person_353\img_03.jpg,D:\biztech\preprocessed_images\person_353\img_04.jpg,1,person_353,person_353,positive,0.391894
D:\biztech\preprocessed_images\person_333\img_05.jpg,D:\biztech\preprocessed_images\person_197\img_01.jpg,0,person_333,person_197,negative,0.137154
D:\biztech\preprocessed_images\person_604\img_02.jpg,D:\biztech\preprocessed_images\person_251\img_03.jpg,0,person_604,person_251,negative,0.184835
D:\biztech\preprocessed_images\person_226\img_02.jpg,D:\biztech\preprocessed_images\person_226\img_04.jpg,1,person_226,person_226,positive,0.812236
D:\biztech\preprocessed_images\person_239\img_02.jpg,D:\biztech\preprocessed_images\person_239\img_04.jpg,1,person_239,person_239,positive,0.771297
D:\biztech\preprocessed_images\person_582\img_04.jpg,D:\biztech\preprocessed_images\person_603\img_02.jpg,0,person_582,person_603,negative,0.104013
D:\biztech\preprocessed_images\person_176\img_02.jpg,D:\biztech\preprocessed_images\person_176\img_04.jpg,1,person_176,person_176,positive,0.524933
D:\biztech\preprocessed_images\person_081\img_05.jpg,D:\biztech\preprocessed_images\person_081\img_14.jpg,1,person_081,person_081,positive,0.682204
D:\biztech\preprocessed_images\person_007\img_28.jpg,D:\biztech\preprocessed_images\person_007\img_44.jpg,1,person_007,person_007,positive,0.567593
D:\biztech\preprocessed_images\person_168\img_03.jpg,D:\biztech\preprocessed_images\person_168\img_04.jpg,1,person_168,person_168,positive,0.718417
D:\biztech\preprocessed_images\person_323\img_05.jpg,D:\biztech\preprocessed_images\person_582\img_03.jpg,0,person_323,person_582,negative,0.478067
D:\biztech\preprocessed_images\person_550\img_01.jpg,D:\biztech\preprocessed_images\person_221\img_04.jpg,0,person_550,person_221,negative,-0.336217
D:\biztech\preprocessed_images\person_143\img_04.jpg,D:\biztech\preprocessed_images\person_143\img_09.jpg,1,person_143,person_143,positive,0.716447
D:\biztech\preprocessed_images\person_270\img_03.jpg,D:\biztech\preprocessed_images\person_277\img_04.jpg,0,person_270,person_277,negative,-0.003383
D:\biztech\preprocessed_images\person_197\img_04.jpg,D:\biztech\preprocessed_images\person_197\img_07.jpg,1,person_197,person_197,positive,0.536177
D:\biztech\preprocessed_images\person_058\img_11.jpg,D:\biztech\preprocessed_images\person_217\img_03.jpg,0,person_058,person_217,negative,-0.343681
D:\biztech\preprocessed_images\person_026\img_33.jpg,D:\biztech\preprocessed_images\person_275\img_05.jpg,0,person_026,person_275,negative,-0.071939
D:\biztech\preprocessed_images\person_460\img_03.jpg,D:\biztech\preprocessed_images\person_324\img_03.jpg,0,person_460,person_324,negative,-0.071213
D:\biztech\preprocessed_images\person_345\img_01.jpg,D:\biztech\preprocessed_images\person_345\img_02.jpg,1,person_345,person_345,positive,0.749700
D:\biztech\preprocessed_images\person_275\img_01.jpg,D:\biztech\preprocessed_images\person_275\img_02.jpg,1,person_275,person_275,positive,0.452888
D:\biztech\preprocessed_images\person_371\img_01.jpg,D:\biztech\preprocessed_images\person_600\img_03.jpg,0,person_371,person_600,negative,-0.184456
D:\biztech\preprocessed_images\person_251\img_03.jpg,D:\biztech\preprocessed_images\person_251\img_04.jpg,1,person_251,person_251,positive,0.819917
D:\biztech\preprocessed_images\person_229\img_05.jpg,D:\biztech\preprocessed_images\person_333\img_03.jpg,0,person_229,person_333,negative,-0.071542
D:\biztech\preprocessed_images\person_168\img_03.jpg,D:\biztech\preprocessed_images\person_168\img_09.jpg,1,person_168,person_168,positive,0.365167
D:\biztech\preprocessed_images\person_204\img_02.jpg,D:\biztech\preprocessed_images\person_406\img_03.jpg,0,person_204,person_406,negative,-0.119894
D:\biztech\preprocessed_images\person_607\img_02.jpg,D:\biztech\preprocessed_images\person_607\img_03.jpg,1,person_607,person_607,positive,0.397273
D:\biztech\preprocessed_images\person_007\img_02.jpg,D:\biztech\preprocessed_images\person_007\img_05.jpg,1,person_007,person_007,positive,0.577992
D:\biztech\preprocessed_images\person_576\img_02.jpg,D:\biztech\preprocessed_images\person_576\img_04.jpg,1,person_576,person_576,positive,0.606209
D:\biztech\preprocessed_images\person_587\img_01.jpg,D:\biztech\preprocessed_images\person_587\img_04.jpg,1,person_587,person_587,positive,0.825624
D:\biztech\preprocessed_images\person_047\img_19.jpg,D:\biztech\preprocessed_images\person_277\img_04.jpg,0,person_047,person_277,negative,-0.393015
D:\biztech\preprocessed_images\person_251\img_01.jpg,D:\biztech\preprocessed_images\person_277\img_02.jpg,0,person_251,person_277,negative,-0.197600
D:\biztech\preprocessed_images\person_074\img_09.jpg,D:\biztech\preprocessed_images\person_074\img_18.jpg,1,person_074,person_074,positive,0.810573
D:\biztech\preprocessed_images\person_100\img_04.jpg,D:\biztech\preprocessed_images\person_474\img_02.jpg,0,person_100,person_474,negative,-0.048941
D:\biztech\preprocessed_images\person_045\img_11.jpg,D:\biztech\preprocessed_images\person_512\img_01.jpg,0,person_045,person_512,negative,-0.116909
D:\biztech\preprocessed_images\person_353\img_01.jpg,D:\biztech\preprocessed_images\person_345\img_04.jpg,0,person_353,person_345,negative,0.178601
D:\biztech\preprocessed_images\person_430\img_02.jpg,D:\biztech\preprocessed_images\person_430\img_03.jpg,1,person_430,person_430,positive,0.654142
D:\biztech\preprocessed_images\person_072\img_07.jpg,D:\biztech\preprocessed_images\person_072\img_17.jpg,1,person_072,person_072,positive,0.622560
D:\biztech\preprocessed_images\person_596\img_03.jpg,D:\biztech\preprocessed_images\person_576\img_04.jpg,0,person_596,person_576,negative,-0.061834
D:\biztech\preprocessed_images\person_105\img_04.jpg,D:\biztech\preprocessed_images\person_105\img_13.jpg,1,person_105,person_105,positive,0.819625
D:\biztech\preprocessed_images\person_028\img_03.jpg,D:\biztech\preprocessed_images\person_028\img_07.jpg,1,person_028,person_028,positive,0.773796
D:\biztech\preprocessed_images\person_215\img_06.jpg,D:\biztech\preprocessed_images\person_215\img_08.jpg,1,person_215,person_215,positive,0.884345
D:\biztech\preprocessed_images\person_204\img_03.jpg,D:\biztech\preprocessed_images\person_204\img_06.jpg,1,person_204,person_204,positive,0.694023
D:\biztech\preprocessed_images\person_251\img_01.jpg,D:\biztech\preprocessed_images\person_297\img_04.jpg,0,person_251,person_297,negative,0.028603
D:\biztech\preprocessed_images\person_271\img_01.jpg,D:\biztech\preprocessed_images\person_271\img_04.jpg,1,person_271,person_271,positive,0.430040
D:\biztech\preprocessed_images\person_389\img_03.jpg,D:\biztech\preprocessed_images\person_596\img_01.jpg,0,person_389,person_596,negative,0.098543
D:\biztech\preprocessed_images\person_215\img_01.jpg,D:\biztech\preprocessed_images\person_215\img_03.jpg,1,person_215,person_215,positive,0.845008
D:\biztech\preprocessed_images\person_096\img_08.jpg,D:\biztech\preprocessed_images\person_096\img_15.jpg,1,person_096,person_096,positive,0.259715
D:\biztech\preprocessed_images\person_349\img_01.jpg,D:\biztech\preprocessed_images\person_349\img_05.jpg,1,person_349,person_349,positive,0.771380
D:\biztech\preprocessed_images\person_081\img_14.jpg,D:\biztech\preprocessed_images\person_297\img_06.jpg,0,person_081,person_297,negative,0.028128
D:\biztech\preprocessed_images\person_239\img_05.jpg,D:\biztech\preprocessed_images\person_239\img_07.jpg,1,person_239,person_239,positive,0.929702
D:\biztech\preprocessed_images\person_047\img_02.jpg,D:\biztech\preprocessed_images\person_047\img_22.jpg,1,person_047,person_047,positive,0.745247
D:\biztech\preprocessed_images\person_168\img_01.jpg,D:\biztech\preprocessed_images\person_168\img_08.jpg,1,person_168,person_168,positive,0.616594
D:\biztech\preprocessed_images\person_274\img_04.jpg,D:\biztech\preprocessed_images\person_176\img_03.jpg,0,person_274,person_176,negative,0.368018
D:\biztech\preprocessed_images\person_272\img_03.jpg,D:\biztech\preprocessed_images\person_465\img_04.jpg,0,person_272,person_465,negative,-0.175093
D:\biztech\preprocessed_images\person_081\img_07.jpg,D:\biztech\preprocessed_images\person_081\img_08.jpg,1,person_081,person_081,positive,0.754478
D:\biztech\preprocessed_images\person_104\img_02.jpg,D:\biztech\preprocessed_images\person_115\img_06.jpg,0,person_104,person_115,negative,0.024870
D:\biztech\preprocessed_images\person_115\img_08.jpg,D:\biztech\preprocessed_images\person_128\img_02.jpg,0,person_115,person_128,negative,0.104597
D:\biztech\preprocessed_images\person_128\img_07.jpg,D:\biztech\preprocessed_images\person_128\img_09.jpg,1,person_128,person_128,positive,0.695019
D:\biztech\preprocessed_images\person_596\img_01.jpg,D:\biztech\preprocessed_images\person_068\img_16.jpg,0,person_596,person_068,negative,0.135590
D:\biztech\preprocessed_images\person_229\img_04.jpg,D:\biztech\preprocessed_images\person_229\img_05.jpg,1,person_229,person_229,positive,0.754758
D:\biztech\preprocessed_images\person_082\img_10.jpg,D:\biztech\preprocessed_images\person_082\img_12.jpg,1,person_082,person_082,positive,0.833694
D:\biztech\preprocessed_images\person_128\img_02.jpg,D:\biztech\preprocessed_images\person_271\img_01.jpg,0,person_128,person_271,negative,-0.010951
D:\biztech\preprocessed_images\person_160\img_03.jpg,D:\biztech\preprocessed_images\person_160\img_05.jpg,1,person_160,person_160,positive,0.815648
D:\biztech\preprocessed_images\person_512\img_04.jpg,D:\biztech\preprocessed_images\person_411\img_03.jpg,0,person_512,person_411,negative,-0.095017
D:\biztech\preprocessed_images\person_239\img_05.jpg,D:\biztech\preprocessed_images\person_389\img_02.jpg,0,person_239,person_389,negative,0.622917
D:\biztech\preprocessed_images\person_368\img_03.jpg,D:\biztech\preprocessed_images\person_368\img_04.jpg,1,person_368,person_368,positive,0.306594
D:\biztech\preprocessed_images\person_272\img_04.jpg,D:\biztech\preprocessed_images\person_272\img_06.jpg,1,person_272,person_272,positive,0.647308
D:\biztech\preprocessed_images\person_601\img_03.jpg,D:\biztech\preprocessed_images\person_323\img_03.jpg,0,person_601,person_323,negative,0.082806
D:\biztech\preprocessed_images\person_439\img_01.jpg,D:\biztech\preprocessed_images\person_160\img_06.jpg,0,person_439,person_160,negative,-0.259626
D:\biztech\preprocessed_images\person_204\img_05.jpg,D:\biztech\preprocessed_images\person_204\img_08.jpg,1,person_204,person_204,positive,0.743694
D:\biztech\preprocessed_images\person_026\img_19.jpg,D:\biztech\preprocessed_images\person_026\img_22.jpg,1,person_026,person_026,positive,0.707145
D:\biztech\preprocessed_images\person_471\img_01.jpg,D:\biztech\preprocessed_images\person_471\img_02.jpg,1,person_471,person_471,positive,0.748075
D:\biztech\preprocessed_images\person_604\img_01.jpg,D:\biztech\preprocessed_images\person_600\img_03.jpg,0,person_604,person_600,negative,-0.226223
D:\biztech\preprocessed_images\person_074\img_06.jpg,D:\biztech\preprocessed_images\person_229\img_07.jpg,0,person_074,person_229,negative,-0.047648
D:\biztech\preprocessed_images\person_224\img_03.jpg,D:\biztech\preprocessed_images\person_224\img_05.jpg,1,person_224,person_224,positive,0.694652
D:\biztech\preprocessed_images\person_229\img_01.jpg,D:\biztech\preprocessed_images\person_229\img_04.jpg,1,person_229,person_229,positive,0.754055
D:\biztech\preprocessed_images\person_081\img_04.jpg,D:\biztech\preprocessed_images\person_028\img_21.jpg,0,person_081,person_028,negative,-0.048248
D:\biztech\preprocessed_images\person_380\img_01.jpg,D:\biztech\preprocessed_images\person_380\img_02.jpg,1,person_380,person_380,positive,0.492914
D:\biztech\preprocessed_images\person_143\img_03.jpg,D:\biztech\preprocessed_images\person_143\img_07.jpg,1,person_143,person_143,positive,0.720948
D:\biztech\preprocessed_images\person_068\img_01.jpg,D:\biztech\preprocessed_images\person_068\img_04.jpg,1,person_068,person_068,positive,0.717798
D:\biztech\preprocessed_images\person_143\img_06.jpg,D:\biztech\preprocessed_images\person_068\img_01.jpg,0,person_143,person_068,negative,-0.119376
D:\biztech\preprocessed_images\person_217\img_02.jpg,D:\biztech\preprocessed_images\person_217\img_04.jpg,1,person_217,person_217,positive,0.705272
D:\biztech\preprocessed_images\person_282\img_02.jpg,D:\biztech\preprocessed_images\person_282\img_04.jpg,1,person_282,person_282,positive,0.636470
D:\biztech\preprocessed_images\person_058\img_08.jpg,D:\biztech\preprocessed_images\person_559\img_02.jpg,0,person_058,person_559,negative,0.102300
D:\biztech\preprocessed_images\person_323\img_01.jpg,D:\biztech\preprocessed_images\person_323\img_03.jpg,1,person_323,person_323,positive,0.556545
D:\biztech\preprocessed_images\person_143\img_06.jpg,D:\biztech\preprocessed_images\person_143\img_07.jpg,1,person_143,person_143,positive,0.618952
D:\biztech\preprocessed_images\person_353\img_05.jpg,D:\biztech\preprocessed_images\person_074\img_08.jpg,0,person_353,person_074,negative,-0.097184
D:\biztech\preprocessed_images\person_239\img_01.jpg,D:\biztech\preprocessed_images\person_239\img_07.jpg,1,person_239,person_239,positive,0.423173
D:\biztech\preprocessed_images\person_104\img_09.jpg,D:\biztech\preprocessed_images\person_559\img_01.jpg,0,person_104,person_559,negative,-0.135282
D:\biztech\preprocessed_images\person_100\img_14.jpg,D:\biztech\preprocessed_images\person_390\img_05.jpg,0,person_100,person_390,negative,0.006507
D:\biztech\preprocessed_images\person_033\img_09.jpg,D:\biztech\preprocessed_images\person_601\img_03.jpg,0,person_033,person_601,negative,0.149102
D:\biztech\preprocessed_images\person_226\img_05.jpg,D:\biztech\preprocessed_images\person_587\img_04.jpg,0,person_226,person_587,negative,0.287203
D:\biztech\preprocessed_images\person_147\img_01.jpg,D:\biztech\preprocessed_images\person_147\img_05.jpg,1,person_147,person_147,positive,0.730615
D:\biztech\preprocessed_images\person_167\img_06.jpg,D:\biztech\preprocessed_images\person_167\img_09.jpg,1,person_167,person_167,positive,0.489724
D:\biztech\preprocessed_images\person_471\img_02.jpg,D:\biztech\preprocessed_images\person_388\img_01.jpg,0,person_471,person_388,negative,0.316010
D:\biztech\preprocessed_images\person_272\img_02.jpg,D:\biztech\preprocessed_images\person_272\img_03.jpg,1,person_272,person_272,positive,0.765052
D:\biztech\preprocessed_images\person_512\img_03.jpg,D:\biztech\preprocessed_images\person_045\img_22.jpg,0,person_512,person_045,negative,-0.116920
D:\biztech\preprocessed_images\person_217\img_01.jpg,D:\biztech\preprocessed_images\person_217\img_08.jpg,1,person_217,person_217,positive,0.848379
D:\biztech\preprocessed_images\person_104\img_07.jpg,D:\biztech\preprocessed_images\person_104\img_11.jpg,1,person_104,person_104,positive,0.258190
D:\biztech\preprocessed_images\person_600\img_04.jpg,D:\biztech\preprocessed_images\person_104\img_07.jpg,0,person_600,person_104,negative,-0.002038
D:\biztech\preprocessed_images\person_380\img_01.jpg,D:\biztech\preprocessed_images\person_380\img_03.jpg,1,person_380,person_380,positive,0.354951
D:\biztech\preprocessed_images\person_364\img_02.jpg,D:\biztech\preprocessed_images\person_275\img_06.jpg,0,person_364,person_275,negative,0.489889
D:\biztech\preprocessed_images\person_605\img_02.jpg,D:\biztech\preprocessed_images\person_096\img_03.jpg,0,person_605,person_096,negative,-0.394194
D:\biztech\preprocessed_images\person_411\img_02.jpg,D:\biztech\preprocessed_images\person_411\img_03.jpg,1,person_411,person_411,positive,0.379355
D:\biztech\preprocessed_images\person_575\img_04.jpg,D:\biztech\preprocessed_images\person_197\img_02.jpg,0,person_575,person_197,negative,-0.169957
D:\biztech\preprocessed_images\person_224\img_05.jpg,D:\biztech\preprocessed_images\person_096\img_02.jpg,0,person_224,person_096,negative,-0.231165
D:\biztech\preprocessed_images\person_058\img_06.jpg,D:\biztech\preprocessed_images\person_058\img_15.jpg,1,person_058,person_058,positive,0.819999
D:\biztech\preprocessed_images\person_582\img_02.jpg,D:\biztech\preprocessed_images\person_168\img_07.jpg,0,person_582,person_168,negative,-0.378861
D:\biztech\preprocessed_images\person_160\img_09.jpg,D:\biztech\preprocessed_images\person_474\img_01.jpg,0,person_160,person_474,negative,-0.001218
D:\biztech\preprocessed_images\person_605\img_01.jpg,D:\biztech\preprocessed_images\person_518\img_02.jpg,0,person_605,person_518,negative,0.064973
D:\biztech\preprocessed_images\person_045\img_09.jpg,D:\biztech\preprocessed_images\person_045\img_21.jpg,1,person_045,person_045,positive,0.765614
D:\biztech\preprocessed_images\person_474\img_04.jpg,D:\biztech\preprocessed_images\person_047\img_05.jpg,0,person_474,person_047,negative,-0.219236
D:\biztech\preprocessed_images\person_371\img_02.jpg,D:\biztech\preprocessed_images\person_323\img_01.jpg,0,person_371,person_323,negative,-0.069119
D:\biztech\preprocessed_images\person_105\img_09.jpg,D:\biztech\preprocessed_images\person_105\img_14.jpg,1,person_105,person_105,positive,0.251404
D:\biztech\preprocessed_images\person_068\img_04.jpg,D:\biztech\preprocessed_images\person_068\img_12.jpg,1,person_068,person_068,positive,0.589645
D:\biztech\preprocessed_images\person_550\img_02.jpg,D:\biztech\preprocessed_images\person_368\img_04.jpg,0,person_550,person_368,negative,-0.247842
D:\biztech\preprocessed_images\person_026\img_10.jpg,D:\biztech\preprocessed_images\person_026\img_29.jpg,1,person_026,person_026,positive,0.563977
D:\biztech\preprocessed_images\person_253\img_02.jpg,D:\biztech\preprocessed_images\person_253\img_04.jpg,1,person_253,person_253,positive,0.665775
D:\biztech\preprocessed_images\person_285\img_03.jpg,D:\biztech\preprocessed_images\person_285\img_06.jpg,1,person_285,person_285,positive,0.309146
D:\biztech\preprocessed_images\person_215\img_01.jpg,D:\biztech\preprocessed_images\person_215\img_02.jpg,1,person_215,person_215,positive,0.747559
D:\biztech\preprocessed_images\person_007\img_68.jpg,D:\biztech\preprocessed_images\person_031\img_03.jpg,0,person_007,person_031,negative,0.257463
D:\biztech\preprocessed_images\person_204\img_05.jpg,D:\biztech\preprocessed_images\person_349\img_02.jpg,0,person_204,person_349,negative,-0.017541
D:\biztech\preprocessed_images\person_105\img_09.jpg,D:\biztech\preprocessed_images\person_105\img_12.jpg,1,person_105,person_105,positive,0.427827
D:\biztech\preprocessed_images\person_604\img_01.jpg,D:\biztech\preprocessed_images\person_604\img_04.jpg,1,person_604,person_604,positive,0.615442
D:\biztech\preprocessed_images\person_368\img_04.jpg,D:\biztech\preprocessed_images\person_406\img_01.jpg,0,person_368,person_406,negative,-0.079275
D:\biztech\preprocessed_images\person_374\img_01.jpg,D:\biztech\preprocessed_images\person_374\img_05.jpg,1,person_374,person_374,positive,0.271513
D:\biztech\preprocessed_images\person_272\img_06.jpg,D:\biztech\preprocessed_images\person_301\img_06.jpg,0,person_272,person_301,negative,-0.104285
D:\biztech\preprocessed_images\person_274\img_02.jpg,D:\biztech\preprocessed_images\person_143\img_05.jpg,0,person_274,person_143,negative,0.079484
D:\biztech\preprocessed_images\person_234\img_06.jpg,D:\biztech\preprocessed_images\person_604\img_04.jpg,0,person_234,person_604,negative,0.085730
D:\biztech\preprocessed_images\person_168\img_07.jpg,D:\biztech\preprocessed_images\person_168\img_09.jpg,1,person_168,person_168,positive,0.259442
D:\biztech\preprocessed_images\person_353\img_05.jpg,D:\biztech\preprocessed_images\person_607\img_03.jpg,0,person_353,person_607,negative,-0.009429
D:\biztech\preprocessed_images\person_045\img_16.jpg,D:\biztech\preprocessed_images\person_324\img_01.jpg,0,person_045,person_324,negative,-0.104366
D:\biztech\preprocessed_images\person_518\img_04.jpg,D:\biztech\preprocessed_images\person_364\img_02.jpg,0,person_518,person_364,negative,-0.299686
D:\biztech\preprocessed_images\person_512\img_01.jpg,D:\biztech\preprocessed_images\person_512\img_04.jpg,1,person_512,person_512,positive,0.333269
D:\biztech\preprocessed_images\person_033\img_26.jpg,D:\biztech\preprocessed_images\person_607\img_01.jpg,0,person_033,person_607,negative,0.527484
D:\biztech\preprocessed_images\person_128\img_03.jpg,D:\biztech\preprocessed_images\person_128\img_11.jpg,1,person_128,person_128,positive,0.785781
D:\biztech\preprocessed_images\person_031\img_08.jpg,D:\biztech\preprocessed_images\person_251\img_01.jpg,0,person_031,person_251,negative,0.035114
D:\biztech\preprocessed_images\person_176\img_03.jpg,D:\biztech\preprocessed_images\person_047\img_06.jpg,0,person_176,person_047,negative,0.112050
D:\biztech\preprocessed_images\person_353\img_04.jpg,D:\biztech\preprocessed_images\person_229\img_07.jpg,0,person_353,person_229,negative,-0.104773
D:\biztech\preprocessed_images\person_596\img_04.jpg,D:\biztech\preprocessed_images\person_160\img_05.jpg,0,person_596,person_160,negative,0.100876
D:\biztech\preprocessed_images\person_270\img_03.jpg,D:\biztech\preprocessed_images\person_575\img_01.jpg,0,person_270,person_575,negative,0.098139
D:\biztech\preprocessed_images\person_007\img_43.jpg,D:\biztech\preprocessed_images\person_007\img_55.jpg,1,person_007,person_007,positive,0.298735
D:\biztech\preprocessed_images\person_031\img_14.jpg,D:\biztech\preprocessed_images\person_031\img_28.jpg,1,person_031,person_031,positive,0.306098
D:\biztech\preprocessed_images\person_105\img_02.jpg,D:\biztech\preprocessed_images\person_105\img_14.jpg,1,person_105,person_105,positive,0.283409
D:\biztech\preprocessed_images\person_607\img_01.jpg,D:\biztech\preprocessed_images\person_607\img_03.jpg,1,person_607,person_607,positive,0.788095
D:\biztech\preprocessed_images\person_045\img_02.jpg,D:\biztech\preprocessed_images\person_045\img_18.jpg,1,person_045,person_045,positive,0.281149
D:\biztech\preprocessed_images\person_176\img_01.jpg,D:\biztech\preprocessed_images\person_176\img_03.jpg,1,person_176,person_176,positive,0.696568
D:\biztech\preprocessed_images\person_047\img_21.jpg,D:\biztech\preprocessed_images\person_147\img_10.jpg,0,person_047,person_147,negative,-0.037057
D:\biztech\preprocessed_images\person_285\img_05.jpg,D:\biztech\preprocessed_images\person_253\img_05.jpg,0,person_285,person_253,negative,-0.154585
D:\biztech\preprocessed_images\person_275\img_01.jpg,D:\biztech\preprocessed_images\person_430\img_01.jpg,0,person_275,person_430,negative,-0.255871
D:\biztech\preprocessed_images\person_234\img_02.jpg,D:\biztech\preprocessed_images\person_234\img_05.jpg,1,person_234,person_234,positive,0.536807
D:\biztech\preprocessed_images\person_600\img_04.jpg,D:\biztech\preprocessed_images\person_239\img_04.jpg,0,person_600,person_239,negative,0.034890
D:\biztech\preprocessed_images\person_007\img_61.jpg,D:\biztech\preprocessed_images\person_115\img_01.jpg,0,person_007,person_115,negative,-0.047323
D:\biztech\preprocessed_images\person_115\img_02.jpg,D:\biztech\preprocessed_images\person_104\img_06.jpg,0,person_115,person_104,negative,-0.021021
D:\biztech\preprocessed_images\person_603\img_02.jpg,D:\biztech\preprocessed_images\person_275\img_05.jpg,0,person_603,person_275,negative,-0.377520
D:\biztech\preprocessed_images\person_096\img_01.jpg,D:\biztech\preprocessed_images\person_096\img_15.jpg,1,person_096,person_096,positive,0.652762
D:\biztech\preprocessed_images\person_096\img_02.jpg,D:\biztech\preprocessed_images\person_096\img_07.jpg,1,person_096,person_096,positive,0.430211
D:\biztech\preprocessed_images\person_272\img_01.jpg,D:\biztech\preprocessed_images\person_235\img_03.jpg,0,person_272,person_235,negative,0.187267
D:\biztech\preprocessed_images\person_430\img_01.jpg,D:\biztech\preprocessed_images\person_430\img_03.jpg,1,person_430,person_430,positive,0.699446
D:\biztech\preprocessed_images\person_068\img_09.jpg,D:\biztech\preprocessed_images\person_081\img_17.jpg,0,person_068,person_081,negative,0.157393
D:\biztech\preprocessed_images\person_045\img_10.jpg,D:\biztech\preprocessed_images\person_045\img_20.jpg,1,person_045,person_045,positive,0.807347
D:\biztech\preprocessed_images\person_430\img_04.jpg,D:\biztech\preprocessed_images\person_550\img_04.jpg,0,person_430,person_550,negative,-0.068139
D:\biztech\preprocessed_images\person_221\img_01.jpg,D:\biztech\preprocessed_images\person_221\img_06.jpg,1,person_221,person_221,positive,0.491964
D:\biztech\preprocessed_images\person_225\img_05.jpg,D:\biztech\preprocessed_images\person_471\img_04.jpg,0,person_225,person_471,negative,0.214568
D:\biztech\preprocessed_images\person_512\img_02.jpg,D:\biztech\preprocessed_images\person_439\img_01.jpg,0,person_512,person_439,negative,-0.141459
D:\biztech\preprocessed_images\person_176\img_06.jpg,D:\biztech\preprocessed_images\person_176\img_07.jpg,1,person_176,person_176,positive,0.778669
D:\biztech\preprocessed_images\person_253\img_03.jpg,D:\biztech\preprocessed_images\person_253\img_06.jpg,1,person_253,person_253,positive,0.844235
D:\biztech\preprocessed_images\person_285\img_01.jpg,D:\biztech\preprocessed_images\person_285\img_04.jpg,1,person_285,person_285,positive,0.520731
D:\biztech\preprocessed_images\person_345\img_01.jpg,D:\biztech\preprocessed_images\person_353\img_01.jpg,0,person_345,person_353,negative,0.226308
D:\biztech\preprocessed_images\person_045\img_16.jpg,D:\biztech\preprocessed_images\person_045\img_24.jpg,1,person_045,person_045,positive,0.725623
D:\biztech\preprocessed_images\person_323\img_05.jpg,D:\biztech\preprocessed_images\person_176\img_06.jpg,0,person_323,person_176,negative,-0.195202
D:\biztech\preprocessed_images\person_371\img_04.jpg,D:\biztech\preprocessed_images\person_353\img_04.jpg,0,person_371,person_353,negative,-0.280467
D:\biztech\preprocessed_images\person_168\img_03.jpg,D:\biztech\preprocessed_images\person_168\img_08.jpg,1,person_168,person_168,positive,0.454375
D:\biztech\preprocessed_images\person_031\img_06.jpg,D:\biztech\preprocessed_images\person_031\img_21.jpg,1,person_031,person_031,positive,0.448429
D:\biztech\preprocessed_images\person_388\img_04.jpg,D:\biztech\preprocessed_images\person_234\img_02.jpg,0,person_388,person_234,negative,-0.111889
D:\biztech\preprocessed_images\person_251\img_02.jpg,D:\biztech\preprocessed_images\person_251\img_06.jpg,1,person_251,person_251,positive,0.603772
D:\biztech\preprocessed_images\person_270\img_01.jpg,D:\biztech\preprocessed_images\person_270\img_03.jpg,1,person_270,person_270,positive,0.532163
D:\biztech\preprocessed_images\person_388\img_02.jpg,D:\biztech\preprocessed_images\person_388\img_03.jpg,1,person_388,person_388,positive,0.905829
D:\biztech\preprocessed_images\person_225\img_02.jpg,D:\biztech\preprocessed_images\person_225\img_07.jpg,1,person_225,person_225,positive,0.634626
D:\biztech\preprocessed_images\person_380\img_03.jpg,D:\biztech\preprocessed_images\person_559\img_03.jpg,0,person_380,person_559,negative,-0.081216
D:\biztech\preprocessed_images\person_072\img_16.jpg,D:\biztech\preprocessed_images\person_596\img_02.jpg,0,person_072,person_596,negative,-0.095685
D:\biztech\preprocessed_images\person_600\img_03.jpg,D:\biztech\preprocessed_images\person_047\img_12.jpg,0,person_600,person_047,negative,-0.178536
D:\biztech\preprocessed_images\person_105\img_01.jpg,D:\biztech\preprocessed_images\person_105\img_11.jpg,1,person_105,person_105,positive,0.327186
D:\biztech\preprocessed_images\person_028\img_07.jpg,D:\biztech\preprocessed_images\person_160\img_09.jpg,0,person_028,person_160,negative,-0.014534
D:\biztech\preprocessed_images\person_368\img_02.jpg,D:\biztech\preprocessed_images\person_406\img_02.jpg,0,person_368,person_406,negative,-0.150845
D:\biztech\preprocessed_images\person_277\img_01.jpg,D:\biztech\preprocessed_images\person_160\img_02.jpg,0,person_277,person_160,negative,0.091855
D:\biztech\preprocessed_images\person_100\img_07.jpg,D:\biztech\preprocessed_images\person_100\img_09.jpg,1,person_100,person_100,positive,0.818251
D:\biztech\preprocessed_images\person_274\img_03.jpg,D:\biztech\preprocessed_images\person_274\img_06.jpg,1,person_274,person_274,positive,0.266627
D:\biztech\preprocessed_images\person_218\img_01.jpg,D:\biztech\preprocessed_images\person_587\img_02.jpg,0,person_218,person_587,negative,-0.173760
D:\biztech\preprocessed_images\person_215\img_01.jpg,D:\biztech\preprocessed_images\person_215\img_04.jpg,1,person_215,person_215,positive,0.510675
D:\biztech\preprocessed_images\person_474\img_02.jpg,D:\biztech\preprocessed_images\person_345\img_05.jpg,0,person_474,person_345,negative,0.012846
D:\biztech\preprocessed_images\person_518\img_02.jpg,D:\biztech\preprocessed_images\person_285\img_05.jpg,0,person_518,person_285,negative,0.697769
D:\biztech\preprocessed_images\person_235\img_02.jpg,D:\biztech\preprocessed_images\person_235\img_07.jpg,1,person_235,person_235,positive,0.837852
D:\biztech\preprocessed_images\person_090\img_06.jpg,D:\biztech\preprocessed_images\person_090\img_10.jpg,1,person_090,person_090,positive,0.612852
D:\biztech\preprocessed_images\person_026\img_09.jpg,D:\biztech\preprocessed_images\person_239\img_07.jpg,0,person_026,person_239,negative,0.029237
D:\biztech\preprocessed_images\person_512\img_02.jpg,D:\biztech\preprocessed_images\person_253\img_07.jpg,0,person_512,person_253,negative,-0.229456
D:\biztech\preprocessed_images\person_277\img_05.jpg,D:\biztech\preprocessed_images\person_272\img_03.jpg,0,person_277,person_272,negative,-0.085995
D:\biztech\preprocessed_images\person_026\img_08.jpg,D:\biztech\preprocessed_images\person_026\img_23.jpg,1,person_026,person_026,positive,0.576153
D:\biztech\preprocessed_images\person_271\img_03.jpg,D:\biztech\preprocessed_images\person_587\img_02.jpg,0,person_271,person_587,negative,-0.192567
D:\biztech\preprocessed_images\person_147\img_02.jpg,D:\biztech\preprocessed_images\person_147\img_10.jpg,1,person_147,person_147,positive,0.345927
D:\biztech\preprocessed_images\person_007\img_22.jpg,D:\biztech\preprocessed_images\person_007\img_62.jpg,1,person_007,person_007,positive,0.362983
D:\biztech\preprocessed_images\person_518\img_03.jpg,D:\biztech\preprocessed_images\person_297\img_05.jpg,0,person_518,person_297,negative,0.526726
D:\biztech\preprocessed_images\person_234\img_04.jpg,D:\biztech\preprocessed_images\person_374\img_01.jpg,0,person_234,person_374,negative,0.024280
D:\biztech\preprocessed_images\person_224\img_03.jpg,D:\biztech\preprocessed_images\person_224\img_07.jpg,1,person_224,person_224,positive,0.519920
D:\biztech\preprocessed_images\person_229\img_03.jpg,D:\biztech\preprocessed_images\person_596\img_03.jpg,0,person_229,person_596,negative,-0.213267
D:\biztech\preprocessed_images\person_143\img_01.jpg,D:\biztech\preprocessed_images\person_143\img_10.jpg,1,person_143,person_143,positive,0.794013
D:\biztech\preprocessed_images\person_072\img_16.jpg,D:\biztech\preprocessed_images\person_168\img_08.jpg,0,person_072,person_168,negative,-0.154045
D:\biztech\preprocessed_images\person_197\img_05.jpg,D:\biztech\preprocessed_images\person_197\img_07.jpg,1,person_197,person_197,positive,0.355784
D:\biztech\preprocessed_images\person_081\img_10.jpg,D:\biztech\preprocessed_images\person_081\img_11.jpg,1,person_081,person_081,positive,0.684018
D:\biztech\preprocessed_images\person_465\img_01.jpg,D:\biztech\preprocessed_images\person_275\img_01.jpg,0,person_465,person_275,negative,0.335552
D:\biztech\preprocessed_images\person_164\img_01.jpg,D:\biztech\preprocessed_images\person_164\img_07.jpg,1,person_164,person_164,positive,0.533336
D:\biztech\preprocessed_images\person_160\img_03.jpg,D:\biztech\preprocessed_images\person_160\img_06.jpg,1,person_160,person_160,positive,0.824996
D:\biztech\preprocessed_images\person_007\img_60.jpg,D:\biztech\preprocessed_images\person_007\img_65.jpg,1,person_007,person_007,positive,0.129816
D:\biztech\preprocessed_images\person_168\img_05.jpg,D:\biztech\preprocessed_images\person_168\img_06.jpg,1,person_168,person_168,positive,0.053614
D:\biztech\preprocessed_images\person_045\img_14.jpg,D:\biztech\preprocessed_images\person_104\img_04.jpg,0,person_045,person_104,negative,0.001698
D:\biztech\preprocessed_images\person_143\img_03.jpg,D:\biztech\preprocessed_images\person_353\img_05.jpg,0,person_143,person_353,negative,-0.095074
D:\biztech\preprocessed_images\person_601\img_02.jpg,D:\biztech\preprocessed_images\person_282\img_04.jpg,0,person_601,person_282,negative,-0.221772
D:\biztech\preprocessed_images\person_576\img_01.jpg,D:\biztech\preprocessed_images\person_374\img_03.jpg,0,person_576,person_374,negative,0.092259
D:\biztech\preprocessed_images\person_406\img_04.jpg,D:\biztech\preprocessed_images\person_600\img_02.jpg,0,person_406,person_600,negative,0.120934
D:\biztech\preprocessed_images\person_104\img_05.jpg,D:\biztech\preprocessed_images\person_143\img_09.jpg,0,person_104,person_143,negative,0.426904
D:\biztech\preprocessed_images\person_068\img_12.jpg,D:\biztech\preprocessed_images\person_474\img_03.jpg,0,person_068,person_474,negative,0.229914
D:\biztech\preprocessed_images\person_058\img_08.jpg,D:\biztech\preprocessed_images\person_058\img_18.jpg,1,person_058,person_058,positive,0.026841
D:\biztech\preprocessed_images\person_271\img_01.jpg,D:\biztech\preprocessed_images\person_605\img_03.jpg,0,person_271,person_605,negative,-0.040028
D:\biztech\preprocessed_images\person_433\img_04.jpg,D:\biztech\preprocessed_images\person_221\img_04.jpg,0,person_433,person_221,negative,0.007208
D:\biztech\preprocessed_images\person_072\img_09.jpg,D:\biztech\preprocessed_images\person_072\img_16.jpg,1,person_072,person_072,positive,0.405095
D:\biztech\preprocessed_images\person_204\img_05.jpg,D:\biztech\preprocessed_images\person_031\img_18.jpg,0,person_204,person_031,negative,0.184174
D:\biztech\preprocessed_images\person_371\img_02.jpg,D:\biztech\preprocessed_images\person_270\img_04.jpg,0,person_371,person_270,negative,-0.368554
D:\biztech\preprocessed_images\person_221\img_01.jpg,D:\biztech\preprocessed_images\person_221\img_07.jpg,1,person_221,person_221,positive,0.586775
D:\biztech\preprocessed_images\person_229\img_01.jpg,D:\biztech\preprocessed_images\person_229\img_07.jpg,1,person_229,person_229,positive,0.662306
D:\biztech\preprocessed_images\person_204\img_01.jpg,D:\biztech\preprocessed_images\person_204\img_02.jpg,1,person_204,person_204,positive,0.304351
D:\biztech\preprocessed_images\person_047\img_07.jpg,D:\biztech\preprocessed_images\person_047\img_19.jpg,1,person_047,person_047,positive,0.555181
D:\biztech\preprocessed_images\person_072\img_03.jpg,D:\biztech\preprocessed_images\person_072\img_15.jpg,1,person_072,person_072,positive,0.418424
D:\biztech\preprocessed_images\person_224\img_02.jpg,D:\biztech\preprocessed_images\person_115\img_12.jpg,0,person_224,person_115,negative,0.193889
D:\biztech\preprocessed_images\person_068\img_06.jpg,D:\biztech\preprocessed_images\person_105\img_12.jpg,0,person_068,person_105,negative,-0.102368
D:\biztech\preprocessed_images\person_323\img_01.jpg,D:\biztech\preprocessed_images\person_333\img_03.jpg,0,person_323,person_333,negative,-0.280794
D:\biztech\preprocessed_images\person_100\img_02.jpg,D:\biztech\preprocessed_images\person_143\img_03.jpg,0,person_100,person_143,negative,0.309158
D:\biztech\preprocessed_images\person_430\img_02.jpg,D:\biztech\preprocessed_images\person_090\img_05.jpg,0,person_430,person_090,negative,-0.057234
D:\biztech\preprocessed_images\person_045\img_23.jpg,D:\biztech\preprocessed_images\person_045\img_24.jpg,1,person_045,person_045,positive,0.214937
D:\biztech\preprocessed_images\person_471\img_03.jpg,D:\biztech\preprocessed_images\person_471\img_04.jpg,1,person_471,person_471,positive,0.435757
D:\biztech\preprocessed_images\person_234\img_01.jpg,D:\biztech\preprocessed_images\person_380\img_03.jpg,0,person_234,person_380,negative,-0.214716
D:\biztech\preprocessed_images\person_596\img_04.jpg,D:\biztech\preprocessed_images\person_224\img_01.jpg,0,person_596,person_224,negative,-0.224317
D:\biztech\preprocessed_images\person_550\img_04.jpg,D:\biztech\preprocessed_images\person_349\img_05.jpg,0,person_550,person_349,negative,-0.025999
D:\biztech\preprocessed_images\person_474\img_02.jpg,D:\biztech\preprocessed_images\person_026\img_13.jpg,0,person_474,person_026,negative,-0.252124
D:\biztech\preprocessed_images\person_217\img_06.jpg,D:\biztech\preprocessed_images\person_251\img_07.jpg,0,person_217,person_251,negative,0.136421
D:\biztech\preprocessed_images\person_353\img_01.jpg,D:\biztech\preprocessed_images\person_353\img_04.jpg,1,person_353,person_353,positive,0.656867
D:\biztech\preprocessed_images\person_271\img_02.jpg,D:\biztech\preprocessed_images\person_380\img_05.jpg,0,person_271,person_380,negative,-0.084715
D:\biztech\preprocessed_images\person_275\img_02.jpg,D:\biztech\preprocessed_images\person_323\img_01.jpg,0,person_275,person_323,negative,-0.187740
D:\biztech\preprocessed_images\person_100\img_13.jpg,D:\biztech\preprocessed_images\person_100\img_14.jpg,1,person_100,person_100,positive,0.664666
D:\biztech\preprocessed_images\person_160\img_02.jpg,D:\biztech\preprocessed_images\person_160\img_09.jpg,1,person_160,person_160,positive,0.442449
D:\biztech\preprocessed_images\person_270\img_01.jpg,D:\biztech\preprocessed_images\person_380\img_01.jpg,0,person_270,person_380,negative,0.415970
D:\biztech\preprocessed_images\person_115\img_01.jpg,D:\biztech\preprocessed_images\person_115\img_05.jpg,1,person_115,person_115,positive,0.545500
D:\biztech\preprocessed_images\person_026\img_08.jpg,D:\biztech\preprocessed_images\person_026\img_32.jpg,1,person_026,person_026,positive,0.673679
D:\biztech\preprocessed_images\person_471\img_01.jpg,D:\biztech\preprocessed_images\person_096\img_09.jpg,0,person_471,person_096,negative,-0.216076
D:\biztech\preprocessed_images\person_204\img_05.jpg,D:\biztech\preprocessed_images\person_253\img_01.jpg,0,person_204,person_253,negative,-0.330308
D:\biztech\preprocessed_images\person_406\img_03.jpg,D:\biztech\preprocessed_images\person_601\img_01.jpg,0,person_406,person_601,negative,-0.199736
D:\biztech\preprocessed_images\person_465\img_04.jpg,D:\biztech\preprocessed_images\person_160\img_06.jpg,0,person_465,person_160,negative,-0.445169
D:\biztech\preprocessed_images\person_512\img_02.jpg,D:\biztech\preprocessed_images\person_471\img_03.jpg,0,person_512,person_471,negative,-0.127510
D:\biztech\preprocessed_images\person_096\img_04.jpg,D:\biztech\preprocessed_images\person_096\img_10.jpg,1,person_096,person_096,positive,0.376485
D:\biztech\preprocessed_images\person_026\img_14.jpg,D:\biztech\preprocessed_images\person_026\img_30.jpg,1,person_026,person_026,positive,0.485918
D:\biztech\preprocessed_images\person_345\img_03.jpg,D:\biztech\preprocessed_images\person_345\img_04.jpg,1,person_345,person_345,positive,0.584128
D:\biztech\preprocessed_images\person_104\img_09.jpg,D:\biztech\preprocessed_images\person_324\img_04.jpg,0,person_104,person_324,negative,-0.018186
D:\biztech\preprocessed_images\person_604\img_03.jpg,D:\biztech\preprocessed_images\person_323\img_01.jpg,0,person_604,person_323,negative,0.087184
D:\biztech\preprocessed_images\person_026\img_32.jpg,D:\biztech\preprocessed_images\person_096\img_05.jpg,0,person_026,person_096,negative,-0.159028
D:\biztech\preprocessed_images\person_115\img_05.jpg,D:\biztech\preprocessed_images\person_115\img_10.jpg,1,person_115,person_115,positive,0.459952
D:\biztech\preprocessed_images\person_600\img_04.jpg,D:\biztech\preprocessed_images\person_272\img_01.jpg,0,person_600,person_272,negative,-0.207178
D:\biztech\preprocessed_images\person_096\img_02.jpg,D:\biztech\preprocessed_images\person_096\img_15.jpg,1,person_096,person_096,positive,0.855599
D:\biztech\preprocessed_images\person_333\img_03.jpg,D:\biztech\preprocessed_images\person_333\img_05.jpg,1,person_333,person_333,positive,0.400583
D:\biztech\preprocessed_images\person_143\img_04.jpg,D:\biztech\preprocessed_images\person_143\img_08.jpg,1,person_143,person_143,positive,0.852909
D:\biztech\preprocessed_images\person_197\img_03.jpg,D:\biztech\preprocessed_images\person_197\img_04.jpg,1,person_197,person_197,positive,0.698505
D:\biztech\preprocessed_images\person_235\img_04.jpg,D:\biztech\preprocessed_images\person_235\img_07.jpg,1,person_235,person_235,positive,0.729914
D:\biztech\preprocessed_images\person_582\img_02.jpg,D:\biztech\preprocessed_images\person_353\img_03.jpg,0,person_582,person_353,negative,-0.236735
D:\biztech\preprocessed_images\person_604\img_01.jpg,D:\biztech\preprocessed_images\person_072\img_11.jpg,0,person_604,person_072,negative,0.040722
D:\biztech\preprocessed_images\person_224\img_02.jpg,D:\biztech\preprocessed_images\person_224\img_03.jpg,1,person_224,person_224,positive,0.326874
D:\biztech\preprocessed_images\person_028\img_03.jpg,D:\biztech\preprocessed_images\person_253\img_02.jpg,0,person_028,person_253,negative,0.047523
D:\biztech\preprocessed_images\person_082\img_17.jpg,D:\biztech\preprocessed_images\person_433\img_01.jpg,0,person_082,person_433,negative,-0.302487
D:\biztech\preprocessed_images\person_406\img_01.jpg,D:\biztech\preprocessed_images\person_406\img_03.jpg,1,person_406,person_406,positive,0.809508
D:\biztech\preprocessed_images\person_301\img_04.jpg,D:\biztech\preprocessed_images\person_301\img_06.jpg,1,person_301,person_301,positive,0.454771
D:\biztech\preprocessed_images\person_285\img_03.jpg,D:\biztech\preprocessed_images\person_218\img_04.jpg,0,person_285,person_218,negative,0.052737
D:\biztech\preprocessed_images\person_576\img_02.jpg,D:\biztech\preprocessed_images\person_218\img_07.jpg,0,person_576,person_218,negative,0.131510
D:\biztech\preprocessed_images\person_353\img_03.jpg,D:\biztech\preprocessed_images\person_353\img_05.jpg,1,person_353,person_353,positive,0.510319
D:\biztech\preprocessed_images\person_218\img_03.jpg,D:\biztech\preprocessed_images\person_218\img_04.jpg,1,person_218,person_218,positive,0.840365
D:\biztech\preprocessed_images\person_082\img_10.jpg,D:\biztech\preprocessed_images\person_323\img_05.jpg,0,person_082,person_323,negative,-0.309642
D:\biztech\preprocessed_images\person_115\img_06.jpg,D:\biztech\preprocessed_images\person_596\img_03.jpg,0,person_115,person_596,negative,0.055117
D:\biztech\preprocessed_images\person_090\img_01.jpg,D:\biztech\preprocessed_images\person_297\img_04.jpg,0,person_090,person_297,negative,-0.022301
D:\biztech\preprocessed_images\person_274\img_01.jpg,D:\biztech\preprocessed_images\person_204\img_07.jpg,0,person_274,person_204,negative,0.443973
D:\biztech\preprocessed_images\person_167\img_04.jpg,D:\biztech\preprocessed_images\person_460\img_04.jpg,0,person_167,person_460,negative,0.639179
D:\biztech\preprocessed_images\person_074\img_09.jpg,D:\biztech\preprocessed_images\person_095\img_02.jpg,0,person_074,person_095,negative,0.061280
D:\biztech\preprocessed_images\person_380\img_01.jpg,D:\biztech\preprocessed_images\person_380\img_05.jpg,1,person_380,person_380,positive,0.460787
D:\biztech\preprocessed_images\person_239\img_01.jpg,D:\biztech\preprocessed_images\person_345\img_01.jpg,0,person_239,person_345,negative,0.103940
D:\biztech\preprocessed_images\person_301\img_02.jpg,D:\biztech\preprocessed_images\person_301\img_04.jpg,1,person_301,person_301,positive,0.528713
D:\biztech\preprocessed_images\person_600\img_01.jpg,D:\biztech\preprocessed_images\person_465\img_01.jpg,0,person_600,person_465,negative,0.107009
D:\biztech\preprocessed_images\person_275\img_01.jpg,D:\biztech\preprocessed_images\person_275\img_03.jpg,1,person_275,person_275,positive,0.586187
D:\biztech\preprocessed_images\person_389\img_02.jpg,D:\biztech\preprocessed_images\person_582\img_03.jpg,0,person_389,person_582,negative,0.494195
D:\biztech\preprocessed_images\person_324\img_03.jpg,D:\biztech\preprocessed_images\person_271\img_05.jpg,0,person_324,person_271,negative,0.174326
D:\biztech\preprocessed_images\person_047\img_11.jpg,D:\biztech\preprocessed_images\person_512\img_03.jpg,0,person_047,person_512,negative,-0.264088
D:\biztech\preprocessed_images\person_028\img_18.jpg,D:\biztech\preprocessed_images\person_371\img_02.jpg,0,person_028,person_371,negative,0.053170
D:\biztech\preprocessed_images\person_147\img_07.jpg,D:\biztech\preprocessed_images\person_147\img_10.jpg,1,person_147,person_147,positive,-0.043025
D:\biztech\preprocessed_images\person_105\img_04.jpg,D:\biztech\preprocessed_images\person_105\img_07.jpg,1,person_105,person_105,positive,0.399901
D:\biztech\preprocessed_images\person_253\img_07.jpg,D:\biztech\preprocessed_images\person_406\img_01.jpg,0,person_253,person_406,negative,0.071011
D:\biztech\preprocessed_images\person_167\img_01.jpg,D:\biztech\preprocessed_images\person_028\img_32.jpg,0,person_167,person_028,negative,0.024787
D:\biztech\preprocessed_images\person_550\img_03.jpg,D:\biztech\preprocessed_images\person_550\img_04.jpg,1,person_550,person_550,positive,0.855641
D:\biztech\preprocessed_images\person_251\img_01.jpg,D:\biztech\preprocessed_images\person_251\img_03.jpg,1,person_251,person_251,positive,0.733664
D:\biztech\preprocessed_images\person_251\img_06.jpg,D:\biztech\preprocessed_images\person_411\img_04.jpg,0,person_251,person_411,negative,0.026233
D:\biztech\preprocessed_images\person_147\img_03.jpg,D:\biztech\preprocessed_images\person_147\img_06.jpg,1,person_147,person_147,positive,0.739903
D:\biztech\preprocessed_images\person_100\img_12.jpg,D:\biztech\preprocessed_images\person_160\img_05.jpg,0,person_100,person_160,negative,-0.127169
D:\biztech\preprocessed_images\person_390\img_02.jpg,D:\biztech\preprocessed_images\person_234\img_06.jpg,0,person_390,person_234,negative,-0.071128
D:\biztech\preprocessed_images\person_604\img_04.jpg,D:\biztech\preprocessed_images\person_090\img_05.jpg,0,person_604,person_090,negative,-0.094158
D:\biztech\preprocessed_images\person_115\img_02.jpg,D:\biztech\preprocessed_images\person_115\img_03.jpg,1,person_115,person_115,positive,0.345454
D:\biztech\preprocessed_images\person_600\img_02.jpg,D:\biztech\preprocessed_images\person_270\img_05.jpg,0,person_600,person_270,negative,-0.375278
D:\biztech\preprocessed_images\person_090\img_09.jpg,D:\biztech\preprocessed_images\person_380\img_03.jpg,0,person_090,person_380,negative,-0.176041
D:\biztech\preprocessed_images\person_104\img_05.jpg,D:\biztech\preprocessed_images\person_104\img_08.jpg,1,person_104,person_104,positive,0.473484
D:\biztech\preprocessed_images\person_465\img_03.jpg,D:\biztech\preprocessed_images\person_607\img_02.jpg,0,person_465,person_607,negative,-0.145122
D:\biztech\preprocessed_images\person_368\img_01.jpg,D:\biztech\preprocessed_images\person_215\img_03.jpg,0,person_368,person_215,negative,-0.184813
D:\biztech\preprocessed_images\person_239\img_01.jpg,D:\biztech\preprocessed_images\person_239\img_02.jpg,1,person_239,person_239,positive,0.629567
D:\biztech\preprocessed_images\person_576\img_03.jpg,D:\biztech\preprocessed_images\person_465\img_03.jpg,0,person_576,person_465,negative,-0.181125
D:\biztech\preprocessed_images\person_349\img_01.jpg,D:\biztech\preprocessed_images\person_575\img_03.jpg,0,person_349,person_575,negative,-0.152640
D:\biztech\preprocessed_images\person_460\img_02.jpg,D:\biztech\preprocessed_images\person_349\img_04.jpg,0,person_460,person_349,negative,0.010754
D:\biztech\preprocessed_images\person_164\img_04.jpg,D:\biztech\preprocessed_images\person_164\img_05.jpg,1,person_164,person_164,positive,0.662724
D:\biztech\preprocessed_images\person_072\img_06.jpg,D:\biztech\preprocessed_images\person_072\img_17.jpg,1,person_072,person_072,positive,0.383639
D:\biztech\preprocessed_images\person_176\img_06.jpg,D:\biztech\preprocessed_images\person_176\img_09.jpg,1,person_176,person_176,positive,0.829384
D:\biztech\preprocessed_images\person_115\img_03.jpg,D:\biztech\preprocessed_images\person_115\img_04.jpg,1,person_115,person_115,positive,0.159896
D:\biztech\preprocessed_images\person_026\img_29.jpg,D:\biztech\preprocessed_images\person_470\img_04.jpg,0,person_026,person_470,negative,0.054750
D:\biztech\preprocessed_images\person_323\img_05.jpg,D:\biztech\preprocessed_images\person_026\img_17.jpg,0,person_323,person_026,negative,0.222104
D:\biztech\preprocessed_images\person_128\img_01.jpg,D:\biztech\preprocessed_images\person_128\img_06.jpg,1,person_128,person_128,positive,0.405648
D:\biztech\preprocessed_images\person_439\img_01.jpg,D:\biztech\preprocessed_images\person_439\img_02.jpg,1,person_439,person_439,positive,0.775954
D:\biztech\preprocessed_images\person_275\img_03.jpg,D:\biztech\preprocessed_images\person_275\img_04.jpg,1,person_275,person_275,positive,0.561355
D:\biztech\preprocessed_images\person_271\img_03.jpg,D:\biztech\preprocessed_images\person_271\img_04.jpg,1,person_271,person_271,positive,0.461611
D:\biztech\preprocessed_images\person_217\img_04.jpg,D:\biztech\preprocessed_images\person_217\img_07.jpg,1,person_217,person_217,positive,0.738809
D:\biztech\preprocessed_images\person_518\img_02.jpg,D:\biztech\preprocessed_images\person_518\img_03.jpg,1,person_518,person_518,positive,0.691518
D:\biztech\preprocessed_images\person_167\img_02.jpg,D:\biztech\preprocessed_images\person_272\img_01.jpg,0,person_167,person_272,negative,-0.214657
D:\biztech\preprocessed_images\person_285\img_03.jpg,D:\biztech\preprocessed_images\person_095\img_02.jpg,0,person_285,person_095,negative,0.076375
D:\biztech\preprocessed_images\person_160\img_06.jpg,D:\biztech\preprocessed_images\person_160\img_09.jpg,1,person_160,person_160,positive,0.643188
D:\biztech\preprocessed_images\person_274\img_02.jpg,D:\biztech\preprocessed_images\person_274\img_03.jpg,1,person_274,person_274,positive,0.306904
D:\biztech\preprocessed_images\person_072\img_01.jpg,D:\biztech\preprocessed_images\person_090\img_08.jpg,0,person_072,person_090,negative,0.091040
D:\biztech\preprocessed_images\person_072\img_07.jpg,D:\biztech\preprocessed_images\person_474\img_02.jpg,0,person_072,person_474,negative,0.055462
D:\biztech\preprocessed_images\person_389\img_05.jpg,D:\biztech\preprocessed_images\person_433\img_01.jpg,0,person_389,person_433,negative,-0.208922
D:\biztech\preprocessed_images\person_225\img_03.jpg,D:\biztech\preprocessed_images\person_225\img_05.jpg,1,person_225,person_225,positive,0.366275
D:\biztech\preprocessed_images\person_026\img_16.jpg,D:\biztech\preprocessed_images\person_026\img_28.jpg,1,person_026,person_026,positive,0.553854
D:\biztech\preprocessed_images\person_096\img_09.jpg,D:\biztech\preprocessed_images\person_026\img_06.jpg,0,person_096,person_026,negative,0.146026
D:\biztech\preprocessed_images\person_164\img_06.jpg,D:\biztech\preprocessed_images\person_100\img_05.jpg,0,person_164,person_100,negative,0.189614
D:\biztech\preprocessed_images\person_604\img_04.jpg,D:\biztech\preprocessed_images\person_095\img_03.jpg,0,person_604,person_095,negative,0.175444
D:\biztech\preprocessed_images\person_105\img_11.jpg,D:\biztech\preprocessed_images\person_105\img_14.jpg,1,person_105,person_105,positive,0.323295
D:\biztech\preprocessed_images\person_297\img_01.jpg,D:\biztech\preprocessed_images\person_297\img_06.jpg,1,person_297,person_297,positive,0.694589
D:\biztech\preprocessed_images\person_353\img_03.jpg,D:\biztech\preprocessed_images\person_474\img_02.jpg,0,person_353,person_474,negative,-0.133312
D:\biztech\preprocessed_images\person_215\img_02.jpg,D:\biztech\preprocessed_images\person_068\img_03.jpg,0,person_215,person_068,negative,0.094438
D:\biztech\preprocessed_images\person_253\img_04.jpg,D:\biztech\preprocessed_images\person_439\img_01.jpg,0,person_253,person_439,negative,0.008879
D:\biztech\preprocessed_images\person_239\img_03.jpg,D:\biztech\preprocessed_images\person_239\img_04.jpg,1,person_239,person_239,positive,0.563196
D:\biztech\preprocessed_images\person_253\img_05.jpg,D:\biztech\preprocessed_images\person_253\img_06.jpg,1,person_253,person_253,positive,0.809901
D:\biztech\preprocessed_images\person_271\img_05.jpg,D:\biztech\preprocessed_images\person_033\img_11.jpg,0,person_271,person_033,negative,-0.196197
D:\biztech\preprocessed_images\person_324\img_04.jpg,D:\biztech\preprocessed_images\person_160\img_06.jpg,0,person_324,person_160,negative,0.528567
D:\biztech\preprocessed_images\person_333\img_01.jpg,D:\biztech\preprocessed_images\person_333\img_04.jpg,1,person_333,person_333,positive,0.770155
D:\biztech\preprocessed_images\person_047\img_07.jpg,D:\biztech\preprocessed_images\person_047\img_11.jpg,1,person_047,person_047,positive,0.801031
D:\biztech\preprocessed_images\person_160\img_01.jpg,D:\biztech\preprocessed_images\person_160\img_03.jpg,1,person_160,person_160,positive,0.344220
D:\biztech\preprocessed_images\person_559\img_01.jpg,D:\biztech\preprocessed_images\person_601\img_04.jpg,0,person_559,person_601,negative,-0.363664
D:\biztech\preprocessed_images\person_596\img_01.jpg,D:\biztech\preprocessed_images\person_096\img_13.jpg,0,person_596,person_096,negative,-0.214664
D:\biztech\preprocessed_images\person_026\img_08.jpg,D:\biztech\preprocessed_images\person_026\img_21.jpg,1,person_026,person_026,positive,0.719750
D:\biztech\preprocessed_images\person_234\img_04.jpg,D:\biztech\preprocessed_images\person_234\img_05.jpg,1,person_234,person_234,positive,0.728460
D:\biztech\preprocessed_images\person_167\img_09.jpg,D:\biztech\preprocessed_images\person_197\img_08.jpg,0,person_167,person_197,negative,0.104594
D:\biztech\preprocessed_images\person_251\img_04.jpg,D:\biztech\preprocessed_images\person_364\img_04.jpg,0,person_251,person_364,negative,-0.284731
D:\biztech\preprocessed_images\person_270\img_04.jpg,D:\biztech\preprocessed_images\person_550\img_04.jpg,0,person_270,person_550,negative,0.179289
D:\biztech\preprocessed_images\person_031\img_04.jpg,D:\biztech\preprocessed_images\person_031\img_24.jpg,1,person_031,person_031,positive,0.356797
D:\biztech\preprocessed_images\person_471\img_01.jpg,D:\biztech\preprocessed_images\person_095\img_05.jpg,0,person_471,person_095,negative,0.012996
D:\biztech\preprocessed_images\person_068\img_17.jpg,D:\biztech\preprocessed_images\person_026\img_21.jpg,0,person_068,person_026,negative,-0.111386
D:\biztech\preprocessed_images\person_164\img_04.jpg,D:\biztech\preprocessed_images\person_164\img_09.jpg,1,person_164,person_164,positive,0.519510
D:\biztech\preprocessed_images\person_604\img_04.jpg,D:\biztech\preprocessed_images\person_235\img_02.jpg,0,person_604,person_235,negative,-0.253979
D:\biztech\preprocessed_images\person_253\img_02.jpg,D:\biztech\preprocessed_images\person_253\img_07.jpg,1,person_253,person_253,positive,0.739216
D:\biztech\preprocessed_images\person_271\img_01.jpg,D:\biztech\preprocessed_images\person_271\img_03.jpg,1,person_271,person_271,positive,0.688000
D:\biztech\preprocessed_images\person_160\img_05.jpg,D:\biztech\preprocessed_images\person_160\img_06.jpg,1,person_160,person_160,positive,0.857058
D:\biztech\preprocessed_images\person_576\img_01.jpg,D:\biztech\preprocessed_images\person_251\img_06.jpg,0,person_576,person_251,negative,-0.274584
D:\biztech\preprocessed_images\person_406\img_02.jpg,D:\biztech\preprocessed_images\person_239\img_05.jpg,0,person_406,person_239,negative,0.099794
D:\biztech\preprocessed_images\person_596\img_01.jpg,D:\biztech\preprocessed_images\person_349\img_02.jpg,0,person_596,person_349,negative,0.214356
D:\biztech\preprocessed_images\person_197\img_01.jpg,D:\biztech\preprocessed_images\person_197\img_08.jpg,1,person_197,person_197,positive,0.398517
D:\biztech\preprocessed_images\person_218\img_05.jpg,D:\biztech\preprocessed_images\person_105\img_10.jpg,0,person_218,person_105,negative,-0.175970
D:\biztech\preprocessed_images\person_389\img_01.jpg,D:\biztech\preprocessed_images\person_576\img_01.jpg,0,person_389,person_576,negative,0.055319
D:\biztech\preprocessed_images\person_217\img_03.jpg,D:\biztech\preprocessed_images\person_380\img_05.jpg,0,person_217,person_380,negative,0.036579
D:\biztech\preprocessed_images\person_143\img_07.jpg,D:\biztech\preprocessed_images\person_297\img_04.jpg,0,person_143,person_297,negative,-0.145426
D:\biztech\preprocessed_images\person_512\img_04.jpg,D:\biztech\preprocessed_images\person_074\img_11.jpg,0,person_512,person_074,negative,-0.042380
D:\biztech\preprocessed_images\person_297\img_03.jpg,D:\biztech\preprocessed_images\person_058\img_08.jpg,0,person_297,person_058,negative,-0.018235
D:\biztech\preprocessed_images\person_575\img_02.jpg,D:\biztech\preprocessed_images\person_406\img_03.jpg,0,person_575,person_406,negative,-0.074182
D:\biztech\preprocessed_images\person_603\img_02.jpg,D:\biztech\preprocessed_images\person_164\img_08.jpg,0,person_603,person_164,negative,0.094327
D:\biztech\preprocessed_images\person_374\img_03.jpg,D:\biztech\preprocessed_images\person_072\img_02.jpg,0,person_374,person_072,negative,-0.076942
D:\biztech\preprocessed_images\person_275\img_03.jpg,D:\biztech\preprocessed_images\person_324\img_04.jpg,0,person_275,person_324,negative,-0.142539
D:\biztech\preprocessed_images\person_115\img_11.jpg,D:\biztech\preprocessed_images\person_115\img_13.jpg,1,person_115,person_115,positive,0.644734
D:\biztech\preprocessed_images\person_576\img_03.jpg,D:\biztech\preprocessed_images\person_576\img_04.jpg,1,person_576,person_576,positive,0.679156
D:\biztech\preprocessed_images\person_072\img_14.jpg,D:\biztech\preprocessed_images\person_072\img_17.jpg,1,person_072,person_072,positive,0.254049
D:\biztech\preprocessed_images\person_081\img_04.jpg,D:\biztech\preprocessed_images\person_081\img_09.jpg,1,person_081,person_081,positive,0.822724
D:\biztech\preprocessed_images\person_272\img_03.jpg,D:\biztech\preprocessed_images\person_224\img_03.jpg,0,person_272,person_224,negative,-0.322815
D:\biztech\preprocessed_images\person_226\img_01.jpg,D:\biztech\preprocessed_images\person_226\img_04.jpg,1,person_226,person_226,positive,0.663438
D:\biztech\preprocessed_images\person_596\img_03.jpg,D:\biztech\preprocessed_images\person_147\img_09.jpg,0,person_596,person_147,negative,-0.193227
D:\biztech\preprocessed_images\person_430\img_02.jpg,D:\biztech\preprocessed_images\person_380\img_01.jpg,0,person_430,person_380,negative,0.387438
D:\biztech\preprocessed_images\person_007\img_15.jpg,D:\biztech\preprocessed_images\person_007\img_39.jpg,1,person_007,person_007,positive,0.418353
D:\biztech\preprocessed_images\person_031\img_14.jpg,D:\biztech\preprocessed_images\person_031\img_23.jpg,1,person_031,person_031,positive,0.298218
D:\biztech\preprocessed_images\person_217\img_05.jpg,D:\biztech\preprocessed_images\person_058\img_19.jpg,0,person_217,person_058,negative,-0.121104
D:\biztech\preprocessed_images\person_074\img_11.jpg,D:\biztech\preprocessed_images\person_411\img_02.jpg,0,person_074,person_411,negative,0.073757
D:\biztech\preprocessed_images\person_600\img_03.jpg,D:\biztech\preprocessed_images\person_270\img_06.jpg,0,person_600,person_270,negative,0.108998
D:\biztech\preprocessed_images\person_082\img_06.jpg,D:\biztech\preprocessed_images\person_082\img_09.jpg,1,person_082,person_082,positive,0.830704
D:\biztech\preprocessed_images\person_221\img_03.jpg,D:\biztech\preprocessed_images\person_221\img_07.jpg,1,person_221,person_221,positive,0.523337
D:\biztech\preprocessed_images\person_105\img_05.jpg,D:\biztech\preprocessed_images\person_105\img_13.jpg,1,person_105,person_105,positive,0.819511
D:\biztech\preprocessed_images\person_274\img_01.jpg,D:\biztech\preprocessed_images\person_277\img_02.jpg,0,person_274,person_277,negative,-0.155882
D:\biztech\preprocessed_images\person_603\img_03.jpg,D:\biztech\preprocessed_images\person_368\img_04.jpg,0,person_603,person_368,negative,-0.272701
D:\biztech\preprocessed_images\person_333\img_04.jpg,D:\biztech\preprocessed_images\person_333\img_05.jpg,1,person_333,person_333,positive,0.698859
D:\biztech\preprocessed_images\person_081\img_11.jpg,D:\biztech\preprocessed_images\person_587\img_03.jpg,0,person_081,person_587,negative,-0.185371
D:\biztech\preprocessed_images\person_470\img_01.jpg,D:\biztech\preprocessed_images\person_297\img_03.jpg,0,person_470,person_297,negative,-0.146405
D:\biztech\preprocessed_images\person_068\img_04.jpg,D:\biztech\preprocessed_images\person_068\img_16.jpg,1,person_068,person_068,positive,0.509635
D:\biztech\preprocessed_images\person_607\img_02.jpg,D:\biztech\preprocessed_images\person_607\img_04.jpg,1,person_607,person_607,positive,0.355212
D:\biztech\preprocessed_images\person_090\img_09.jpg,D:\biztech\preprocessed_images\person_090\img_11.jpg,1,person_090,person_090,positive,0.702731
D:\biztech\preprocessed_images\person_026\img_13.jpg,D:\biztech\preprocessed_images\person_371\img_01.jpg,0,person_026,person_371,negative,0.068035
D:\biztech\preprocessed_images\person_221\img_05.jpg,D:\biztech\preprocessed_images\person_221\img_06.jpg,1,person_221,person_221,positive,0.680268
D:\biztech\preprocessed_images\person_074\img_02.jpg,D:\biztech\preprocessed_images\person_045\img_19.jpg,0,person_074,person_045,negative,-0.166775
D:\biztech\preprocessed_images\person_090\img_13.jpg,D:\biztech\preprocessed_images\person_433\img_04.jpg,0,person_090,person_433,negative,-0.104988
D:\biztech\preprocessed_images\person_007\img_24.jpg,D:\biztech\preprocessed_images\person_559\img_03.jpg,0,person_007,person_559,negative,-0.371354
D:\biztech\preprocessed_images\person_082\img_14.jpg,D:\biztech\preprocessed_images\person_082\img_17.jpg,1,person_082,person_082,positive,0.584029
D:\biztech\preprocessed_images\person_026\img_16.jpg,D:\biztech\preprocessed_images\person_026\img_18.jpg,1,person_026,person_026,positive,0.575683
D:\biztech\preprocessed_images\person_406\img_04.jpg,D:\biztech\preprocessed_images\person_406\img_05.jpg,1,person_406,person_406,positive,0.682389
D:\biztech\preprocessed_images\person_470\img_04.jpg,D:\biztech\preprocessed_images\person_603\img_03.jpg,0,person_470,person_603,negative,-0.397030
D:\biztech\preprocessed_images\person_096\img_06.jpg,D:\biztech\preprocessed_images\person_147\img_06.jpg,0,person_096,person_147,negative,0.360077
D:\biztech\preprocessed_images\person_096\img_01.jpg,D:\biztech\preprocessed_images\person_096\img_06.jpg,1,person_096,person_096,positive,0.650314
D:\biztech\preprocessed_images\person_518\img_02.jpg,D:\biztech\preprocessed_images\person_388\img_03.jpg,0,person_518,person_388,negative,0.020033
D:\biztech\preprocessed_images\person_115\img_04.jpg,D:\biztech\preprocessed_images\person_047\img_15.jpg,0,person_115,person_047,negative,-0.038243
D:\biztech\preprocessed_images\person_470\img_01.jpg,D:\biztech\preprocessed_images\person_596\img_03.jpg,0,person_470,person_596,negative,-0.289208
D:\biztech\preprocessed_images\person_147\img_09.jpg,D:\biztech\preprocessed_images\person_147\img_10.jpg,1,person_147,person_147,positive,0.128294
D:\biztech\preprocessed_images\person_512\img_01.jpg,D:\biztech\preprocessed_images\person_512\img_03.jpg,1,person_512,person_512,positive,0.768504
D:\biztech\preprocessed_images\person_226\img_02.jpg,D:\biztech\preprocessed_images\person_226\img_05.jpg,1,person_226,person_226,positive,0.423390
D:\biztech\preprocessed_images\person_090\img_02.jpg,D:\biztech\preprocessed_images\person_090\img_12.jpg,1,person_090,person_090,positive,0.468189
D:\biztech\preprocessed_images\person_100\img_03.jpg,D:\biztech\preprocessed_images\person_100\img_07.jpg,1,person_100,person_100,positive,0.742500
D:\biztech\preprocessed_images\person_460\img_03.jpg,D:\biztech\preprocessed_images\person_349\img_03.jpg,0,person_460,person_349,negative,0.256923
D:\biztech\preprocessed_images\person_167\img_02.jpg,D:\biztech\preprocessed_images\person_587\img_02.jpg,0,person_167,person_587,negative,0.042262
D:\biztech\preprocessed_images\person_028\img_06.jpg,D:\biztech\preprocessed_images\person_388\img_01.jpg,0,person_028,person_388,negative,0.064271
D:\biztech\preprocessed_images\person_033\img_27.jpg,D:\biztech\preprocessed_images\person_033\img_28.jpg,1,person_033,person_033,positive,0.815531
D:\biztech\preprocessed_images\person_371\img_03.jpg,D:\biztech\preprocessed_images\person_274\img_02.jpg,0,person_371,person_274,negative,0.467718
D:\biztech\preprocessed_images\person_068\img_08.jpg,D:\biztech\preprocessed_images\person_068\img_16.jpg,1,person_068,person_068,positive,0.778188
D:\biztech\preprocessed_images\person_115\img_03.jpg,D:\biztech\preprocessed_images\person_115\img_11.jpg,1,person_115,person_115,positive,0.569273
D:\biztech\preprocessed_images\person_090\img_03.jpg,D:\biztech\preprocessed_images\person_090\img_14.jpg,1,person_090,person_090,positive,0.589596
D:\biztech\preprocessed_images\person_096\img_07.jpg,D:\biztech\preprocessed_images\person_096\img_08.jpg,1,person_096,person_096,positive,0.642027
D:\biztech\preprocessed_images\person_160\img_06.jpg,D:\biztech\preprocessed_images\person_371\img_03.jpg,0,person_160,person_371,negative,-0.151764
D:\biztech\preprocessed_images\person_068\img_16.jpg,D:\biztech\preprocessed_images\person_371\img_02.jpg,0,person_068,person_371,negative,0.124725
D:\biztech\preprocessed_images\person_215\img_08.jpg,D:\biztech\preprocessed_images\person_353\img_03.jpg,0,person_215,person_353,negative,-0.364212
D:\biztech\preprocessed_images\person_364\img_04.jpg,D:\biztech\preprocessed_images\person_364\img_05.jpg,1,person_364,person_364,positive,0.779096
D:\biztech\preprocessed_images\person_168\img_02.jpg,D:\biztech\preprocessed_images\person_168\img_03.jpg,1,person_168,person_168,positive,0.760425
D:\biztech\preprocessed_images\person_550\img_01.jpg,D:\biztech\preprocessed_images\person_081\img_15.jpg,0,person_550,person_081,negative,-0.449084
D:\biztech\preprocessed_images\person_225\img_04.jpg,D:\biztech\preprocessed_images\person_225\img_06.jpg,1,person_225,person_225,positive,0.264899
D:\biztech\preprocessed_images\person_364\img_05.jpg,D:\biztech\preprocessed_images\person_368\img_02.jpg,0,person_364,person_368,negative,0.180928
D:\biztech\preprocessed_images\person_225\img_01.jpg,D:\biztech\preprocessed_images\person_225\img_06.jpg,1,person_225,person_225,positive,0.248827
D:\biztech\preprocessed_images\person_047\img_20.jpg,D:\biztech\preprocessed_images\person_251\img_07.jpg,0,person_047,person_251,negative,-0.083878
D:\biztech\preprocessed_images\person_518\img_03.jpg,D:\biztech\preprocessed_images\person_100\img_03.jpg,0,person_518,person_100,negative,0.072420
D:\biztech\preprocessed_images\person_349\img_02.jpg,D:\biztech\preprocessed_images\person_349\img_05.jpg,1,person_349,person_349,positive,0.646183
D:\biztech\preprocessed_images\person_147\img_02.jpg,D:\biztech\preprocessed_images\person_147\img_05.jpg,1,person_147,person_147,positive,0.493262
D:\biztech\preprocessed_images\person_235\img_01.jpg,D:\biztech\preprocessed_images\person_235\img_06.jpg,1,person_235,person_235,positive,0.638330
D:\biztech\preprocessed_images\person_167\img_02.jpg,D:\biztech\preprocessed_images\person_167\img_03.jpg,1,person_167,person_167,positive,0.821176
D:\biztech\preprocessed_images\person_164\img_05.jpg,D:\biztech\preprocessed_images\person_460\img_02.jpg,0,person_164,person_460,negative,0.083135
D:\biztech\preprocessed_images\person_090\img_04.jpg,D:\biztech\preprocessed_images\person_090\img_09.jpg,1,person_090,person_090,positive,0.730327
D:\biztech\preprocessed_images\person_465\img_04.jpg,D:\biztech\preprocessed_images\person_275\img_06.jpg,0,person_465,person_275,negative,0.380108
D:\biztech\preprocessed_images\person_225\img_04.jpg,D:\biztech\preprocessed_images\person_026\img_28.jpg,0,person_225,person_026,negative,0.001126
D:\biztech\preprocessed_images\person_143\img_05.jpg,D:\biztech\preprocessed_images\person_143\img_09.jpg,1,person_143,person_143,positive,0.641402
D:\biztech\preprocessed_images\person_224\img_06.jpg,D:\biztech\preprocessed_images\person_224\img_07.jpg,1,person_224,person_224,positive,-0.079063
D:\biztech\preprocessed_images\person_512\img_02.jpg,D:\biztech\preprocessed_images\person_282\img_04.jpg,0,person_512,person_282,negative,0.100372
D:\biztech\preprocessed_images\person_324\img_02.jpg,D:\biztech\preprocessed_images\person_390\img_05.jpg,0,person_324,person_390,negative,-0.006558
D:\biztech\preprocessed_images\person_371\img_05.jpg,D:\biztech\preprocessed_images\person_349\img_02.jpg,0,person_371,person_349,negative,-0.184895
D:\biztech\preprocessed_images\person_301\img_05.jpg,D:\biztech\preprocessed_images\person_282\img_02.jpg,0,person_301,person_282,negative,0.099947
D:\biztech\preprocessed_images\person_297\img_04.jpg,D:\biztech\preprocessed_images\person_439\img_02.jpg,0,person_297,person_439,negative,0.358765
D:\biztech\preprocessed_images\person_176\img_01.jpg,D:\biztech\preprocessed_images\person_176\img_07.jpg,1,person_176,person_176,positive,0.922261
D:\biztech\preprocessed_images\person_576\img_04.jpg,D:\biztech\preprocessed_images\person_082\img_16.jpg,0,person_576,person_082,negative,0.285801
D:\biztech\preprocessed_images\person_433\img_03.jpg,D:\biztech\preprocessed_images\person_301\img_02.jpg,0,person_433,person_301,negative,0.087338
D:\biztech\preprocessed_images\person_104\img_04.jpg,D:\biztech\preprocessed_images\person_100\img_11.jpg,0,person_104,person_100,negative,0.522622
D:\biztech\preprocessed_images\person_176\img_02.jpg,D:\biztech\preprocessed_images\person_176\img_05.jpg,1,person_176,person_176,positive,0.792786
D:\biztech\preprocessed_images\person_176\img_03.jpg,D:\biztech\preprocessed_images\person_176\img_05.jpg,1,person_176,person_176,positive,0.788548
D:\biztech\preprocessed_images\person_388\img_02.jpg,D:\biztech\preprocessed_images\person_285\img_04.jpg,0,person_388,person_285,negative,-0.185743
D:\biztech\preprocessed_images\person_007\img_46.jpg,D:\biztech\preprocessed_images\person_007\img_63.jpg,1,person_007,person_007,positive,0.513789
D:\biztech\preprocessed_images\person_576\img_01.jpg,D:\biztech\preprocessed_images\person_229\img_04.jpg,0,person_576,person_229,negative,0.226196
D:\biztech\preprocessed_images\person_576\img_01.jpg,D:\biztech\preprocessed_images\person_282\img_01.jpg,0,person_576,person_282,negative,-0.207176
D:\biztech\preprocessed_images\person_058\img_14.jpg,D:\biztech\preprocessed_images\person_218\img_02.jpg,0,person_058,person_218,negative,0.166962
D:\biztech\preprocessed_images\person_225\img_06.jpg,D:\biztech\preprocessed_images\person_225\img_07.jpg,1,person_225,person_225,positive,0.127923
D:\biztech\preprocessed_images\person_587\img_04.jpg,D:\biztech\preprocessed_images\person_229\img_02.jpg,0,person_587,person_229,negative,-0.047238
D:\biztech\preprocessed_images\person_277\img_04.jpg,D:\biztech\preprocessed_images\person_601\img_03.jpg,0,person_277,person_601,negative,-0.268629
D:\biztech\preprocessed_images\person_217\img_04.jpg,D:\biztech\preprocessed_images\person_058\img_10.jpg,0,person_217,person_058,negative,-0.066522
D:\biztech\preprocessed_images\person_104\img_04.jpg,D:\biztech\preprocessed_images\person_104\img_05.jpg,1,person_104,person_104,positive,0.481804
D:\biztech\preprocessed_images\person_090\img_01.jpg,D:\biztech\preprocessed_images\person_090\img_02.jpg,1,person_090,person_090,positive,0.873761
D:\biztech\preprocessed_images\person_349\img_04.jpg,D:\biztech\preprocessed_images\person_128\img_01.jpg,0,person_349,person_128,negative,0.060340
D:\biztech\preprocessed_images\person_204\img_01.jpg,D:\biztech\preprocessed_images\person_204\img_08.jpg,1,person_204,person_204,positive,0.589427
D:\biztech\preprocessed_images\person_028\img_02.jpg,D:\biztech\preprocessed_images\person_074\img_12.jpg,0,person_028,person_074,negative,-0.020927
D:\biztech\preprocessed_images\person_239\img_01.jpg,D:\biztech\preprocessed_images\person_239\img_04.jpg,1,person_239,person_239,positive,0.470261
D:\biztech\preprocessed_images\person_282\img_05.jpg,D:\biztech\preprocessed_images\person_072\img_04.jpg,0,person_282,person_072,negative,-0.126264
D:\biztech\preprocessed_images\person_349\img_01.jpg,D:\biztech\preprocessed_images\person_253\img_06.jpg,0,person_349,person_253,negative,-0.047642
D:\biztech\preprocessed_images\person_600\img_01.jpg,D:\biztech\preprocessed_images\person_600\img_03.jpg,1,person_600,person_600,positive,0.250530
D:\biztech\preprocessed_images\person_176\img_07.jpg,D:\biztech\preprocessed_images\person_229\img_04.jpg,0,person_176,person_229,negative,0.107953
D:\biztech\preprocessed_images\person_349\img_03.jpg,D:\biztech\preprocessed_images\person_390\img_01.jpg,0,person_349,person_390,negative,-0.215263
D:\biztech\preprocessed_images\person_297\img_04.jpg,D:\biztech\preprocessed_images\person_033\img_26.jpg,0,person_297,person_033,negative,-0.175274
D:\biztech\preprocessed_images\person_225\img_05.jpg,D:\biztech\preprocessed_images\person_239\img_03.jpg,0,person_225,person_239,negative,-0.333546
D:\biztech\preprocessed_images\person_105\img_06.jpg,D:\biztech\preprocessed_images\person_105\img_09.jpg,1,person_105,person_105,positive,0.456606
D:\biztech\preprocessed_images\person_576\img_04.jpg,D:\biztech\preprocessed_images\person_582\img_04.jpg,0,person_576,person_582,negative,0.166592
D:\biztech\preprocessed_images\person_007\img_18.jpg,D:\biztech\preprocessed_images\person_007\img_60.jpg,1,person_007,person_007,positive,0.014103
D:\biztech\preprocessed_images\person_512\img_02.jpg,D:\biztech\preprocessed_images\person_512\img_04.jpg,1,person_512,person_512,positive,0.195219
D:\biztech\preprocessed_images\person_074\img_06.jpg,D:\biztech\preprocessed_images\person_217\img_03.jpg,0,person_074,person_217,negative,0.385966
D:\biztech\preprocessed_images\person_026\img_03.jpg,D:\biztech\preprocessed_images\person_026\img_15.jpg,1,person_026,person_026,positive,0.479118
D:\biztech\preprocessed_images\person_226\img_05.jpg,D:\biztech\preprocessed_images\person_226\img_06.jpg,1,person_226,person_226,positive,0.411969
D:\biztech\preprocessed_images\person_301\img_06.jpg,D:\biztech\preprocessed_images\person_147\img_06.jpg,0,person_301,person_147,negative,-0.000914
D:\biztech\preprocessed_images\person_324\img_02.jpg,D:\biztech\preprocessed_images\person_275\img_03.jpg,0,person_324,person_275,negative,-0.062056
D:\biztech\preprocessed_images\person_224\img_02.jpg,D:\biztech\preprocessed_images\person_224\img_05.jpg,1,person_224,person_224,positive,0.241826
D:\biztech\preprocessed_images\person_390\img_02.jpg,D:\biztech\preprocessed_images\person_390\img_05.jpg,1,person_390,person_390,positive,0.412941
D:\biztech\preprocessed_images\person_128\img_05.jpg,D:\biztech\preprocessed_images\person_128\img_10.jpg,1,person_128,person_128,positive,0.491172
D:\biztech\preprocessed_images\person_128\img_06.jpg,D:\biztech\preprocessed_images\person_251\img_05.jpg,0,person_128,person_251,negative,0.305092
D:\biztech\preprocessed_images\person_333\img_05.jpg,D:\biztech\preprocessed_images\person_605\img_04.jpg,0,person_333,person_605,negative,0.073412
D:\biztech\preprocessed_images\person_218\img_02.jpg,D:\biztech\preprocessed_images\person_470\img_04.jpg,0,person_218,person_470,negative,-0.193618
D:\biztech\preprocessed_images\person_470\img_04.jpg,D:\biztech\preprocessed_images\person_596\img_03.jpg,0,person_470,person_596,negative,-0.083381
D:\biztech\preprocessed_images\person_333\img_02.jpg,D:\biztech\preprocessed_images\person_333\img_03.jpg,1,person_333,person_333,positive,0.691162
D:\biztech\preprocessed_images\person_471\img_03.jpg,D:\biztech\preprocessed_images\person_239\img_02.jpg,0,person_471,person_239,negative,-0.263942
D:\biztech\preprocessed_images\person_096\img_12.jpg,D:\biztech\preprocessed_images\person_225\img_05.jpg,0,person_096,person_225,negative,0.007240
D:\biztech\preprocessed_images\person_371\img_01.jpg,D:\biztech\preprocessed_images\person_559\img_01.jpg,0,person_371,person_559,negative,-0.067486
D:\biztech\preprocessed_images\person_028\img_10.jpg,D:\biztech\preprocessed_images\person_028\img_26.jpg,1,person_028,person_028,positive,0.883285
D:\biztech\preprocessed_images\person_323\img_01.jpg,D:\biztech\preprocessed_images\person_323\img_05.jpg,1,person_323,person_323,positive,0.338121
D:\biztech\preprocessed_images\person_596\img_03.jpg,D:\biztech\preprocessed_images\person_596\img_04.jpg,1,person_596,person_596,positive,0.815536
D:\biztech\preprocessed_images\person_226\img_04.jpg,D:\biztech\preprocessed_images\person_226\img_06.jpg,1,person_226,person_226,positive,0.734789
D:\biztech\preprocessed_images\person_353\img_04.jpg,D:\biztech\preprocessed_images\person_277\img_03.jpg,0,person_353,person_277,negative,-0.128155
D:\biztech\preprocessed_images\person_176\img_01.jpg,D:\biztech\preprocessed_images\person_176\img_04.jpg,1,person_176,person_176,positive,0.404211
D:\biztech\preprocessed_images\person_470\img_02.jpg,D:\biztech\preprocessed_images\person_470\img_04.jpg,1,person_470,person_470,positive,0.517048
D:\biztech\preprocessed_images\person_115\img_10.jpg,D:\biztech\preprocessed_images\person_147\img_04.jpg,0,person_115,person_147,negative,-0.136386
D:\biztech\preprocessed_images\person_090\img_05.jpg,D:\biztech\preprocessed_images\person_090\img_10.jpg,1,person_090,person_090,positive,0.627945
D:\biztech\preprocessed_images\person_095\img_01.jpg,D:\biztech\preprocessed_images\person_272\img_02.jpg,0,person_095,person_272,negative,0.010403
D:\biztech\preprocessed_images\person_115\img_07.jpg,D:\biztech\preprocessed_images\person_115\img_11.jpg,1,person_115,person_115,positive,0.597850
D:\biztech\preprocessed_images\person_226\img_03.jpg,D:\biztech\preprocessed_images\person_226\img_04.jpg,1,person_226,person_226,positive,0.604476
D:\biztech\preprocessed_images\person_143\img_02.jpg,D:\biztech\preprocessed_images\person_143\img_06.jpg,1,person_143,person_143,positive,0.903842
D:\biztech\preprocessed_images\person_160\img_03.jpg,D:\biztech\preprocessed_images\person_160\img_04.jpg,1,person_160,person_160,positive,0.478348
D:\biztech\preprocessed_images\person_253\img_02.jpg,D:\biztech\preprocessed_images\person_253\img_03.jpg,1,person_253,person_253,positive,0.678291
D:\biztech\preprocessed_images\person_143\img_02.jpg,D:\biztech\preprocessed_images\person_143\img_09.jpg,1,person_143,person_143,positive,0.701015
D:\biztech\preprocessed_images\person_105\img_10.jpg,D:\biztech\preprocessed_images\person_390\img_03.jpg,0,person_105,person_390,negative,0.038124
D:\biztech\preprocessed_images\person_168\img_08.jpg,D:\biztech\preprocessed_images\person_176\img_09.jpg,0,person_168,person_176,negative,0.567949
D:\biztech\preprocessed_images\person_028\img_24.jpg,D:\biztech\preprocessed_images\person_007\img_31.jpg,0,person_028,person_007,negative,0.050707
D:\biztech\preprocessed_images\person_380\img_03.jpg,D:\biztech\preprocessed_images\person_323\img_02.jpg,0,person_380,person_323,negative,0.212207
D:\biztech\preprocessed_images\person_045\img_06.jpg,D:\biztech\preprocessed_images\person_390\img_03.jpg,0,person_045,person_390,negative,0.304873
D:\biztech\preprocessed_images\person_218\img_05.jpg,D:\biztech\preprocessed_images\person_218\img_06.jpg,1,person_218,person_218,positive,0.598860
D:\biztech\preprocessed_images\person_033\img_16.jpg,D:\biztech\preprocessed_images\person_033\img_25.jpg,1,person_033,person_033,positive,0.272938
D:\biztech\preprocessed_images\person_204\img_08.jpg,D:\biztech\preprocessed_images\person_235\img_06.jpg,0,person_204,person_235,negative,-0.045482
D:\biztech\preprocessed_images\person_167\img_02.jpg,D:\biztech\preprocessed_images\person_167\img_07.jpg,1,person_167,person_167,positive,0.772822
D:\biztech\preprocessed_images\person_128\img_06.jpg,D:\biztech\preprocessed_images\person_600\img_02.jpg,0,person_128,person_600,negative,-0.377501
D:\biztech\preprocessed_images\person_176\img_02.jpg,D:\biztech\preprocessed_images\person_176\img_09.jpg,1,person_176,person_176,positive,0.857533
D:\biztech\preprocessed_images\person_388\img_03.jpg,D:\biztech\preprocessed_images\person_324\img_01.jpg,0,person_388,person_324,negative,-0.067296
D:\biztech\preprocessed_images\person_104\img_02.jpg,D:\biztech\preprocessed_images\person_104\img_08.jpg,1,person_104,person_104,positive,0.636533
D:\biztech\preprocessed_images\person_225\img_04.jpg,D:\biztech\preprocessed_images\person_225\img_05.jpg,1,person_225,person_225,positive,0.380276
D:\biztech\preprocessed_images\person_074\img_06.jpg,D:\biztech\preprocessed_images\person_074\img_07.jpg,1,person_074,person_074,positive,0.460751
D:\biztech\preprocessed_images\person_411\img_01.jpg,D:\biztech\preprocessed_images\person_411\img_03.jpg,1,person_411,person_411,positive,0.431438
D:\biztech\preprocessed_images\person_096\img_10.jpg,D:\biztech\preprocessed_images\person_460\img_01.jpg,0,person_096,person_460,negative,-0.068464
D:\biztech\preprocessed_images\person_217\img_02.jpg,D:\biztech\preprocessed_images\person_217\img_07.jpg,1,person_217,person_217,positive,0.560277
D:\biztech\preprocessed_images\person_143\img_08.jpg,D:\biztech\preprocessed_images\person_143\img_11.jpg,1,person_143,person_143,positive,0.778238
D:\biztech\preprocessed_images\person_167\img_03.jpg,D:\biztech\preprocessed_images\person_167\img_08.jpg,1,person_167,person_167,positive,0.542338
D:\biztech\preprocessed_images\person_349\img_04.jpg,D:\biztech\preprocessed_images\person_324\img_04.jpg,0,person_349,person_324,negative,-0.247956
D:\biztech\preprocessed_images\person_167\img_06.jpg,D:\biztech\preprocessed_images\person_167\img_07.jpg,1,person_167,person_167,positive,0.713013
D:\biztech\preprocessed_images\person_576\img_04.jpg,D:\biztech\preprocessed_images\person_081\img_14.jpg,0,person_576,person_081,negative,0.135418
D:\biztech\preprocessed_images\person_600\img_02.jpg,D:\biztech\preprocessed_images\person_345\img_04.jpg,0,person_600,person_345,negative,0.229624
D:\biztech\preprocessed_images\person_460\img_03.jpg,D:\biztech\preprocessed_images\person_277\img_02.jpg,0,person_460,person_277,negative,-0.206181
D:\biztech\preprocessed_images\person_143\img_07.jpg,D:\biztech\preprocessed_images\person_143\img_09.jpg,1,person_143,person_143,positive,0.700684
D:\biztech\preprocessed_images\person_176\img_03.jpg,D:\biztech\preprocessed_images\person_176\img_07.jpg,1,person_176,person_176,positive,0.690681
D:\biztech\preprocessed_images\person_072\img_06.jpg,D:\biztech\preprocessed_images\person_368\img_04.jpg,0,person_072,person_368,negative,0.600736
D:\biztech\preprocessed_images\person_058\img_11.jpg,D:\biztech\preprocessed_images\person_234\img_01.jpg,0,person_058,person_234,negative,0.134105
D:\biztech\preprocessed_images\person_026\img_14.jpg,D:\biztech\preprocessed_images\person_239\img_01.jpg,0,person_026,person_239,negative,-0.011752
D:\biztech\preprocessed_images\person_031\img_20.jpg,D:\biztech\preprocessed_images\person_031\img_25.jpg,1,person_031,person_031,positive,0.575720
D:\biztech\preprocessed_images\person_371\img_04.jpg,D:\biztech\preprocessed_images\person_388\img_02.jpg,0,person_371,person_388,negative,0.037943
D:\biztech\preprocessed_images\person_095\img_11.jpg,D:\biztech\preprocessed_images\person_095\img_12.jpg,1,person_095,person_095,positive,0.700271
D:\biztech\preprocessed_images\person_105\img_03.jpg,D:\biztech\preprocessed_images\person_105\img_11.jpg,1,person_105,person_105,positive,0.252145
D:\biztech\preprocessed_images\person_274\img_01.jpg,D:\biztech\preprocessed_images\person_582\img_01.jpg,0,person_274,person_582,negative,-0.053468
D:\biztech\preprocessed_images\person_218\img_01.jpg,D:\biztech\preprocessed_images\person_218\img_06.jpg,1,person_218,person_218,positive,0.756702
D:\biztech\preprocessed_images\person_164\img_09.jpg,D:\biztech\preprocessed_images\person_058\img_16.jpg,0,person_164,person_058,negative,0.082711
D:\biztech\preprocessed_images\person_167\img_05.jpg,D:\biztech\preprocessed_images\person_596\img_02.jpg,0,person_167,person_596,negative,-0.004669
D:\biztech\preprocessed_images\person_204\img_04.jpg,D:\biztech\preprocessed_images\person_471\img_01.jpg,0,person_204,person_471,negative,0.234775
D:\biztech\preprocessed_images\person_234\img_07.jpg,D:\biztech\preprocessed_images\person_239\img_03.jpg,0,person_234,person_239,negative,-0.262436
D:\biztech\preprocessed_images\person_095\img_13.jpg,D:\biztech\preprocessed_images\person_095\img_14.jpg,1,person_095,person_095,positive,0.787399
D:\biztech\preprocessed_images\person_221\img_02.jpg,D:\biztech\preprocessed_images\person_104\img_04.jpg,0,person_221,person_104,negative,0.170302
D:\biztech\preprocessed_images\person_090\img_03.jpg,D:\biztech\preprocessed_images\person_090\img_10.jpg,1,person_090,person_090,positive,0.439555
D:\biztech\preprocessed_images\person_270\img_03.jpg,D:\biztech\preprocessed_images\person_371\img_04.jpg,0,person_270,person_371,negative,0.173636
D:\biztech\preprocessed_images\person_282\img_02.jpg,D:\biztech\preprocessed_images\person_147\img_03.jpg,0,person_282,person_147,negative,-0.301441
D:\biztech\preprocessed_images\person_271\img_05.jpg,D:\biztech\preprocessed_images\person_160\img_08.jpg,0,person_271,person_160,negative,0.351010
D:\biztech\preprocessed_images\person_167\img_04.jpg,D:\biztech\preprocessed_images\person_167\img_08.jpg,1,person_167,person_167,positive,0.470384
D:\biztech\preprocessed_images\person_167\img_04.jpg,D:\biztech\preprocessed_images\person_167\img_09.jpg,1,person_167,person_167,positive,0.586177
D:\biztech\preprocessed_images\person_215\img_05.jpg,D:\biztech\preprocessed_images\person_215\img_06.jpg,1,person_215,person_215,positive,0.899009
D:\biztech\preprocessed_images\person_104\img_04.jpg,D:\biztech\preprocessed_images\person_104\img_07.jpg,1,person_104,person_104,positive,0.227069
D:\biztech\preprocessed_images\person_576\img_04.jpg,D:\biztech\preprocessed_images\person_430\img_02.jpg,0,person_576,person_430,negative,0.001369
D:\biztech\preprocessed_images\person_068\img_14.jpg,D:\biztech\preprocessed_images\person_364\img_02.jpg,0,person_068,person_364,negative,-0.257804
D:\biztech\preprocessed_images\person_374\img_03.jpg,D:\biztech\preprocessed_images\person_389\img_05.jpg,0,person_374,person_389,negative,0.514445
D:\biztech\preprocessed_images\person_160\img_04.jpg,D:\biztech\preprocessed_images\person_096\img_02.jpg,0,person_160,person_096,negative,0.120344
D:\biztech\preprocessed_images\person_068\img_02.jpg,D:\biztech\preprocessed_images\person_068\img_03.jpg,1,person_068,person_068,positive,0.295001
D:\biztech\preprocessed_images\person_297\img_06.jpg,D:\biztech\preprocessed_images\person_301\img_01.jpg,0,person_297,person_301,negative,-0.209068
D:\biztech\preprocessed_images\person_353\img_02.jpg,D:\biztech\preprocessed_images\person_143\img_01.jpg,0,person_353,person_143,negative,-0.103758
D:\biztech\preprocessed_images\person_104\img_06.jpg,D:\biztech\preprocessed_images\person_104\img_13.jpg,1,person_104,person_104,positive,0.643810
D:\biztech\preprocessed_images\person_081\img_14.jpg,D:\biztech\preprocessed_images\person_081\img_15.jpg,1,person_081,person_081,positive,0.631072
D:\biztech\preprocessed_images\person_224\img_04.jpg,D:\biztech\preprocessed_images\person_224\img_07.jpg,1,person_224,person_224,positive,0.537861
D:\biztech\preprocessed_images\person_433\img_03.jpg,D:\biztech\preprocessed_images\person_433\img_04.jpg,1,person_433,person_433,positive,0.595648
D:\biztech\preprocessed_images\person_128\img_04.jpg,D:\biztech\preprocessed_images\person_128\img_08.jpg,1,person_128,person_128,positive,0.552319
D:\biztech\preprocessed_images\person_282\img_01.jpg,D:\biztech\preprocessed_images\person_282\img_06.jpg,1,person_282,person_282,positive,0.367129
D:\biztech\preprocessed_images\person_068\img_06.jpg,D:\biztech\preprocessed_images\person_368\img_03.jpg,0,person_068,person_368,negative,0.007084
D:\biztech\preprocessed_images\person_007\img_41.jpg,D:\biztech\preprocessed_images\person_100\img_09.jpg,0,person_007,person_100,negative,-0.060348
D:\biztech\preprocessed_images\person_596\img_02.jpg,D:\biztech\preprocessed_images\person_596\img_03.jpg,1,person_596,person_596,positive,0.733659
D:\biztech\preprocessed_images\person_221\img_07.jpg,D:\biztech\preprocessed_images\person_368\img_01.jpg,0,person_221,person_368,negative,0.669701
D:\biztech\preprocessed_images\person_033\img_24.jpg,D:\biztech\preprocessed_images\person_033\img_30.jpg,1,person_033,person_033,positive,0.799710
D:\biztech\preprocessed_images\person_603\img_01.jpg,D:\biztech\preprocessed_images\person_215\img_08.jpg,0,person_603,person_215,negative,0.138345
D:\biztech\preprocessed_images\person_433\img_01.jpg,D:\biztech\preprocessed_images\person_433\img_02.jpg,1,person_433,person_433,positive,0.326193
D:\biztech\preprocessed_images\person_167\img_02.jpg,D:\biztech\preprocessed_images\person_167\img_04.jpg,1,person_167,person_167,positive,0.738529
D:\biztech\preprocessed_images\person_105\img_05.jpg,D:\biztech\preprocessed_images\person_229\img_05.jpg,0,person_105,person_229,negative,-0.292142
D:\biztech\preprocessed_images\person_164\img_02.jpg,D:\biztech\preprocessed_images\person_164\img_08.jpg,1,person_164,person_164,positive,0.389437
D:\biztech\preprocessed_images\person_033\img_08.jpg,D:\biztech\preprocessed_images\person_033\img_29.jpg,1,person_033,person_033,positive,0.493415
D:\biztech\preprocessed_images\person_082\img_04.jpg,D:\biztech\preprocessed_images\person_512\img_01.jpg,0,person_082,person_512,negative,-0.026970
D:\biztech\preprocessed_images\person_512\img_03.jpg,D:\biztech\preprocessed_images\person_128\img_10.jpg,0,person_512,person_128,negative,-0.107463
D:\biztech\preprocessed_images\person_301\img_02.jpg,D:\biztech\preprocessed_images\person_301\img_06.jpg,1,person_301,person_301,positive,0.680462
D:\biztech\preprocessed_images\person_274\img_06.jpg,D:\biztech\preprocessed_images\person_167\img_08.jpg,0,person_274,person_167,negative,0.256426
D:\biztech\preprocessed_images\person_323\img_03.jpg,D:\biztech\preprocessed_images\person_096\img_12.jpg,0,person_323,person_096,negative,0.123163
D:\biztech\preprocessed_images\person_204\img_04.jpg,D:\biztech\preprocessed_images\person_204\img_05.jpg,1,person_204,person_204,positive,0.905997
D:\biztech\preprocessed_images\person_143\img_02.jpg,D:\biztech\preprocessed_images\person_143\img_11.jpg,1,person_143,person_143,positive,0.793896
D:\biztech\preprocessed_images\person_095\img_03.jpg,D:\biztech\preprocessed_images\person_095\img_13.jpg,1,person_095,person_095,positive,0.759419
D:\biztech\preprocessed_images\person_115\img_13.jpg,D:\biztech\preprocessed_images\person_218\img_01.jpg,0,person_115,person_218,negative,-0.052295
D:\biztech\preprocessed_images\person_095\img_04.jpg,D:\biztech\preprocessed_images\person_095\img_08.jpg,1,person_095,person_095,positive,0.612535
D:\biztech\preprocessed_images\person_072\img_17.jpg,D:\biztech\preprocessed_images\person_474\img_04.jpg,0,person_072,person_474,negative,-0.169133
D:\biztech\preprocessed_images\person_033\img_21.jpg,D:\biztech\preprocessed_images\person_575\img_01.jpg,0,person_033,person_575,negative,-0.217758
D:\biztech\preprocessed_images\person_058\img_02.jpg,D:\biztech\preprocessed_images\person_058\img_11.jpg,1,person_058,person_058,positive,0.675040
D:\biztech\preprocessed_images\person_215\img_04.jpg,D:\biztech\preprocessed_images\person_215\img_07.jpg,1,person_215,person_215,positive,0.692161
D:\biztech\preprocessed_images\person_217\img_05.jpg,D:\biztech\preprocessed_images\person_217\img_07.jpg,1,person_217,person_217,positive,0.719224
D:\biztech\preprocessed_images\person_045\img_05.jpg,D:\biztech\preprocessed_images\person_045\img_16.jpg,1,person_045,person_045,positive,0.394850
D:\biztech\preprocessed_images\person_226\img_06.jpg,D:\biztech\preprocessed_images\person_168\img_03.jpg,0,person_226,person_168,negative,0.041854
D:\biztech\preprocessed_images\person_512\img_02.jpg,D:\biztech\preprocessed_images\person_028\img_05.jpg,0,person_512,person_028,negative,-0.097206
D:\biztech\preprocessed_images\person_095\img_10.jpg,D:\biztech\preprocessed_images\person_095\img_12.jpg,1,person_095,person_095,positive,0.562841
D:\biztech\preprocessed_images\person_068\img_02.jpg,D:\biztech\preprocessed_images\person_068\img_19.jpg,1,person_068,person_068,positive,0.299394
D:\biztech\preprocessed_images\person_465\img_03.jpg,D:\biztech\preprocessed_images\person_559\img_01.jpg,0,person_465,person_559,negative,0.049655
D:\biztech\preprocessed_images\person_197\img_05.jpg,D:\biztech\preprocessed_images\person_197\img_06.jpg,1,person_197,person_197,positive,0.284818
D:\biztech\preprocessed_images\person_031\img_04.jpg,D:\biztech\preprocessed_images\person_031\img_20.jpg,1,person_031,person_031,positive,0.451243
D:\biztech\preprocessed_images\person_603\img_04.jpg,D:\biztech\preprocessed_images\person_147\img_01.jpg,0,person_603,person_147,negative,0.116692
D:\biztech\preprocessed_images\person_270\img_03.jpg,D:\biztech\preprocessed_images\person_270\img_05.jpg,1,person_270,person_270,positive,0.619630
D:\biztech\preprocessed_images\person_068\img_01.jpg,D:\biztech\preprocessed_images\person_068\img_15.jpg,1,person_068,person_068,positive,0.743139
D:\biztech\preprocessed_images\person_031\img_20.jpg,D:\biztech\preprocessed_images\person_550\img_03.jpg,0,person_031,person_550,negative,-0.122995
D:\biztech\preprocessed_images\person_115\img_02.jpg,D:\biztech\preprocessed_images\person_115\img_05.jpg,1,person_115,person_115,positive,0.470894
D:\biztech\preprocessed_images\person_596\img_01.jpg,D:\biztech\preprocessed_images\person_353\img_01.jpg,0,person_596,person_353,negative,-0.131046
D:\biztech\preprocessed_images\person_068\img_13.jpg,D:\biztech\preprocessed_images\person_068\img_16.jpg,1,person_068,person_068,positive,0.612059
D:\biztech\preprocessed_images\person_047\img_17.jpg,D:\biztech\preprocessed_images\person_047\img_18.jpg,1,person_047,person_047,positive,0.370967
D:\biztech\preprocessed_images\person_439\img_03.jpg,D:\biztech\preprocessed_images\person_028\img_30.jpg,0,person_439,person_028,negative,-0.122174
D:\biztech\preprocessed_images\person_576\img_01.jpg,D:\biztech\preprocessed_images\person_234\img_01.jpg,0,person_576,person_234,negative,0.082120
D:\biztech\preprocessed_images\person_090\img_08.jpg,D:\biztech\preprocessed_images\person_090\img_12.jpg,1,person_090,person_090,positive,0.588868
D:\biztech\preprocessed_images\person_072\img_01.jpg,D:\biztech\preprocessed_images\person_072\img_07.jpg,1,person_072,person_072,positive,0.694470
D:\biztech\preprocessed_images\person_518\img_04.jpg,D:\biztech\preprocessed_images\person_474\img_01.jpg,0,person_518,person_474,negative,0.034484
D:\biztech\preprocessed_images\person_406\img_04.jpg,D:\biztech\preprocessed_images\person_090\img_15.jpg,0,person_406,person_090,negative,0.147397
D:\biztech\preprocessed_images\person_374\img_04.jpg,D:\biztech\preprocessed_images\person_596\img_01.jpg,0,person_374,person_596,negative,-0.097845
D:\biztech\preprocessed_images\person_512\img_03.jpg,D:\biztech\preprocessed_images\person_582\img_03.jpg,0,person_512,person_582,negative,0.177321
D:\biztech\preprocessed_images\person_096\img_14.jpg,D:\biztech\preprocessed_images\person_275\img_06.jpg,0,person_096,person_275,negative,-0.172030
D:\biztech\preprocessed_images\person_095\img_13.jpg,D:\biztech\preprocessed_images\person_095\img_15.jpg,1,person_095,person_095,positive,0.698972
D:\biztech\preprocessed_images\person_221\img_05.jpg,D:\biztech\preprocessed_images\person_160\img_07.jpg,0,person_221,person_160,negative,-0.215185
D:\biztech\preprocessed_images\person_465\img_01.jpg,D:\biztech\preprocessed_images\person_226\img_02.jpg,0,person_465,person_226,negative,0.200312
D:\biztech\preprocessed_images\person_587\img_01.jpg,D:\biztech\preprocessed_images\person_587\img_02.jpg,1,person_587,person_587,positive,0.566246
D:\biztech\preprocessed_images\person_031\img_07.jpg,D:\biztech\preprocessed_images\person_031\img_17.jpg,1,person_031,person_031,positive,0.496111
D:\biztech\preprocessed_images\person_197\img_01.jpg,D:\biztech\preprocessed_images\person_031\img_30.jpg,0,person_197,person_031,negative,0.221327
D:\biztech\preprocessed_images\person_164\img_08.jpg,D:\biztech\preprocessed_images\person_235\img_07.jpg,0,person_164,person_235,negative,0.207926
D:\biztech\preprocessed_images\person_197\img_01.jpg,D:\biztech\preprocessed_images\person_197\img_02.jpg,1,person_197,person_197,positive,0.449040
D:\biztech\preprocessed_images\person_604\img_03.jpg,D:\biztech\preprocessed_images\person_604\img_04.jpg,1,person_604,person_604,positive,0.707255
D:\biztech\preprocessed_images\person_095\img_11.jpg,D:\biztech\preprocessed_images\person_095\img_15.jpg,1,person_095,person_095,positive,0.617385
D:\biztech\preprocessed_images\person_058\img_03.jpg,D:\biztech\preprocessed_images\person_058\img_17.jpg,1,person_058,person_058,positive,0.263910
D:\biztech\preprocessed_images\person_115\img_02.jpg,D:\biztech\preprocessed_images\person_575\img_03.jpg,0,person_115,person_575,negative,-0.121479
D:\biztech\preprocessed_images\person_364\img_02.jpg,D:\biztech\preprocessed_images\person_364\img_03.jpg,1,person_364,person_364,positive,0.685966
D:\biztech\preprocessed_images\person_559\img_02.jpg,D:\biztech\preprocessed_images\person_380\img_02.jpg,0,person_559,person_380,negative,-0.005978
D:\biztech\preprocessed_images\person_285\img_04.jpg,D:\biztech\preprocessed_images\person_364\img_04.jpg,0,person_285,person_364,negative,-0.244726
D:\biztech\preprocessed_images\person_221\img_03.jpg,D:\biztech\preprocessed_images\person_104\img_11.jpg,0,person_221,person_104,negative,0.392826
D:\biztech\preprocessed_images\person_607\img_02.jpg,D:\biztech\preprocessed_images\person_406\img_02.jpg,0,person_607,person_406,negative,0.155347
D:\biztech\preprocessed_images\person_235\img_05.jpg,D:\biztech\preprocessed_images\person_604\img_03.jpg,0,person_235,person_604,negative,0.137098
D:\biztech\preprocessed_images\person_239\img_02.jpg,D:\biztech\preprocessed_images\person_275\img_06.jpg,0,person_239,person_275,negative,0.209986
D:\biztech\preprocessed_images\person_559\img_01.jpg,D:\biztech\preprocessed_images\person_474\img_04.jpg,0,person_559,person_474,negative,0.401556
D:\biztech\preprocessed_images\person_285\img_02.jpg,D:\biztech\preprocessed_images\person_607\img_04.jpg,0,person_285,person_607,negative,-0.131263
D:\biztech\preprocessed_images\person_433\img_04.jpg,D:\biztech\preprocessed_images\person_197\img_07.jpg,0,person_433,person_197,negative,0.127435
D:\biztech\preprocessed_images\person_047\img_19.jpg,D:\biztech\preprocessed_images\person_323\img_01.jpg,0,person_047,person_323,negative,0.147097
D:\biztech\preprocessed_images\person_460\img_04.jpg,D:\biztech\preprocessed_images\person_128\img_09.jpg,0,person_460,person_128,negative,-0.085147
D:\biztech\preprocessed_images\person_031\img_04.jpg,D:\biztech\preprocessed_images\person_105\img_04.jpg,0,person_031,person_105,negative,0.132401
D:\biztech\preprocessed_images\person_045\img_07.jpg,D:\biztech\preprocessed_images\person_045\img_20.jpg,1,person_045,person_045,positive,0.245738
D:\biztech\preprocessed_images\person_550\img_02.jpg,D:\biztech\preprocessed_images\person_550\img_03.jpg,1,person_550,person_550,positive,0.740150
D:\biztech\preprocessed_images\person_353\img_04.jpg,D:\biztech\preprocessed_images\person_587\img_02.jpg,0,person_353,person_587,negative,0.230009
D:\biztech\preprocessed_images\person_217\img_02.jpg,D:\biztech\preprocessed_images\person_217\img_06.jpg,1,person_217,person_217,positive,0.790242
D:\biztech\preprocessed_images\person_226\img_07.jpg,D:\biztech\preprocessed_images\person_587\img_01.jpg,0,person_226,person_587,negative,0.526082
D:\biztech\preprocessed_images\person_007\img_11.jpg,D:\biztech\preprocessed_images\person_007\img_70.jpg,1,person_007,person_007,positive,0.670443
D:\biztech\preprocessed_images\person_028\img_25.jpg,D:\biztech\preprocessed_images\person_474\img_04.jpg,0,person_028,person_474,negative,-0.185330
D:\biztech\preprocessed_images\person_147\img_04.jpg,D:\biztech\preprocessed_images\person_147\img_07.jpg,1,person_147,person_147,positive,0.593962
D:\biztech\preprocessed_images\person_380\img_02.jpg,D:\biztech\preprocessed_images\person_380\img_04.jpg,1,person_380,person_380,positive,0.473473
D:\biztech\preprocessed_images\person_218\img_04.jpg,D:\biztech\preprocessed_images\person_218\img_05.jpg,1,person_218,person_218,positive,0.636072
D:\biztech\preprocessed_images\person_072\img_02.jpg,D:\biztech\preprocessed_images\person_072\img_10.jpg,1,person_072,person_072,positive,0.508210
D:\biztech\preprocessed_images\person_253\img_01.jpg,D:\biztech\preprocessed_images\person_253\img_04.jpg,1,person_253,person_253,positive,0.404455
D:\biztech\preprocessed_images\person_074\img_02.jpg,D:\biztech\preprocessed_images\person_074\img_15.jpg,1,person_074,person_074,positive,0.743289
D:\biztech\preprocessed_images\person_160\img_02.jpg,D:\biztech\preprocessed_images\person_160\img_04.jpg,1,person_160,person_160,positive,0.384819
D:\biztech\preprocessed_images\person_033\img_07.jpg,D:\biztech\preprocessed_images\person_349\img_02.jpg,0,person_033,person_349,negative,-0.369108
D:\biztech\preprocessed_images\person_215\img_01.jpg,D:\biztech\preprocessed_images\person_115\img_09.jpg,0,person_215,person_115,negative,0.068778
D:\biztech\preprocessed_images\person_074\img_01.jpg,D:\biztech\preprocessed_images\person_074\img_04.jpg,1,person_074,person_074,positive,0.645426
D:\biztech\preprocessed_images\person_380\img_02.jpg,D:\biztech\preprocessed_images\person_607\img_03.jpg,0,person_380,person_607,negative,-0.190935
D:\biztech\preprocessed_images\person_143\img_10.jpg,D:\biztech\preprocessed_images\person_143\img_11.jpg,1,person_143,person_143,positive,0.770536
D:\biztech\preprocessed_images\person_047\img_07.jpg,D:\biztech\preprocessed_images\person_047\img_21.jpg,1,person_047,person_047,positive,0.585184
D:\biztech\preprocessed_images\person_226\img_05.jpg,D:\biztech\preprocessed_images\person_229\img_05.jpg,0,person_226,person_229,negative,-0.021891
D:\biztech\preprocessed_images\person_105\img_03.jpg,D:\biztech\preprocessed_images\person_105\img_13.jpg,1,person_105,person_105,positive,0.188847
D:\biztech\preprocessed_images\person_081\img_01.jpg,D:\biztech\preprocessed_images\person_285\img_06.jpg,0,person_081,person_285,negative,0.690267
D:\biztech\preprocessed_images\person_031\img_03.jpg,D:\biztech\preprocessed_images\person_031\img_15.jpg,1,person_031,person_031,positive,0.177469
D:\biztech\preprocessed_images\person_164\img_06.jpg,D:\biztech\preprocessed_images\person_582\img_01.jpg,0,person_164,person_582,negative,-0.347546
D:\biztech\preprocessed_images\person_081\img_02.jpg,D:\biztech\preprocessed_images\person_081\img_10.jpg,1,person_081,person_081,positive,0.296784
D:\biztech\preprocessed_images\person_285\img_04.jpg,D:\biztech\preprocessed_images\person_007\img_09.jpg,0,person_285,person_007,negative,-0.085459
D:\biztech\preprocessed_images\person_033\img_05.jpg,D:\biztech\preprocessed_images\person_033\img_28.jpg,1,person_033,person_033,positive,0.362119
D:\biztech\preprocessed_images\person_277\img_05.jpg,D:\biztech\preprocessed_images\person_031\img_16.jpg,0,person_277,person_031,negative,0.055407
D:\biztech\preprocessed_images\person_225\img_05.jpg,D:\biztech\preprocessed_images\person_225\img_07.jpg,1,person_225,person_225,positive,0.336429
D:\biztech\preprocessed_images\person_239\img_04.jpg,D:\biztech\preprocessed_images\person_167\img_08.jpg,0,person_239,person_167,negative,0.258810
D:\biztech\preprocessed_images\person_218\img_01.jpg,D:\biztech\preprocessed_images\person_218\img_03.jpg,1,person_218,person_218,positive,0.679507
D:\biztech\preprocessed_images\person_465\img_04.jpg,D:\biztech\preprocessed_images\person_582\img_02.jpg,0,person_465,person_582,negative,-0.312763
D:\biztech\preprocessed_images\person_518\img_02.jpg,D:\biztech\preprocessed_images\person_582\img_03.jpg,0,person_518,person_582,negative,0.166864
D:\biztech\preprocessed_images\person_234\img_01.jpg,D:\biztech\preprocessed_images\person_234\img_05.jpg,1,person_234,person_234,positive,0.623252
D:\biztech\preprocessed_images\person_068\img_11.jpg,D:\biztech\preprocessed_images\person_068\img_13.jpg,1,person_068,person_068,positive,0.617611
D:\biztech\preprocessed_images\person_374\img_04.jpg,D:\biztech\preprocessed_images\person_389\img_04.jpg,0,person_374,person_389,negative,0.643640
D:\biztech\preprocessed_images\person_390\img_04.jpg,D:\biztech\preprocessed_images\person_297\img_04.jpg,0,person_390,person_297,negative,-0.159168
D:\biztech\preprocessed_images\person_176\img_05.jpg,D:\biztech\preprocessed_images\person_045\img_10.jpg,0,person_176,person_045,negative,0.052312
D:\biztech\preprocessed_images\person_253\img_06.jpg,D:\biztech\preprocessed_images\person_270\img_05.jpg,0,person_253,person_270,negative,-0.339849
D:\biztech\preprocessed_images\person_470\img_01.jpg,D:\biztech\preprocessed_images\person_518\img_01.jpg,0,person_470,person_518,negative,-0.176169
D:\biztech\preprocessed_images\person_168\img_01.jpg,D:\biztech\preprocessed_images\person_168\img_04.jpg,1,person_168,person_168,positive,0.453505
D:\biztech\preprocessed_images\person_518\img_03.jpg,D:\biztech\preprocessed_images\person_324\img_03.jpg,0,person_518,person_324,negative,0.443764
D:\biztech\preprocessed_images\person_270\img_04.jpg,D:\biztech\preprocessed_images\person_143\img_11.jpg,0,person_270,person_143,negative,-0.014318
D:\biztech\preprocessed_images\person_353\img_02.jpg,D:\biztech\preprocessed_images\person_164\img_05.jpg,0,person_353,person_164,negative,-0.186715
D:\biztech\preprocessed_images\person_275\img_06.jpg,D:\biztech\preprocessed_images\person_217\img_01.jpg,0,person_275,person_217,negative,-0.226675
D:\biztech\preprocessed_images\person_197\img_01.jpg,D:\biztech\preprocessed_images\person_575\img_03.jpg,0,person_197,person_575,negative,-0.119984
D:\biztech\preprocessed_images\person_439\img_04.jpg,D:\biztech\preprocessed_images\person_380\img_03.jpg,0,person_439,person_380,negative,-0.324270
D:\biztech\preprocessed_images\person_147\img_04.jpg,D:\biztech\preprocessed_images\person_147\img_09.jpg,1,person_147,person_147,positive,0.598761
D:\biztech\preprocessed_images\person_215\img_02.jpg,D:\biztech\preprocessed_images\person_253\img_03.jpg,0,person_215,person_253,negative,-0.177645
D:\biztech\preprocessed_images\person_164\img_03.jpg,D:\biztech\preprocessed_images\person_164\img_04.jpg,1,person_164,person_164,positive,0.607497
D:\biztech\preprocessed_images\person_271\img_06.jpg,D:\biztech\preprocessed_images\person_607\img_03.jpg,0,person_271,person_607,negative,-0.274024
D:\biztech\preprocessed_images\person_282\img_04.jpg,D:\biztech\preprocessed_images\person_026\img_26.jpg,0,person_282,person_026,negative,0.048953
D:\biztech\preprocessed_images\person_272\img_01.jpg,D:\biztech\preprocessed_images\person_272\img_03.jpg,1,person_272,person_272,positive,0.602416
D:\biztech\preprocessed_images\person_167\img_06.jpg,D:\biztech\preprocessed_images\person_068\img_13.jpg,0,person_167,person_068,negative,-0.384528
D:\biztech\preprocessed_images\person_272\img_03.jpg,D:\biztech\preprocessed_images\person_364\img_01.jpg,0,person_272,person_364,negative,-0.149198
D:\biztech\preprocessed_images\person_072\img_16.jpg,D:\biztech\preprocessed_images\person_072\img_18.jpg,1,person_072,person_072,positive,0.229804
D:\biztech\preprocessed_images\person_349\img_02.jpg,D:\biztech\preprocessed_images\person_349\img_04.jpg,1,person_349,person_349,positive,0.406272
D:\biztech\preprocessed_images\person_007\img_07.jpg,D:\biztech\preprocessed_images\person_007\img_49.jpg,1,person_007,person_007,positive,0.535565
D:\biztech\preprocessed_images\person_115\img_05.jpg,D:\biztech\preprocessed_images\person_115\img_06.jpg,1,person_115,person_115,positive,0.703110
D:\biztech\preprocessed_images\person_439\img_02.jpg,D:\biztech\preprocessed_images\person_197\img_07.jpg,0,person_439,person_197,negative,-0.302898
D:\biztech\preprocessed_images\person_115\img_04.jpg,D:\biztech\preprocessed_images\person_115\img_05.jpg,1,person_115,person_115,positive,0.313483
D:\biztech\preprocessed_images\person_068\img_03.jpg,D:\biztech\preprocessed_images\person_068\img_13.jpg,1,person_068,person_068,positive,0.264361
D:\biztech\preprocessed_images\person_433\img_04.jpg,D:\biztech\preprocessed_images\person_090\img_01.jpg,0,person_433,person_090,negative,-0.291450
D:\biztech\preprocessed_images\person_285\img_04.jpg,D:\biztech\preprocessed_images\person_285\img_06.jpg,1,person_285,person_285,positive,0.778392
D:\biztech\preprocessed_images\person_601\img_02.jpg,D:\biztech\preprocessed_images\person_601\img_03.jpg,1,person_601,person_601,positive,0.575145
D:\biztech\preprocessed_images\person_430\img_03.jpg,D:\biztech\preprocessed_images\person_430\img_04.jpg,1,person_430,person_430,positive,0.598326
D:\biztech\preprocessed_images\person_229\img_02.jpg,D:\biztech\preprocessed_images\person_115\img_06.jpg,0,person_229,person_115,negative,0.162531
D:\biztech\preprocessed_images\person_164\img_05.jpg,D:\biztech\preprocessed_images\person_164\img_09.jpg,1,person_164,person_164,positive,0.477977
D:\biztech\preprocessed_images\person_160\img_03.jpg,D:\biztech\preprocessed_images\person_596\img_04.jpg,0,person_160,person_596,negative,0.185657
D:\biztech\preprocessed_images\person_221\img_04.jpg,D:\biztech\preprocessed_images\person_221\img_07.jpg,1,person_221,person_221,positive,0.458245
D:\biztech\preprocessed_images\person_176\img_06.jpg,D:\biztech\preprocessed_images\person_095\img_01.jpg,0,person_176,person_095,negative,-0.111996
D:\biztech\preprocessed_images\person_607\img_03.jpg,D:\biztech\preprocessed_images\person_225\img_02.jpg,0,person_607,person_225,negative,0.179749
D:\biztech\preprocessed_images\person_045\img_12.jpg,D:\biztech\preprocessed_images\person_371\img_05.jpg,0,person_045,person_371,negative,0.475968
D:\biztech\preprocessed_images\person_082\img_06.jpg,D:\biztech\preprocessed_images\person_045\img_02.jpg,0,person_082,person_045,negative,-0.022834
D:\biztech\preprocessed_images\person_364\img_02.jpg,D:\biztech\preprocessed_images\person_272\img_02.jpg,0,person_364,person_272,negative,-0.298547
D:\biztech\preprocessed_images\person_224\img_01.jpg,D:\biztech\preprocessed_images\person_167\img_01.jpg,0,person_224,person_167,negative,-0.035446
D:\biztech\preprocessed_images\person_550\img_04.jpg,D:\biztech\preprocessed_images\person_072\img_16.jpg,0,person_550,person_072,negative,-0.127256
D:\biztech\preprocessed_images\person_390\img_01.jpg,D:\biztech\preprocessed_images\person_390\img_03.jpg,1,person_390,person_390,positive,0.442723
D:\biztech\preprocessed_images\person_411\img_02.jpg,D:\biztech\preprocessed_images\person_072\img_10.jpg,0,person_411,person_072,negative,0.076997
D:\biztech\preprocessed_images\person_353\img_04.jpg,D:\biztech\preprocessed_images\person_105\img_06.jpg,0,person_353,person_105,negative,0.149156
D:\biztech\preprocessed_images\person_197\img_07.jpg,D:\biztech\preprocessed_images\person_550\img_01.jpg,0,person_197,person_550,negative,-0.403990
D:\biztech\preprocessed_images\person_104\img_10.jpg,D:\biztech\preprocessed_images\person_390\img_03.jpg,0,person_104,person_390,negative,0.134089
D:\biztech\preprocessed_images\person_007\img_06.jpg,D:\biztech\preprocessed_images\person_007\img_45.jpg,1,person_007,person_007,positive,0.665917
D:\biztech\preprocessed_images\person_390\img_05.jpg,D:\biztech\preprocessed_images\person_234\img_02.jpg,0,person_390,person_234,negative,0.091097
D:\biztech\preprocessed_images\person_297\img_02.jpg,D:\biztech\preprocessed_images\person_271\img_02.jpg,0,person_297,person_271,negative,-0.101892
D:\biztech\preprocessed_images\person_033\img_28.jpg,D:\biztech\preprocessed_images\person_033\img_29.jpg,1,person_033,person_033,positive,0.823545
D:\biztech\preprocessed_images\person_389\img_01.jpg,D:\biztech\preprocessed_images\person_389\img_05.jpg,1,person_389,person_389,positive,0.630819
D:\biztech\preprocessed_images\person_285\img_03.jpg,D:\biztech\preprocessed_images\person_239\img_04.jpg,0,person_285,person_239,negative,-0.197516
D:\biztech\preprocessed_images\person_033\img_17.jpg,D:\biztech\preprocessed_images\person_217\img_04.jpg,0,person_033,person_217,negative,0.053509
D:\biztech\preprocessed_images\person_028\img_27.jpg,D:\biztech\preprocessed_images\person_082\img_03.jpg,0,person_028,person_082,negative,0.147666
D:\biztech\preprocessed_images\person_095\img_06.jpg,D:\biztech\preprocessed_images\person_406\img_05.jpg,0,person_095,person_406,negative,-0.294541
D:\biztech\preprocessed_images\person_323\img_05.jpg,D:\biztech\preprocessed_images\person_104\img_09.jpg,0,person_323,person_104,negative,-0.137530
D:\biztech\preprocessed_images\person_215\img_02.jpg,D:\biztech\preprocessed_images\person_349\img_04.jpg,0,person_215,person_349,negative,-0.091398
D:\biztech\preprocessed_images\person_007\img_39.jpg,D:\biztech\preprocessed_images\person_007\img_56.jpg,1,person_007,person_007,positive,0.430589
D:\biztech\preprocessed_images\person_168\img_01.jpg,D:\biztech\preprocessed_images\person_168\img_05.jpg,1,person_168,person_168,positive,0.457228
D:\biztech\preprocessed_images\person_072\img_08.jpg,D:\biztech\preprocessed_images\person_605\img_04.jpg,0,person_072,person_605,negative,-0.062308
D:\biztech\preprocessed_images\person_081\img_11.jpg,D:\biztech\preprocessed_images\person_081\img_15.jpg,1,person_081,person_081,positive,0.621307
D:\biztech\preprocessed_images\person_047\img_23.jpg,D:\biztech\preprocessed_images\person_333\img_02.jpg,0,person_047,person_333,negative,-0.115053
D:\biztech\preprocessed_images\person_603\img_01.jpg,D:\biztech\preprocessed_images\person_224\img_03.jpg,0,person_603,person_224,negative,-0.307087
D:\biztech\preprocessed_images\person_371\img_03.jpg,D:\biztech\preprocessed_images\person_371\img_04.jpg,1,person_371,person_371,positive,0.358361
D:\biztech\preprocessed_images\person_270\img_01.jpg,D:\biztech\preprocessed_images\person_168\img_01.jpg,0,person_270,person_168,negative,-0.251287
D:\biztech\preprocessed_images\person_095\img_06.jpg,D:\biztech\preprocessed_images\person_095\img_09.jpg,1,person_095,person_095,positive,0.246849
D:\biztech\preprocessed_images\person_115\img_04.jpg,D:\biztech\preprocessed_images\person_115\img_13.jpg,1,person_115,person_115,positive,0.252212
D:\biztech\preprocessed_images\person_164\img_02.jpg,D:\biztech\preprocessed_images\person_164\img_06.jpg,1,person_164,person_164,positive,-0.057269
D:\biztech\preprocessed_images\person_028\img_04.jpg,D:\biztech\preprocessed_images\person_028\img_08.jpg,1,person_028,person_028,positive,0.913625
D:\biztech\preprocessed_images\person_277\img_01.jpg,D:\biztech\preprocessed_images\person_285\img_06.jpg,0,person_277,person_285,negative,0.105007
D:\biztech\preprocessed_images\person_147\img_05.jpg,D:\biztech\preprocessed_images\person_147\img_09.jpg,1,person_147,person_147,positive,0.542572
D:\biztech\preprocessed_images\person_239\img_02.jpg,D:\biztech\preprocessed_images\person_090\img_05.jpg,0,person_239,person_090,negative,0.253872
D:\biztech\preprocessed_images\person_285\img_04.jpg,D:\biztech\preprocessed_images\person_047\img_05.jpg,0,person_285,person_047,negative,-0.030599
D:\biztech\preprocessed_images\person_235\img_04.jpg,D:\biztech\preprocessed_images\person_115\img_09.jpg,0,person_235,person_115,negative,0.047850
D:\biztech\preprocessed_images\person_164\img_03.jpg,D:\biztech\preprocessed_images\person_388\img_02.jpg,0,person_164,person_388,negative,-0.166322
D:\biztech\preprocessed_images\person_234\img_03.jpg,D:\biztech\preprocessed_images\person_234\img_05.jpg,1,person_234,person_234,positive,0.566653
D:\biztech\preprocessed_images\person_028\img_02.jpg,D:\biztech\preprocessed_images\person_028\img_03.jpg,1,person_028,person_028,positive,0.871907
D:\biztech\preprocessed_images\person_368\img_01.jpg,D:\biztech\preprocessed_images\person_115\img_03.jpg,0,person_368,person_115,negative,0.038149
D:\biztech\preprocessed_images\person_239\img_03.jpg,D:\biztech\preprocessed_images\person_239\img_07.jpg,1,person_239,person_239,positive,0.440451
D:\biztech\preprocessed_images\person_368\img_05.jpg,D:\biztech\preprocessed_images\person_095\img_13.jpg,0,person_368,person_095,negative,0.271849
D:\biztech\preprocessed_images\person_068\img_13.jpg,D:\biztech\preprocessed_images\person_388\img_01.jpg,0,person_068,person_388,negative,0.395407
D:\biztech\preprocessed_images\person_105\img_14.jpg,D:\biztech\preprocessed_images\person_068\img_12.jpg,0,person_105,person_068,negative,-0.133255
D:\biztech\preprocessed_images\person_047\img_04.jpg,D:\biztech\preprocessed_images\person_518\img_03.jpg,0,person_047,person_518,negative,-0.019445
D:\biztech\preprocessed_images\person_270\img_06.jpg,D:\biztech\preprocessed_images\person_277\img_04.jpg,0,person_270,person_277,negative,0.316315
D:\biztech\preprocessed_images\person_411\img_02.jpg,D:\biztech\preprocessed_images\person_411\img_04.jpg,1,person_411,person_411,positive,0.557429
D:\biztech\preprocessed_images\person_603\img_04.jpg,D:\biztech\preprocessed_images\person_601\img_03.jpg,0,person_603,person_601,negative,-0.149968
D:\biztech\preprocessed_images\person_128\img_05.jpg,D:\biztech\preprocessed_images\person_251\img_04.jpg,0,person_128,person_251,negative,-0.129963
D:\biztech\preprocessed_images\person_167\img_05.jpg,D:\biztech\preprocessed_images\person_167\img_09.jpg,1,person_167,person_167,positive,0.644454
D:\biztech\preprocessed_images\person_197\img_07.jpg,D:\biztech\preprocessed_images\person_143\img_08.jpg,0,person_197,person_143,negative,0.394720
D:\biztech\preprocessed_images\person_282\img_02.jpg,D:\biztech\preprocessed_images\person_433\img_03.jpg,0,person_282,person_433,negative,-0.093143
D:\biztech\preprocessed_images\person_176\img_03.jpg,D:\biztech\preprocessed_images\person_176\img_09.jpg,1,person_176,person_176,positive,0.696378
D:\biztech\preprocessed_images\person_275\img_01.jpg,D:\biztech\preprocessed_images\person_275\img_06.jpg,1,person_275,person_275,positive,0.543912
D:\biztech\preprocessed_images\person_470\img_03.jpg,D:\biztech\preprocessed_images\person_550\img_04.jpg,0,person_470,person_550,negative,0.242983
D:\biztech\preprocessed_images\person_033\img_23.jpg,D:\biztech\preprocessed_images\person_033\img_24.jpg,1,person_033,person_033,positive,0.813603
D:\biztech\preprocessed_images\person_323\img_01.jpg,D:\biztech\preprocessed_images\person_323\img_04.jpg,1,person_323,person_323,positive,0.758526
D:\biztech\preprocessed_images\person_072\img_04.jpg,D:\biztech\preprocessed_images\person_072\img_05.jpg,1,person_072,person_072,positive,0.438470
D:\biztech\preprocessed_images\person_167\img_05.jpg,D:\biztech\preprocessed_images\person_167\img_07.jpg,1,person_167,person_167,positive,0.580818
D:\biztech\preprocessed_images\person_234\img_05.jpg,D:\biztech\preprocessed_images\person_234\img_06.jpg,1,person_234,person_234,positive,0.726107
D:\biztech\preprocessed_images\person_274\img_03.jpg,D:\biztech\preprocessed_images\person_104\img_07.jpg,0,person_274,person_104,negative,0.220160
D:\biztech\preprocessed_images\person_081\img_03.jpg,D:\biztech\preprocessed_images\person_081\img_13.jpg,1,person_081,person_081,positive,0.685130
D:\biztech\preprocessed_images\person_225\img_01.jpg,D:\biztech\preprocessed_images\person_225\img_04.jpg,1,person_225,person_225,positive,0.843862
D:\biztech\preprocessed_images\person_270\img_02.jpg,D:\biztech\preprocessed_images\person_270\img_06.jpg,1,person_270,person_270,positive,0.584557
D:\biztech\preprocessed_images\person_147\img_03.jpg,D:\biztech\preprocessed_images\person_406\img_03.jpg,0,person_147,person_406,negative,0.107667
D:\biztech\preprocessed_images\person_218\img_02.jpg,D:\biztech\preprocessed_images\person_218\img_03.jpg,1,person_218,person_218,positive,0.866906
D:\biztech\preprocessed_images\person_090\img_10.jpg,D:\biztech\preprocessed_images\person_090\img_11.jpg,1,person_090,person_090,positive,0.717485
D:\biztech\preprocessed_images\person_058\img_08.jpg,D:\biztech\preprocessed_images\person_323\img_01.jpg,0,person_058,person_323,negative,-0.109232
D:\biztech\preprocessed_images\person_168\img_01.jpg,D:\biztech\preprocessed_images\person_430\img_01.jpg,0,person_168,person_430,negative,-0.171590
D:\biztech\preprocessed_images\person_224\img_02.jpg,D:\biztech\preprocessed_images\person_224\img_04.jpg,1,person_224,person_224,positive,0.216956
D:\biztech\preprocessed_images\person_160\img_02.jpg,D:\biztech\preprocessed_images\person_471\img_03.jpg,0,person_160,person_471,negative,-0.097515
D:\biztech\preprocessed_images\person_559\img_01.jpg,D:\biztech\preprocessed_images\person_368\img_03.jpg,0,person_559,person_368,negative,-0.115287
D:\biztech\preprocessed_images\person_239\img_03.jpg,D:\biztech\preprocessed_images\person_033\img_05.jpg,0,person_239,person_033,negative,-0.014287
D:\biztech\preprocessed_images\person_301\img_05.jpg,D:\biztech\preprocessed_images\person_301\img_06.jpg,1,person_301,person_301,positive,0.881150
D:\biztech\preprocessed_images\person_297\img_04.jpg,D:\biztech\preprocessed_images\person_197\img_02.jpg,0,person_297,person_197,negative,-0.262201
D:\biztech\preprocessed_images\person_390\img_02.jpg,D:\biztech\preprocessed_images\person_045\img_19.jpg,0,person_390,person_045,negative,0.212820
D:\biztech\preprocessed_images\person_323\img_01.jpg,D:\biztech\preprocessed_images\person_406\img_04.jpg,0,person_323,person_406,negative,0.285392
D:\biztech\preprocessed_images\person_090\img_01.jpg,D:\biztech\preprocessed_images\person_090\img_13.jpg,1,person_090,person_090,positive,0.641958
D:\biztech\preprocessed_images\person_275\img_02.jpg,D:\biztech\preprocessed_images\person_275\img_06.jpg,1,person_275,person_275,positive,0.504283
D:\biztech\preprocessed_images\person_104\img_07.jpg,D:\biztech\preprocessed_images\person_104\img_09.jpg,1,person_104,person_104,positive,0.194528
D:\biztech\preprocessed_images\person_115\img_02.jpg,D:\biztech\preprocessed_images\person_115\img_06.jpg,1,person_115,person_115,positive,0.161977
D:\biztech\preprocessed_images\person_297\img_05.jpg,D:\biztech\preprocessed_images\person_058\img_14.jpg,0,person_297,person_058,negative,-0.155634
D:\biztech\preprocessed_images\person_389\img_05.jpg,D:\biztech\preprocessed_images\person_226\img_02.jpg,0,person_389,person_226,negative,0.139007
D:\biztech\preprocessed_images\person_221\img_01.jpg,D:\biztech\preprocessed_images\person_221\img_05.jpg,1,person_221,person_221,positive,0.478913
D:\biztech\preprocessed_images\person_229\img_01.jpg,D:\biztech\preprocessed_images\person_229\img_06.jpg,1,person_229,person_229,positive,0.596586
D:\biztech\preprocessed_images\person_074\img_09.jpg,D:\biztech\preprocessed_images\person_074\img_11.jpg,1,person_074,person_074,positive,0.748576
D:\biztech\preprocessed_images\person_026\img_15.jpg,D:\biztech\preprocessed_images\person_371\img_04.jpg,0,person_026,person_371,negative,0.115858
D:\biztech\preprocessed_images\person_147\img_05.jpg,D:\biztech\preprocessed_images\person_147\img_07.jpg,1,person_147,person_147,positive,0.667899
D:\biztech\preprocessed_images\person_239\img_05.jpg,D:\biztech\preprocessed_images\person_090\img_15.jpg,0,person_239,person_090,negative,0.100018
D:\biztech\preprocessed_images\person_105\img_05.jpg,D:\biztech\preprocessed_images\person_105\img_09.jpg,1,person_105,person_105,positive,0.489172
D:\biztech\preprocessed_images\person_007\img_11.jpg,D:\biztech\preprocessed_images\person_007\img_48.jpg,1,person_007,person_007,positive,0.660879
D:\biztech\preprocessed_images\person_128\img_07.jpg,D:\biztech\preprocessed_images\person_215\img_06.jpg,0,person_128,person_215,negative,-0.236019
D:\biztech\preprocessed_images\person_168\img_01.jpg,D:\biztech\preprocessed_images\person_168\img_02.jpg,1,person_168,person_168,positive,0.670371
D:\biztech\preprocessed_images\person_285\img_02.jpg,D:\biztech\preprocessed_images\person_128\img_08.jpg,0,person_285,person_128,negative,-0.243142
D:\biztech\preprocessed_images\person_090\img_02.jpg,D:\biztech\preprocessed_images\person_090\img_06.jpg,1,person_090,person_090,positive,0.710064
D:\biztech\preprocessed_images\person_605\img_03.jpg,D:\biztech\preprocessed_images\person_324\img_04.jpg,0,person_605,person_324,negative,-0.233421
D:\biztech\preprocessed_images\person_197\img_02.jpg,D:\biztech\preprocessed_images\person_197\img_08.jpg,1,person_197,person_197,positive,0.360865
D:\biztech\preprocessed_images\person_007\img_27.jpg,D:\biztech\preprocessed_images\person_007\img_33.jpg,1,person_007,person_007,positive,0.258572
D:\biztech\preprocessed_images\person_226\img_07.jpg,D:\biztech\preprocessed_images\person_047\img_22.jpg,0,person_226,person_047,negative,-0.169282
D:\biztech\preprocessed_images\person_239\img_06.jpg,D:\biztech\preprocessed_images\person_345\img_05.jpg,0,person_239,person_345,negative,0.023175
D:\biztech\preprocessed_images\person_068\img_03.jpg,D:\biztech\preprocessed_images\person_068\img_19.jpg,1,person_068,person_068,positive,0.188430
D:\biztech\preprocessed_images\person_068\img_15.jpg,D:\biztech\preprocessed_images\person_439\img_04.jpg,0,person_068,person_439,negative,0.375061
D:\biztech\preprocessed_images\person_251\img_05.jpg,D:\biztech\preprocessed_images\person_251\img_06.jpg,1,person_251,person_251,positive,0.850302
D:\biztech\preprocessed_images\person_072\img_15.jpg,D:\biztech\preprocessed_images\person_072\img_16.jpg,1,person_072,person_072,positive,0.570897
D:\biztech\preprocessed_images\person_353\img_02.jpg,D:\biztech\preprocessed_images\person_411\img_04.jpg,0,person_353,person_411,negative,0.147496
D:\biztech\preprocessed_images\person_074\img_13.jpg,D:\biztech\preprocessed_images\person_600\img_03.jpg,0,person_074,person_600,negative,-0.122507
D:\biztech\preprocessed_images\person_603\img_01.jpg,D:\biztech\preprocessed_images\person_603\img_02.jpg,1,person_603,person_603,positive,0.626542
D:\biztech\preprocessed_images\person_215\img_02.jpg,D:\biztech\preprocessed_images\person_374\img_03.jpg,0,person_215,person_374,negative,-0.280389
D:\biztech\preprocessed_images\person_045\img_11.jpg,D:\biztech\preprocessed_images\person_045\img_21.jpg,1,person_045,person_045,positive,0.779464
D:\biztech\preprocessed_images\person_225\img_05.jpg,D:\biztech\preprocessed_images\person_033\img_29.jpg,0,person_225,person_033,negative,0.106691
D:\biztech\preprocessed_images\person_251\img_06.jpg,D:\biztech\preprocessed_images\person_221\img_04.jpg,0,person_251,person_221,negative,-0.176380
D:\biztech\preprocessed_images\person_031\img_10.jpg,D:\biztech\preprocessed_images\person_031\img_25.jpg,1,person_031,person_031,positive,0.273871
D:\biztech\preprocessed_images\person_026\img_28.jpg,D:\biztech\preprocessed_images\person_026\img_31.jpg,1,person_026,person_026,positive,0.709258
D:\biztech\preprocessed_images\person_607\img_02.jpg,D:\biztech\preprocessed_images\person_439\img_04.jpg,0,person_607,person_439,negative,0.055526
D:\biztech\preprocessed_images\person_364\img_04.jpg,D:\biztech\preprocessed_images\person_430\img_02.jpg,0,person_364,person_430,negative,-0.355819
D:\biztech\preprocessed_images\person_512\img_02.jpg,D:\biztech\preprocessed_images\person_389\img_03.jpg,0,person_512,person_389,negative,-0.203578
D:\biztech\preprocessed_images\person_081\img_07.jpg,D:\biztech\preprocessed_images\person_081\img_11.jpg,1,person_081,person_081,positive,0.509257
D:\biztech\preprocessed_images\person_234\img_03.jpg,D:\biztech\preprocessed_images\person_115\img_09.jpg,0,person_234,person_115,negative,0.166520
D:\biztech\preprocessed_images\person_160\img_06.jpg,D:\biztech\preprocessed_images\person_160\img_08.jpg,1,person_160,person_160,positive,0.776162
D:\biztech\preprocessed_images\person_471\img_04.jpg,D:\biztech\preprocessed_images\person_028\img_17.jpg,0,person_471,person_028,negative,0.286915
D:\biztech\preprocessed_images\person_143\img_09.jpg,D:\biztech\preprocessed_images\person_576\img_04.jpg,0,person_143,person_576,negative,-0.196385
D:\biztech\preprocessed_images\person_271\img_01.jpg,D:\biztech\preprocessed_images\person_147\img_08.jpg,0,person_271,person_147,negative,0.214412
D:\biztech\preprocessed_images\person_518\img_03.jpg,D:\biztech\preprocessed_images\person_518\img_04.jpg,1,person_518,person_518,positive,0.902752
D:\biztech\preprocessed_images\person_074\img_12.jpg,D:\biztech\preprocessed_images\person_074\img_18.jpg,1,person_074,person_074,positive,0.856000
D:\biztech\preprocessed_images\person_058\img_01.jpg,D:\biztech\preprocessed_images\person_058\img_20.jpg,1,person_058,person_058,positive,0.496747
D:\biztech\preprocessed_images\person_559\img_04.jpg,D:\biztech\preprocessed_images\person_596\img_01.jpg,0,person_559,person_596,negative,0.057259
D:\biztech\preprocessed_images\person_368\img_04.jpg,D:\biztech\preprocessed_images\person_333\img_01.jpg,0,person_368,person_333,negative,0.137703
D:\biztech\preprocessed_images\person_272\img_01.jpg,D:\biztech\preprocessed_images\person_272\img_06.jpg,1,person_272,person_272,positive,0.801345
D:\biztech\preprocessed_images\person_470\img_01.jpg,D:\biztech\preprocessed_images\person_168\img_03.jpg,0,person_470,person_168,negative,-0.030736
D:\biztech\preprocessed_images\person_234\img_06.jpg,D:\biztech\preprocessed_images\person_596\img_01.jpg,0,person_234,person_596,negative,-0.092417
D:\biztech\preprocessed_images\person_282\img_04.jpg,D:\biztech\preprocessed_images\person_096\img_12.jpg,0,person_282,person_096,negative,-0.028387
D:\biztech\preprocessed_images\person_596\img_02.jpg,D:\biztech\preprocessed_images\person_277\img_03.jpg,0,person_596,person_277,negative,0.099105
D:\biztech\preprocessed_images\person_164\img_01.jpg,D:\biztech\preprocessed_images\person_164\img_04.jpg,1,person_164,person_164,positive,0.523124
D:\biztech\preprocessed_images\person_225\img_02.jpg,D:\biztech\preprocessed_images\person_605\img_03.jpg,0,person_225,person_605,negative,0.400963
D:\biztech\preprocessed_images\person_104\img_07.jpg,D:\biztech\preprocessed_images\person_604\img_01.jpg,0,person_104,person_604,negative,0.379057
D:\biztech\preprocessed_images\person_364\img_01.jpg,D:\biztech\preprocessed_images\person_364\img_05.jpg,1,person_364,person_364,positive,0.419124
D:\biztech\preprocessed_images\person_045\img_18.jpg,D:\biztech\preprocessed_images\person_603\img_01.jpg,0,person_045,person_603,negative,-0.063112
D:\biztech\preprocessed_images\person_277\img_03.jpg,D:\biztech\preprocessed_images\person_277\img_06.jpg,1,person_277,person_277,positive,0.451913
D:\biztech\preprocessed_images\person_031\img_02.jpg,D:\biztech\preprocessed_images\person_031\img_27.jpg,1,person_031,person_031,positive,-0.185536
D:\biztech\preprocessed_images\person_603\img_03.jpg,D:\biztech\preprocessed_images\person_275\img_03.jpg,0,person_603,person_275,negative,-0.256862
D:\biztech\preprocessed_images\person_229\img_04.jpg,D:\biztech\preprocessed_images\person_345\img_02.jpg,0,person_229,person_345,negative,-0.128883
D:\biztech\preprocessed_images\person_167\img_05.jpg,D:\biztech\preprocessed_images\person_045\img_24.jpg,0,person_167,person_045,negative,-0.176539
D:\biztech\preprocessed_images\person_474\img_01.jpg,D:\biztech\preprocessed_images\person_095\img_03.jpg,0,person_474,person_095,negative,-0.045679
D:\biztech\preprocessed_images\person_033\img_03.jpg,D:\biztech\preprocessed_images\person_033\img_28.jpg,1,person_033,person_033,positive,0.367592
D:\biztech\preprocessed_images\person_033\img_13.jpg,D:\biztech\preprocessed_images\person_033\img_21.jpg,1,person_033,person_033,positive,0.279008
D:\biztech\preprocessed_images\person_028\img_17.jpg,D:\biztech\preprocessed_images\person_028\img_30.jpg,1,person_028,person_028,positive,0.794530
D:\biztech\preprocessed_images\person_028\img_15.jpg,D:\biztech\preprocessed_images\person_028\img_18.jpg,1,person_028,person_028,positive,0.789664
D:\biztech\preprocessed_images\person_301\img_06.jpg,D:\biztech\preprocessed_images\person_604\img_03.jpg,0,person_301,person_604,negative,0.519534
D:\biztech\preprocessed_images\person_058\img_02.jpg,D:\biztech\preprocessed_images\person_058\img_18.jpg,1,person_058,person_058,positive,0.245048
D:\biztech\preprocessed_images\person_143\img_07.jpg,D:\biztech\preprocessed_images\person_143\img_10.jpg,1,person_143,person_143,positive,0.669854
D:\biztech\preprocessed_images\person_204\img_06.jpg,D:\biztech\preprocessed_images\person_204\img_07.jpg,1,person_204,person_204,positive,0.915009
D:\biztech\preprocessed_images\person_074\img_03.jpg,D:\biztech\preprocessed_images\person_074\img_10.jpg,1,person_074,person_074,positive,0.811203
D:\biztech\preprocessed_images\person_368\img_04.jpg,D:\biztech\preprocessed_images\person_368\img_05.jpg,1,person_368,person_368,positive,0.702751
D:\biztech\preprocessed_images\person_603\img_04.jpg,D:\biztech\preprocessed_images\person_368\img_01.jpg,0,person_603,person_368,negative,0.126204
D:\biztech\preprocessed_images\person_033\img_15.jpg,D:\biztech\preprocessed_images\person_033\img_19.jpg,1,person_033,person_033,positive,0.281076
D:\biztech\preprocessed_images\person_167\img_05.jpg,D:\biztech\preprocessed_images\person_167\img_06.jpg,1,person_167,person_167,positive,0.482104
D:\biztech\preprocessed_images\person_047\img_03.jpg,D:\biztech\preprocessed_images\person_047\img_22.jpg,1,person_047,person_047,positive,0.665796
D:\biztech\preprocessed_images\person_176\img_02.jpg,D:\biztech\preprocessed_images\person_559\img_02.jpg,0,person_176,person_559,negative,-0.055494
D:\biztech\preprocessed_images\person_285\img_05.jpg,D:\biztech\preprocessed_images\person_324\img_01.jpg,0,person_285,person_324,negative,0.447941
D:\biztech\preprocessed_images\person_371\img_05.jpg,D:\biztech\preprocessed_images\person_215\img_01.jpg,0,person_371,person_215,negative,-0.229630
D:\biztech\preprocessed_images\person_090\img_05.jpg,D:\biztech\preprocessed_images\person_090\img_08.jpg,1,person_090,person_090,positive,0.797972
D:\biztech\preprocessed_images\person_272\img_02.jpg,D:\biztech\preprocessed_images\person_324\img_04.jpg,0,person_272,person_324,negative,0.231366
D:\biztech\preprocessed_images\person_143\img_03.jpg,D:\biztech\preprocessed_images\person_297\img_05.jpg,0,person_143,person_297,negative,-0.250318
D:\biztech\preprocessed_images\person_215\img_04.jpg,D:\biztech\preprocessed_images\person_215\img_06.jpg,1,person_215,person_215,positive,0.871972
D:\biztech\preprocessed_images\person_095\img_04.jpg,D:\biztech\preprocessed_images\person_095\img_11.jpg,1,person_095,person_095,positive,0.377727
D:\biztech\preprocessed_images\person_147\img_03.jpg,D:\biztech\preprocessed_images\person_147\img_07.jpg,1,person_147,person_147,positive,0.593420
D:\biztech\preprocessed_images\person_197\img_03.jpg,D:\biztech\preprocessed_images\person_301\img_03.jpg,0,person_197,person_301,negative,0.144959
D:\biztech\preprocessed_images\person_164\img_02.jpg,D:\biztech\preprocessed_images\person_164\img_04.jpg,1,person_164,person_164,positive,0.144142
D:\biztech\preprocessed_images\person_143\img_09.jpg,D:\biztech\preprocessed_images\person_143\img_10.jpg,1,person_143,person_143,positive,0.646933
D:\biztech\preprocessed_images\person_033\img_15.jpg,D:\biztech\preprocessed_images\person_033\img_27.jpg,1,person_033,person_033,positive,0.329706
D:\biztech\preprocessed_images\person_229\img_03.jpg,D:\biztech\preprocessed_images\person_380\img_02.jpg,0,person_229,person_380,negative,0.230528
D:\biztech\preprocessed_images\person_229\img_02.jpg,D:\biztech\preprocessed_images\person_460\img_04.jpg,0,person_229,person_460,negative,0.104142
D:\biztech\preprocessed_images\person_033\img_16.jpg,D:\biztech\preprocessed_images\person_033\img_28.jpg,1,person_033,person_033,positive,0.229310
D:\biztech\preprocessed_images\person_251\img_04.jpg,D:\biztech\preprocessed_images\person_251\img_05.jpg,1,person_251,person_251,positive,0.536491
D:\biztech\preprocessed_images\person_253\img_06.jpg,D:\biztech\preprocessed_images\person_253\img_07.jpg,1,person_253,person_253,positive,0.812701
D:\biztech\preprocessed_images\person_575\img_04.jpg,D:\biztech\preprocessed_images\person_596\img_04.jpg,0,person_575,person_596,negative,0.018380
D:\biztech\preprocessed_images\person_115\img_07.jpg,D:\biztech\preprocessed_images\person_115\img_08.jpg,1,person_115,person_115,positive,0.619844
D:\biztech\preprocessed_images\person_411\img_03.jpg,D:\biztech\preprocessed_images\person_411\img_05.jpg,1,person_411,person_411,positive,0.574461
D:\biztech\preprocessed_images\person_215\img_01.jpg,D:\biztech\preprocessed_images\person_215\img_06.jpg,1,person_215,person_215,positive,0.563879
D:\biztech\preprocessed_images\person_074\img_10.jpg,D:\biztech\preprocessed_images\person_368\img_02.jpg,0,person_074,person_368,negative,-0.340464
D:\biztech\preprocessed_images\person_215\img_03.jpg,D:\biztech\preprocessed_images\person_215\img_08.jpg,1,person_215,person_215,positive,0.656997
D:\biztech\preprocessed_images\person_090\img_02.jpg,D:\biztech\preprocessed_images\person_225\img_05.jpg,0,person_090,person_225,negative,-0.261719
D:\biztech\preprocessed_images\person_604\img_01.jpg,D:\biztech\preprocessed_images\person_604\img_03.jpg,1,person_604,person_604,positive,0.653396
D:\biztech\preprocessed_images\person_221\img_03.jpg,D:\biztech\preprocessed_images\person_221\img_05.jpg,1,person_221,person_221,positive,0.358019
D:\biztech\preprocessed_images\person_234\img_01.jpg,D:\biztech\preprocessed_images\person_234\img_03.jpg,1,person_234,person_234,positive,0.287947
D:\biztech\preprocessed_images\person_047\img_22.jpg,D:\biztech\preprocessed_images\person_607\img_03.jpg,0,person_047,person_607,negative,-0.299770
D:\biztech\preprocessed_images\person_411\img_01.jpg,D:\biztech\preprocessed_images\person_100\img_10.jpg,0,person_411,person_100,negative,-0.233026
D:\biztech\preprocessed_images\person_215\img_02.jpg,D:\biztech\preprocessed_images\person_215\img_06.jpg,1,person_215,person_215,positive,0.740613
D:\biztech\preprocessed_images\person_128\img_04.jpg,D:\biztech\preprocessed_images\person_128\img_05.jpg,1,person_128,person_128,positive,0.614061
D:\biztech\preprocessed_images\person_323\img_02.jpg,D:\biztech\preprocessed_images\person_323\img_04.jpg,1,person_323,person_323,positive,0.819496
D:\biztech\preprocessed_images\person_277\img_02.jpg,D:\biztech\preprocessed_images\person_285\img_06.jpg,0,person_277,person_285,negative,0.085458
D:\biztech\preprocessed_images\person_072\img_02.jpg,D:\biztech\preprocessed_images\person_072\img_04.jpg,1,person_072,person_072,positive,0.652966
D:\biztech\preprocessed_images\person_115\img_09.jpg,D:\biztech\preprocessed_images\person_115\img_13.jpg,1,person_115,person_115,positive,0.390118
D:\biztech\preprocessed_images\person_074\img_12.jpg,D:\biztech\preprocessed_images\person_605\img_02.jpg,0,person_074,person_605,negative,0.123782
D:\biztech\preprocessed_images\person_160\img_04.jpg,D:\biztech\preprocessed_images\person_512\img_01.jpg,0,person_160,person_512,negative,0.349482
D:\biztech\preprocessed_images\person_167\img_01.jpg,D:\biztech\preprocessed_images\person_167\img_07.jpg,1,person_167,person_167,positive,0.788572
D:\biztech\preprocessed_images\person_090\img_08.jpg,D:\biztech\preprocessed_images\person_090\img_15.jpg,1,person_090,person_090,positive,0.745086
D:\biztech\preprocessed_images\person_575\img_01.jpg,D:\biztech\preprocessed_images\person_301\img_01.jpg,0,person_575,person_301,negative,0.107562
D:\biztech\preprocessed_images\person_353\img_01.jpg,D:\biztech\preprocessed_images\person_471\img_02.jpg,0,person_353,person_471,negative,0.172920
D:\biztech\preprocessed_images\person_270\img_05.jpg,D:\biztech\preprocessed_images\person_270\img_06.jpg,1,person_270,person_270,positive,0.708731
D:\biztech\preprocessed_images\person_465\img_04.jpg,D:\biztech\preprocessed_images\person_512\img_04.jpg,0,person_465,person_512,negative,-0.308722
D:\biztech\preprocessed_images\person_272\img_01.jpg,D:\biztech\preprocessed_images\person_272\img_02.jpg,1,person_272,person_272,positive,0.839353
D:\biztech\preprocessed_images\person_128\img_01.jpg,D:\biztech\preprocessed_images\person_128\img_03.jpg,1,person_128,person_128,positive,0.707481
D:\biztech\preprocessed_images\person_603\img_01.jpg,D:\biztech\preprocessed_images\person_324\img_05.jpg,0,person_603,person_324,negative,0.559121
D:\biztech\preprocessed_images\person_380\img_02.jpg,D:\biztech\preprocessed_images\person_082\img_05.jpg,0,person_380,person_082,negative,-0.232336
D:\biztech\preprocessed_images\person_105\img_07.jpg,D:\biztech\preprocessed_images\person_105\img_14.jpg,1,person_105,person_105,positive,0.701233
D:\biztech\preprocessed_images\person_047\img_08.jpg,D:\biztech\preprocessed_images\person_047\img_15.jpg,1,person_047,person_047,positive,0.492819
D:\biztech\preprocessed_images\person_026\img_18.jpg,D:\biztech\preprocessed_images\person_026\img_20.jpg,1,person_026,person_026,positive,0.687475
D:\biztech\preprocessed_images\person_147\img_01.jpg,D:\biztech\preprocessed_images\person_147\img_04.jpg,1,person_147,person_147,positive,0.783068
D:\biztech\preprocessed_images\person_301\img_03.jpg,D:\biztech\preprocessed_images\person_301\img_06.jpg,1,person_301,person_301,positive,0.613204
D:\biztech\preprocessed_images\person_512\img_04.jpg,D:\biztech\preprocessed_images\person_147\img_08.jpg,0,person_512,person_147,negative,0.170390
D:\biztech\preprocessed_images\person_274\img_02.jpg,D:\biztech\preprocessed_images\person_274\img_04.jpg,1,person_274,person_274,positive,0.372040
D:\biztech\preprocessed_images\person_176\img_02.jpg,D:\biztech\preprocessed_images\person_176\img_06.jpg,1,person_176,person_176,positive,0.823434
D:\biztech\preprocessed_images\person_353\img_05.jpg,D:\biztech\preprocessed_images\person_388\img_02.jpg,0,person_353,person_388,negative,0.345198
D:\biztech\preprocessed_images\person_031\img_11.jpg,D:\biztech\preprocessed_images\person_031\img_31.jpg,1,person_031,person_031,positive,0.259648
D:\biztech\preprocessed_images\person_576\img_02.jpg,D:\biztech\preprocessed_images\person_576\img_03.jpg,1,person_576,person_576,positive,0.817418
D:\biztech\preprocessed_images\person_096\img_03.jpg,D:\biztech\preprocessed_images\person_096\img_05.jpg,1,person_096,person_096,positive,0.018531
D:\biztech\preprocessed_images\person_081\img_03.jpg,D:\biztech\preprocessed_images\person_031\img_15.jpg,0,person_081,person_031,negative,-0.000213
D:\biztech\preprocessed_images\person_274\img_03.jpg,D:\biztech\preprocessed_images\person_253\img_06.jpg,0,person_274,person_253,negative,-0.221096
D:\biztech\preprocessed_images\person_324\img_04.jpg,D:\biztech\preprocessed_images\person_058\img_13.jpg,0,person_324,person_058,negative,-0.183267
D:\biztech\preprocessed_images\person_147\img_02.jpg,D:\biztech\preprocessed_images\person_147\img_06.jpg,1,person_147,person_147,positive,0.527564
D:\biztech\preprocessed_images\person_297\img_03.jpg,D:\biztech\preprocessed_images\person_297\img_05.jpg,1,person_297,person_297,positive,0.559202
D:\biztech\preprocessed_images\person_072\img_02.jpg,D:\biztech\preprocessed_images\person_333\img_03.jpg,0,person_072,person_333,negative,0.174670
D:\biztech\preprocessed_images\person_470\img_03.jpg,D:\biztech\preprocessed_images\person_324\img_05.jpg,0,person_470,person_324,negative,-0.300363
D:\biztech\preprocessed_images\person_128\img_06.jpg,D:\biztech\preprocessed_images\person_128\img_11.jpg,1,person_128,person_128,positive,0.586024
D:\biztech\preprocessed_images\person_470\img_02.jpg,D:\biztech\preprocessed_images\person_607\img_02.jpg,0,person_470,person_607,negative,-0.117252
D:\biztech\preprocessed_images\person_104\img_11.jpg,D:\biztech\preprocessed_images\person_147\img_03.jpg,0,person_104,person_147,negative,-0.208909
D:\biztech\preprocessed_images\person_390\img_01.jpg,D:\biztech\preprocessed_images\person_390\img_05.jpg,1,person_390,person_390,positive,0.358762
D:\biztech\preprocessed_images\person_575\img_03.jpg,D:\biztech\preprocessed_images\person_082\img_13.jpg,0,person_575,person_082,negative,-0.109325
D:\biztech\preprocessed_images\person_253\img_04.jpg,D:\biztech\preprocessed_images\person_253\img_07.jpg,1,person_253,person_253,positive,0.633439
D:\biztech\preprocessed_images\person_364\img_02.jpg,D:\biztech\preprocessed_images\person_380\img_02.jpg,0,person_364,person_380,negative,-0.374974
D:\biztech\preprocessed_images\person_389\img_05.jpg,D:\biztech\preprocessed_images\person_559\img_01.jpg,0,person_389,person_559,negative,0.506018
D:\biztech\preprocessed_images\person_090\img_04.jpg,D:\biztech\preprocessed_images\person_168\img_08.jpg,0,person_090,person_168,negative,-0.009880
D:\biztech\preprocessed_images\person_167\img_07.jpg,D:\biztech\preprocessed_images\person_167\img_09.jpg,1,person_167,person_167,positive,0.626351
D:\biztech\preprocessed_images\person_105\img_06.jpg,D:\biztech\preprocessed_images\person_105\img_14.jpg,1,person_105,person_105,positive,0.661033
D:\biztech\preprocessed_images\person_470\img_04.jpg,D:\biztech\preprocessed_images\person_217\img_06.jpg,0,person_470,person_217,negative,-0.123646
D:\biztech\preprocessed_images\person_068\img_07.jpg,D:\biztech\preprocessed_images\person_068\img_08.jpg,1,person_068,person_068,positive,0.919561
D:\biztech\preprocessed_images\person_301\img_03.jpg,D:\biztech\preprocessed_images\person_026\img_03.jpg,0,person_301,person_026,negative,0.267075
D:\biztech\preprocessed_images\person_167\img_03.jpg,D:\biztech\preprocessed_images\person_167\img_04.jpg,1,person_167,person_167,positive,0.651139
D:\biztech\preprocessed_images\person_582\img_01.jpg,D:\biztech\preprocessed_images\person_058\img_07.jpg,0,person_582,person_058,negative,0.110511
D:\biztech\preprocessed_images\person_389\img_05.jpg,D:\biztech\preprocessed_images\person_168\img_08.jpg,0,person_389,person_168,negative,-0.039893
D:\biztech\preprocessed_images\person_045\img_01.jpg,D:\biztech\preprocessed_images\person_604\img_01.jpg,0,person_045,person_604,negative,-0.039919
D:\biztech\preprocessed_images\person_465\img_02.jpg,D:\biztech\preprocessed_images\person_217\img_05.jpg,0,person_465,person_217,negative,-0.188669
D:\biztech\preprocessed_images\person_235\img_04.jpg,D:\biztech\preprocessed_images\person_235\img_05.jpg,1,person_235,person_235,positive,0.725205
D:\biztech\preprocessed_images\person_217\img_01.jpg,D:\biztech\preprocessed_images\person_081\img_13.jpg,0,person_217,person_081,negative,-0.001310
D:\biztech\preprocessed_images\person_285\img_01.jpg,D:\biztech\preprocessed_images\person_285\img_03.jpg,1,person_285,person_285,positive,0.670600
D:\biztech\preprocessed_images\person_007\img_17.jpg,D:\biztech\preprocessed_images\person_007\img_21.jpg,1,person_007,person_007,positive,0.529352
D:\biztech\preprocessed_images\person_226\img_01.jpg,D:\biztech\preprocessed_images\person_045\img_16.jpg,0,person_226,person_045,negative,0.020978
D:\biztech\preprocessed_images\person_215\img_01.jpg,D:\biztech\preprocessed_images\person_215\img_07.jpg,1,person_215,person_215,positive,0.792373
D:\biztech\preprocessed_images\person_167\img_02.jpg,D:\biztech\preprocessed_images\person_167\img_09.jpg,1,person_167,person_167,positive,0.551321
D:\biztech\preprocessed_images\person_090\img_07.jpg,D:\biztech\preprocessed_images\person_197\img_08.jpg,0,person_090,person_197,negative,-0.078159
D:\biztech\preprocessed_images\person_239\img_02.jpg,D:\biztech\preprocessed_images\person_074\img_10.jpg,0,person_239,person_074,negative,-0.127800
D:\biztech\preprocessed_images\person_575\img_01.jpg,D:\biztech\preprocessed_images\person_575\img_04.jpg,1,person_575,person_575,positive,0.707237
D:\biztech\preprocessed_images\person_031\img_10.jpg,D:\biztech\preprocessed_images\person_253\img_04.jpg,0,person_031,person_253,negative,-0.001676
D:\biztech\preprocessed_images\person_277\img_05.jpg,D:\biztech\preprocessed_images\person_204\img_04.jpg,0,person_277,person_204,negative,0.477739
D:\biztech\preprocessed_images\person_225\img_05.jpg,D:\biztech\preprocessed_images\person_604\img_02.jpg,0,person_225,person_604,negative,0.077373
D:\biztech\preprocessed_images\person_176\img_02.jpg,D:\biztech\preprocessed_images\person_197\img_05.jpg,0,person_176,person_197,negative,-0.091116
D:\biztech\preprocessed_images\person_204\img_04.jpg,D:\biztech\preprocessed_images\person_204\img_06.jpg,1,person_204,person_204,positive,0.782893
D:\biztech\preprocessed_images\person_082\img_03.jpg,D:\biztech\preprocessed_images\person_082\img_12.jpg,1,person_082,person_082,positive,0.674184
D:\biztech\preprocessed_images\person_058\img_08.jpg,D:\biztech\preprocessed_images\person_251\img_03.jpg,0,person_058,person_251,negative,-0.311742
D:\biztech\preprocessed_images\person_007\img_25.jpg,D:\biztech\preprocessed_images\person_007\img_70.jpg,1,person_007,person_007,positive,0.584094
D:\biztech\preprocessed_images\person_082\img_11.jpg,D:\biztech\preprocessed_images\person_082\img_16.jpg,1,person_082,person_082,positive,0.844941
D:\biztech\preprocessed_images\person_074\img_16.jpg,D:\biztech\preprocessed_images\person_074\img_18.jpg,1,person_074,person_074,positive,0.824540
D:\biztech\preprocessed_images\person_251\img_06.jpg,D:\biztech\preprocessed_images\person_235\img_01.jpg,0,person_251,person_235,negative,0.096797
D:\biztech\preprocessed_images\person_239\img_01.jpg,D:\biztech\preprocessed_images\person_239\img_06.jpg,1,person_239,person_239,positive,0.624981
D:\biztech\preprocessed_images\person_380\img_05.jpg,D:\biztech\preprocessed_images\person_147\img_10.jpg,0,person_380,person_147,negative,-0.000066
D:\biztech\preprocessed_images\person_605\img_01.jpg,D:\biztech\preprocessed_images\person_430\img_02.jpg,0,person_605,person_430,negative,0.038002
D:\biztech\preprocessed_images\person_147\img_01.jpg,D:\biztech\preprocessed_images\person_147\img_03.jpg,1,person_147,person_147,positive,0.672176
D:\biztech\preprocessed_images\person_270\img_02.jpg,D:\biztech\preprocessed_images\person_345\img_03.jpg,0,person_270,person_345,negative,-0.229302
D:\biztech\preprocessed_images\person_168\img_05.jpg,D:\biztech\preprocessed_images\person_168\img_07.jpg,1,person_168,person_168,positive,0.078661
D:\biztech\preprocessed_images\person_007\img_59.jpg,D:\biztech\preprocessed_images\person_603\img_01.jpg,0,person_007,person_603,negative,-0.059635
D:\biztech\preprocessed_images\person_045\img_03.jpg,D:\biztech\preprocessed_images\person_045\img_11.jpg,1,person_045,person_045,positive,0.491304
D:\biztech\preprocessed_images\person_081\img_17.jpg,D:\biztech\preprocessed_images\person_374\img_03.jpg,0,person_081,person_374,negative,-0.071467
D:\biztech\preprocessed_images\person_277\img_01.jpg,D:\biztech\preprocessed_images\person_277\img_04.jpg,1,person_277,person_277,positive,0.834713
D:\biztech\preprocessed_images\person_234\img_05.jpg,D:\biztech\preprocessed_images\person_225\img_03.jpg,0,person_234,person_225,negative,0.098658
D:\biztech\preprocessed_images\person_096\img_13.jpg,D:\biztech\preprocessed_images\person_096\img_14.jpg,1,person_096,person_096,positive,0.727728
D:\biztech\preprocessed_images\person_285\img_05.jpg,D:\biztech\preprocessed_images\person_285\img_06.jpg,1,person_285,person_285,positive,0.893784
D:\biztech\preprocessed_images\person_271\img_05.jpg,D:\biztech\preprocessed_images\person_235\img_05.jpg,0,person_271,person_235,negative,-0.126049
D:\biztech\preprocessed_images\person_605\img_02.jpg,D:\biztech\preprocessed_images\person_239\img_01.jpg,0,person_605,person_239,negative,-0.264083
D:\biztech\preprocessed_images\person_104\img_02.jpg,D:\biztech\preprocessed_images\person_104\img_11.jpg,1,person_104,person_104,positive,0.703373
D:\biztech\preprocessed_images\person_512\img_02.jpg,D:\biztech\preprocessed_images\person_512\img_03.jpg,1,person_512,person_512,positive,0.764812
D:\biztech\preprocessed_images\person_333\img_03.jpg,D:\biztech\preprocessed_images\person_074\img_04.jpg,0,person_333,person_074,negative,0.270411
D:\biztech\preprocessed_images\person_164\img_05.jpg,D:\biztech\preprocessed_images\person_164\img_07.jpg,1,person_164,person_164,positive,0.629029
D:\biztech\preprocessed_images\person_576\img_03.jpg,D:\biztech\preprocessed_images\person_147\img_06.jpg,0,person_576,person_147,negative,0.608689
D:\biztech\preprocessed_images\person_605\img_01.jpg,D:\biztech\preprocessed_images\person_605\img_04.jpg,1,person_605,person_605,positive,0.560912
D:\biztech\preprocessed_images\person_167\img_08.jpg,D:\biztech\preprocessed_images\person_167\img_09.jpg,1,person_167,person_167,positive,0.662282
D:\biztech\preprocessed_images\person_074\img_06.jpg,D:\biztech\preprocessed_images\person_074\img_09.jpg,1,person_074,person_074,positive,0.443913
D:\biztech\preprocessed_images\person_072\img_04.jpg,D:\biztech\preprocessed_images\person_072\img_16.jpg,1,person_072,person_072,positive,0.493624
D:\biztech\preprocessed_images\person_160\img_02.jpg,D:\biztech\preprocessed_images\person_607\img_02.jpg,0,person_160,person_607,negative,0.061148
D:\biztech\preprocessed_images\person_074\img_15.jpg,D:\biztech\preprocessed_images\person_100\img_13.jpg,0,person_074,person_100,negative,-0.252842
D:\biztech\preprocessed_images\person_068\img_05.jpg,D:\biztech\preprocessed_images\person_068\img_19.jpg,1,person_068,person_068,positive,0.231342
D:\biztech\preprocessed_images\person_224\img_03.jpg,D:\biztech\preprocessed_images\person_115\img_09.jpg,0,person_224,person_115,negative,-0.057036
D:\biztech\preprocessed_images\person_225\img_04.jpg,D:\biztech\preprocessed_images\person_239\img_01.jpg,0,person_225,person_239,negative,-0.241458
D:\biztech\preprocessed_images\person_253\img_07.jpg,D:\biztech\preprocessed_images\person_100\img_10.jpg,0,person_253,person_100,negative,0.242453
D:\biztech\preprocessed_images\person_028\img_23.jpg,D:\biztech\preprocessed_images\person_028\img_25.jpg,1,person_028,person_028,positive,0.826821
D:\biztech\preprocessed_images\person_072\img_11.jpg,D:\biztech\preprocessed_images\person_072\img_16.jpg,1,person_072,person_072,positive,0.517353
D:\biztech\preprocessed_images\person_272\img_03.jpg,D:\biztech\preprocessed_images\person_272\img_05.jpg,1,person_272,person_272,positive,0.651522
D:\biztech\preprocessed_images\person_100\img_03.jpg,D:\biztech\preprocessed_images\person_100\img_13.jpg,1,person_100,person_100,positive,0.605748
D:\biztech\preprocessed_images\person_082\img_05.jpg,D:\biztech\preprocessed_images\person_082\img_10.jpg,1,person_082,person_082,positive,0.836155
D:\biztech\preprocessed_images\person_218\img_01.jpg,D:\biztech\preprocessed_images\person_218\img_07.jpg,1,person_218,person_218,positive,0.593711
D:\biztech\preprocessed_images\person_028\img_08.jpg,D:\biztech\preprocessed_images\person_028\img_19.jpg,1,person_028,person_028,positive,0.841102
D:\biztech\preprocessed_images\person_045\img_07.jpg,D:\biztech\preprocessed_images\person_045\img_11.jpg,1,person_045,person_045,positive,0.234851
D:\biztech\preprocessed_images\person_081\img_16.jpg,D:\biztech\preprocessed_images\person_128\img_05.jpg,0,person_081,person_128,negative,-0.296175
D:\biztech\preprocessed_images\person_033\img_10.jpg,D:\biztech\preprocessed_images\person_217\img_07.jpg,0,person_033,person_217,negative,-0.165939
D:\biztech\preprocessed_images\person_074\img_10.jpg,D:\biztech\preprocessed_images\person_604\img_01.jpg,0,person_074,person_604,negative,-0.247992
D:\biztech\preprocessed_images\person_323\img_03.jpg,D:\biztech\preprocessed_images\person_239\img_07.jpg,0,person_323,person_239,negative,0.135868
D:\biztech\preprocessed_images\person_074\img_01.jpg,D:\biztech\preprocessed_images\person_074\img_17.jpg,1,person_074,person_074,positive,0.656159
D:\biztech\preprocessed_images\person_168\img_04.jpg,D:\biztech\preprocessed_images\person_226\img_06.jpg,0,person_168,person_226,negative,0.122101
D:\biztech\preprocessed_images\person_470\img_04.jpg,D:\biztech\preprocessed_images\person_465\img_02.jpg,0,person_470,person_465,negative,0.044529
D:\biztech\preprocessed_images\person_433\img_03.jpg,D:\biztech\preprocessed_images\person_007\img_51.jpg,0,person_433,person_007,negative,-0.224902
D:\biztech\preprocessed_images\person_096\img_02.jpg,D:\biztech\preprocessed_images\person_096\img_10.jpg,1,person_096,person_096,positive,0.768862
D:\biztech\preprocessed_images\person_028\img_11.jpg,D:\biztech\preprocessed_images\person_605\img_02.jpg,0,person_028,person_605,negative,0.095013
D:\biztech\preprocessed_images\person_115\img_01.jpg,D:\biztech\preprocessed_images\person_115\img_07.jpg,1,person_115,person_115,positive,0.432878
D:\biztech\preprocessed_images\person_603\img_04.jpg,D:\biztech\preprocessed_images\person_160\img_08.jpg,0,person_603,person_160,negative,0.271195
D:\biztech\preprocessed_images\person_147\img_02.jpg,D:\biztech\preprocessed_images\person_147\img_08.jpg,1,person_147,person_147,positive,0.605671
D:\biztech\preprocessed_images\person_471\img_02.jpg,D:\biztech\preprocessed_images\person_390\img_05.jpg,0,person_471,person_390,negative,-0.060471
D:\biztech\preprocessed_images\person_587\img_04.jpg,D:\biztech\preprocessed_images\person_104\img_01.jpg,0,person_587,person_104,negative,-0.359052
D:\biztech\preprocessed_images\person_272\img_04.jpg,D:\biztech\preprocessed_images\person_600\img_01.jpg,0,person_272,person_600,negative,-0.353256
D:\biztech\preprocessed_images\person_176\img_02.jpg,D:\biztech\preprocessed_images\person_224\img_02.jpg,0,person_176,person_224,negative,-0.157910
D:\biztech\preprocessed_images\person_270\img_02.jpg,D:\biztech\preprocessed_images\person_270\img_03.jpg,1,person_270,person_270,positive,0.637714
D:\biztech\preprocessed_images\person_082\img_02.jpg,D:\biztech\preprocessed_images\person_082\img_16.jpg,1,person_082,person_082,positive,0.853242
D:\biztech\preprocessed_images\person_058\img_05.jpg,D:\biztech\preprocessed_images\person_270\img_05.jpg,0,person_058,person_270,negative,0.045289
D:\biztech\preprocessed_images\person_082\img_01.jpg,D:\biztech\preprocessed_images\person_082\img_12.jpg,1,person_082,person_082,positive,0.784418
D:\biztech\preprocessed_images\person_221\img_06.jpg,D:\biztech\preprocessed_images\person_221\img_07.jpg,1,person_221,person_221,positive,0.367586
D:\biztech\preprocessed_images\person_143\img_07.jpg,D:\biztech\preprocessed_images\person_235\img_06.jpg,0,person_143,person_235,negative,-0.104488
D:\biztech\preprocessed_images\person_164\img_03.jpg,D:\biztech\preprocessed_images\person_164\img_06.jpg,1,person_164,person_164,positive,0.510803
D:\biztech\preprocessed_images\person_068\img_14.jpg,D:\biztech\preprocessed_images\person_068\img_19.jpg,1,person_068,person_068,positive,0.107015
D:\biztech\preprocessed_images\person_033\img_11.jpg,D:\biztech\preprocessed_images\person_033\img_19.jpg,1,person_033,person_033,positive,0.139197
D:\biztech\preprocessed_images\person_582\img_01.jpg,D:\biztech\preprocessed_images\person_297\img_05.jpg,0,person_582,person_297,negative,0.539239
D:\biztech\preprocessed_images\person_058\img_01.jpg,D:\biztech\preprocessed_images\person_058\img_19.jpg,1,person_058,person_058,positive,0.201079
D:\biztech\preprocessed_images\person_167\img_04.jpg,D:\biztech\preprocessed_images\person_167\img_05.jpg,1,person_167,person_167,positive,0.762077
D:\biztech\preprocessed_images\person_218\img_05.jpg,D:\biztech\preprocessed_images\person_271\img_06.jpg,0,person_218,person_271,negative,0.250797
D:\biztech\preprocessed_images\person_368\img_02.jpg,D:\biztech\preprocessed_images\person_345\img_01.jpg,0,person_368,person_345,negative,0.425362
D:\biztech\preprocessed_images\person_096\img_09.jpg,D:\biztech\preprocessed_images\person_096\img_11.jpg,1,person_096,person_096,positive,0.337530
D:\biztech\preprocessed_images\person_471\img_04.jpg,D:\biztech\preprocessed_images\person_224\img_05.jpg,0,person_471,person_224,negative,0.220195
D:\biztech\preprocessed_images\person_143\img_03.jpg,D:\biztech\preprocessed_images\person_605\img_04.jpg,0,person_143,person_605,negative,0.358857
D:\biztech\preprocessed_images\person_270\img_01.jpg,D:\biztech\preprocessed_images\person_411\img_04.jpg,0,person_270,person_411,negative,-0.014066
D:\biztech\preprocessed_images\person_081\img_04.jpg,D:\biztech\preprocessed_images\person_081\img_15.jpg,1,person_081,person_081,positive,0.747182
D:\biztech\preprocessed_images\person_465\img_04.jpg,D:\biztech\preprocessed_images\person_324\img_04.jpg,0,person_465,person_324,negative,-0.261733
D:\biztech\preprocessed_images\person_115\img_11.jpg,D:\biztech\preprocessed_images\person_272\img_05.jpg,0,person_115,person_272,negative,0.041939
D:\biztech\preprocessed_images\person_115\img_02.jpg,D:\biztech\preprocessed_images\person_164\img_02.jpg,0,person_115,person_164,negative,-0.031781
D:\biztech\preprocessed_images\person_349\img_01.jpg,D:\biztech\preprocessed_images\person_349\img_04.jpg,1,person_349,person_349,positive,0.566665
D:\biztech\preprocessed_images\person_349\img_05.jpg,D:\biztech\preprocessed_images\person_324\img_04.jpg,0,person_349,person_324,negative,-0.073051
D:\biztech\preprocessed_images\person_081\img_01.jpg,D:\biztech\preprocessed_images\person_081\img_03.jpg,1,person_081,person_081,positive,0.720853
D:\biztech\preprocessed_images\person_324\img_04.jpg,D:\biztech\preprocessed_images\person_406\img_01.jpg,0,person_324,person_406,negative,0.591875
D:\biztech\preprocessed_images\person_274\img_02.jpg,D:\biztech\preprocessed_images\person_115\img_04.jpg,0,person_274,person_115,negative,0.084567
D:\biztech\preprocessed_images\person_285\img_01.jpg,D:\biztech\preprocessed_images\person_333\img_02.jpg,0,person_285,person_333,negative,0.147582
D:\biztech\preprocessed_images\person_271\img_02.jpg,D:\biztech\preprocessed_images\person_047\img_04.jpg,0,person_271,person_047,negative,0.201630
D:\biztech\preprocessed_images\person_095\img_01.jpg,D:\biztech\preprocessed_images\person_095\img_02.jpg,1,person_095,person_095,positive,0.658753
D:\biztech\preprocessed_images\person_603\img_02.jpg,D:\biztech\preprocessed_images\person_559\img_01.jpg,0,person_603,person_559,negative,0.232363
D:\biztech\preprocessed_images\person_274\img_01.jpg,D:\biztech\preprocessed_images\person_389\img_03.jpg,0,person_274,person_389,negative,-0.163299
D:\biztech\preprocessed_images\person_371\img_04.jpg,D:\biztech\preprocessed_images\person_371\img_05.jpg,1,person_371,person_371,positive,0.553384
D:\biztech\preprocessed_images\person_068\img_09.jpg,D:\biztech\preprocessed_images\person_068\img_12.jpg,1,person_068,person_068,positive,0.676982
D:\biztech\preprocessed_images\person_235\img_06.jpg,D:\biztech\preprocessed_images\person_349\img_04.jpg,0,person_235,person_349,negative,0.637466
D:\biztech\preprocessed_images\person_226\img_03.jpg,D:\biztech\preprocessed_images\person_128\img_11.jpg,0,person_226,person_128,negative,0.621762
D:\biztech\preprocessed_images\person_081\img_10.jpg,D:\biztech\preprocessed_images\person_081\img_17.jpg,1,person_081,person_081,positive,0.710168
D:\biztech\preprocessed_images\person_147\img_08.jpg,D:\biztech\preprocessed_images\person_147\img_09.jpg,1,person_147,person_147,positive,0.575068
D:\biztech\preprocessed_images\person_596\img_03.jpg,D:\biztech\preprocessed_images\person_160\img_02.jpg,0,person_596,person_160,negative,0.117255
D:\biztech\preprocessed_images\person_253\img_01.jpg,D:\biztech\preprocessed_images\person_239\img_02.jpg,0,person_253,person_239,negative,-0.010181
D:\biztech\preprocessed_images\person_007\img_02.jpg,D:\biztech\preprocessed_images\person_235\img_05.jpg,0,person_007,person_235,negative,0.063525
D:\biztech\preprocessed_images\person_168\img_05.jpg,D:\biztech\preprocessed_images\person_582\img_04.jpg,0,person_168,person_582,negative,-0.197941
D:\biztech\preprocessed_images\person_105\img_02.jpg,D:\biztech\preprocessed_images\person_105\img_09.jpg,1,person_105,person_105,positive,0.557133
D:\biztech\preprocessed_images\person_239\img_04.jpg,D:\biztech\preprocessed_images\person_239\img_07.jpg,1,person_239,person_239,positive,0.929148
D:\biztech\preprocessed_images\person_090\img_15.jpg,D:\biztech\preprocessed_images\person_105\img_05.jpg,0,person_090,person_105,negative,0.190114
D:\biztech\preprocessed_images\person_251\img_03.jpg,D:\biztech\preprocessed_images\person_470\img_04.jpg,0,person_251,person_470,negative,-0.062714
D:\biztech\preprocessed_images\person_226\img_01.jpg,D:\biztech\preprocessed_images\person_160\img_05.jpg,0,person_226,person_160,negative,-0.128123
D:\biztech\preprocessed_images\person_007\img_52.jpg,D:\biztech\preprocessed_images\person_007\img_54.jpg,1,person_007,person_007,positive,0.636444
D:\biztech\preprocessed_images\person_204\img_04.jpg,D:\biztech\preprocessed_images\person_251\img_06.jpg,0,person_204,person_251,negative,-0.136885
D:\biztech\preprocessed_images\person_275\img_04.jpg,D:\biztech\preprocessed_images\person_275\img_06.jpg,1,person_275,person_275,positive,0.535136
D:\biztech\preprocessed_images\person_471\img_02.jpg,D:\biztech\preprocessed_images\person_345\img_03.jpg,0,person_471,person_345,negative,0.683910
D:\biztech\preprocessed_images\person_217\img_03.jpg,D:\biztech\preprocessed_images\person_217\img_04.jpg,1,person_217,person_217,positive,0.756713
D:\biztech\preprocessed_images\person_058\img_04.jpg,D:\biztech\preprocessed_images\person_239\img_04.jpg,0,person_058,person_239,negative,0.034117
D:\biztech\preprocessed_images\person_082\img_14.jpg,D:\biztech\preprocessed_images\person_082\img_15.jpg,1,person_082,person_082,positive,0.696847
D:\biztech\preprocessed_images\person_323\img_02.jpg,D:\biztech\preprocessed_images\person_176\img_09.jpg,0,person_323,person_176,negative,0.028392
D:\biztech\preprocessed_images\person_197\img_03.jpg,D:\biztech\preprocessed_images\person_197\img_07.jpg,1,person_197,person_197,positive,0.561225
D:\biztech\preprocessed_images\person_607\img_04.jpg,D:\biztech\preprocessed_images\person_100\img_13.jpg,0,person_607,person_100,negative,-0.424122
D:\biztech\preprocessed_images\person_090\img_14.jpg,D:\biztech\preprocessed_images\person_333\img_05.jpg,0,person_090,person_333,negative,0.271824
D:\biztech\preprocessed_images\person_082\img_02.jpg,D:\biztech\preprocessed_images\person_082\img_15.jpg,1,person_082,person_082,positive,0.866181
D:\biztech\preprocessed_images\person_389\img_04.jpg,D:\biztech\preprocessed_images\person_364\img_01.jpg,0,person_389,person_364,negative,-0.080220
D:\biztech\preprocessed_images\person_074\img_01.jpg,D:\biztech\preprocessed_images\person_074\img_16.jpg,1,person_074,person_074,positive,0.723575
D:\biztech\preprocessed_images\person_411\img_02.jpg,D:\biztech\preprocessed_images\person_333\img_01.jpg,0,person_411,person_333,negative,0.168197
D:\biztech\preprocessed_images\person_090\img_03.jpg,D:\biztech\preprocessed_images\person_277\img_03.jpg,0,person_090,person_277,negative,0.006618
D:\biztech\preprocessed_images\person_389\img_01.jpg,D:\biztech\preprocessed_images\person_349\img_01.jpg,0,person_389,person_349,negative,0.091392
D:\biztech\preprocessed_images\person_559\img_02.jpg,D:\biztech\preprocessed_images\person_470\img_03.jpg,0,person_559,person_470,negative,0.034700
D:\biztech\preprocessed_images\person_105\img_07.jpg,D:\biztech\preprocessed_images\person_105\img_12.jpg,1,person_105,person_105,positive,0.390745
D:\biztech\preprocessed_images\person_226\img_03.jpg,D:\biztech\preprocessed_images\person_226\img_07.jpg,1,person_226,person_226,positive,0.538929
D:\biztech\preprocessed_images\person_411\img_05.jpg,D:\biztech\preprocessed_images\person_465\img_01.jpg,0,person_411,person_465,negative,0.306880
D:\biztech\preprocessed_images\person_364\img_02.jpg,D:\biztech\preprocessed_images\person_353\img_05.jpg,0,person_364,person_353,negative,0.183228
D:\biztech\preprocessed_images\person_575\img_03.jpg,D:\biztech\preprocessed_images\person_072\img_16.jpg,0,person_575,person_072,negative,0.039114
D:\biztech\preprocessed_images\person_128\img_03.jpg,D:\biztech\preprocessed_images\person_128\img_09.jpg,1,person_128,person_128,positive,0.684697
D:\biztech\preprocessed_images\person_301\img_03.jpg,D:\biztech\preprocessed_images\person_272\img_04.jpg,0,person_301,person_272,negative,-0.034285
D:\biztech\preprocessed_images\person_167\img_03.jpg,D:\biztech\preprocessed_images\person_167\img_07.jpg,1,person_167,person_167,positive,0.681825
D:\biztech\preprocessed_images\person_235\img_04.jpg,D:\biztech\preprocessed_images\person_512\img_04.jpg,0,person_235,person_512,negative,0.283170
D:\biztech\preprocessed_images\person_068\img_01.jpg,D:\biztech\preprocessed_images\person_068\img_09.jpg,1,person_068,person_068,positive,0.673947
D:\biztech\preprocessed_images\person_028\img_22.jpg,D:\biztech\preprocessed_images\person_031\img_27.jpg,0,person_028,person_031,negative,0.208927
D:\biztech\preprocessed_images\person_115\img_06.jpg,D:\biztech\preprocessed_images\person_115\img_08.jpg,1,person_115,person_115,positive,0.502530
D:\biztech\preprocessed_images\person_518\img_02.jpg,D:\biztech\preprocessed_images\person_518\img_04.jpg,1,person_518,person_518,positive,0.624680
D:\biztech\preprocessed_images\person_221\img_04.jpg,D:\biztech\preprocessed_images\person_603\img_02.jpg,0,person_221,person_603,negative,-0.352103
D:\biztech\preprocessed_images\person_301\img_03.jpg,D:\biztech\preprocessed_images\person_301\img_05.jpg,1,person_301,person_301,positive,0.660898
D:\biztech\preprocessed_images\person_225\img_04.jpg,D:\biztech\preprocessed_images\person_225\img_07.jpg,1,person_225,person_225,positive,0.536132
D:\biztech\preprocessed_images\person_582\img_04.jpg,D:\biztech\preprocessed_images\person_374\img_02.jpg,0,person_582,person_374,negative,0.158642
D:\biztech\preprocessed_images\person_096\img_06.jpg,D:\biztech\preprocessed_images\person_224\img_06.jpg,0,person_096,person_224,negative,0.008368
D:\biztech\preprocessed_images\person_389\img_01.jpg,D:\biztech\preprocessed_images\person_600\img_04.jpg,0,person_389,person_600,negative,0.133422
D:\biztech\preprocessed_images\person_582\img_02.jpg,D:\biztech\preprocessed_images\person_582\img_03.jpg,1,person_582,person_582,positive,0.517187
D:\biztech\preprocessed_images\person_215\img_06.jpg,D:\biztech\preprocessed_images\person_215\img_07.jpg,1,person_215,person_215,positive,0.784758
D:\biztech\preprocessed_images\person_026\img_21.jpg,D:\biztech\preprocessed_images\person_235\img_06.jpg,0,person_026,person_235,negative,0.296221
D:\biztech\preprocessed_images\person_033\img_18.jpg,D:\biztech\preprocessed_images\person_033\img_23.jpg,1,person_033,person_033,positive,0.761523
D:\biztech\preprocessed_images\person_229\img_01.jpg,D:\biztech\preprocessed_images\person_364\img_03.jpg,0,person_229,person_364,negative,-0.048985
D:\biztech\preprocessed_images\person_297\img_01.jpg,D:\biztech\preprocessed_images\person_297\img_03.jpg,1,person_297,person_297,positive,0.798172
D:\biztech\preprocessed_images\person_068\img_04.jpg,D:\biztech\preprocessed_images\person_068\img_05.jpg,1,person_068,person_068,positive,0.545942
D:\biztech\preprocessed_images\person_324\img_02.jpg,D:\biztech\preprocessed_images\person_274\img_06.jpg,0,person_324,person_274,negative,-0.034310
D:\biztech\preprocessed_images\person_229\img_03.jpg,D:\biztech\preprocessed_images\person_229\img_06.jpg,1,person_229,person_229,positive,0.886848
D:\biztech\preprocessed_images\person_095\img_08.jpg,D:\biztech\preprocessed_images\person_095\img_14.jpg,1,person_095,person_095,positive,0.716622
D:\biztech\preprocessed_images\person_349\img_04.jpg,D:\biztech\preprocessed_images\person_596\img_03.jpg,0,person_349,person_596,negative,-0.013537
D:\biztech\preprocessed_images\person_096\img_01.jpg,D:\biztech\preprocessed_images\person_096\img_07.jpg,1,person_096,person_096,positive,0.855480
D:\biztech\preprocessed_images\person_251\img_02.jpg,D:\biztech\preprocessed_images\person_251\img_05.jpg,1,person_251,person_251,positive,0.517318
D:\biztech\preprocessed_images\person_160\img_07.jpg,D:\biztech\preprocessed_images\person_471\img_04.jpg,0,person_160,person_471,negative,-0.057650
D:\biztech\preprocessed_images\person_082\img_02.jpg,D:\biztech\preprocessed_images\person_168\img_09.jpg,0,person_082,person_168,negative,0.046001
D:\biztech\preprocessed_images\person_433\img_04.jpg,D:\biztech\preprocessed_images\person_282\img_03.jpg,0,person_433,person_282,negative,-0.097873
D:\biztech\preprocessed_images\person_221\img_03.jpg,D:\biztech\preprocessed_images\person_104\img_04.jpg,0,person_221,person_104,negative,0.208852
D:\biztech\preprocessed_images\person_364\img_03.jpg,D:\biztech\preprocessed_images\person_345\img_05.jpg,0,person_364,person_345,negative,-0.059007
D:\biztech\preprocessed_images\person_167\img_04.jpg,D:\biztech\preprocessed_images\person_167\img_06.jpg,1,person_167,person_167,positive,0.695736
D:\biztech\preprocessed_images\person_176\img_05.jpg,D:\biztech\preprocessed_images\person_176\img_07.jpg,1,person_176,person_176,positive,0.777003
D:\biztech\preprocessed_images\person_380\img_02.jpg,D:\biztech\preprocessed_images\person_380\img_03.jpg,1,person_380,person_380,positive,0.472428
D:\biztech\preprocessed_images\person_047\img_12.jpg,D:\biztech\preprocessed_images\person_047\img_21.jpg,1,person_047,person_047,positive,0.586230
D:\biztech\preprocessed_images\person_596\img_02.jpg,D:\biztech\preprocessed_images\person_074\img_08.jpg,0,person_596,person_074,negative,0.444996
D:\biztech\preprocessed_images\person_096\img_05.jpg,D:\biztech\preprocessed_images\person_096\img_06.jpg,1,person_096,person_096,positive,0.475160
D:\biztech\preprocessed_images\person_274\img_04.jpg,D:\biztech\preprocessed_images\person_274\img_05.jpg,1,person_274,person_274,positive,0.837504
D:\biztech\preprocessed_images\person_234\img_02.jpg,D:\biztech\preprocessed_images\person_224\img_02.jpg,0,person_234,person_224,negative,-0.148211
D:\biztech\preprocessed_images\person_550\img_01.jpg,D:\biztech\preprocessed_images\person_026\img_13.jpg,0,person_550,person_026,negative,0.050715
D:\biztech\preprocessed_images\person_090\img_04.jpg,D:\biztech\preprocessed_images\person_090\img_11.jpg,1,person_090,person_090,positive,0.662726
D:\biztech\preprocessed_images\person_275\img_03.jpg,D:\biztech\preprocessed_images\person_470\img_04.jpg,0,person_275,person_470,negative,0.569358
D:\biztech\preprocessed_images\person_143\img_10.jpg,D:\biztech\preprocessed_images\person_353\img_04.jpg,0,person_143,person_353,negative,-0.380318
D:\biztech\preprocessed_images\person_251\img_02.jpg,D:\biztech\preprocessed_images\person_251\img_03.jpg,1,person_251,person_251,positive,0.584845
D:\biztech\preprocessed_images\person_164\img_01.jpg,D:\biztech\preprocessed_images\person_164\img_09.jpg,1,person_164,person_164,positive,0.451655
D:\biztech\preprocessed_images\person_282\img_06.jpg,D:\biztech\preprocessed_images\person_550\img_02.jpg,0,person_282,person_550,negative,-0.190806
D:\biztech\preprocessed_images\person_068\img_11.jpg,D:\biztech\preprocessed_images\person_596\img_04.jpg,0,person_068,person_596,negative,-0.036514
D:\biztech\preprocessed_images\person_600\img_02.jpg,D:\biztech\preprocessed_images\person_176\img_02.jpg,0,person_600,person_176,negative,-0.263271
D:\biztech\preprocessed_images\person_068\img_07.jpg,D:\biztech\preprocessed_images\person_068\img_12.jpg,1,person_068,person_068,positive,0.909900
D:\biztech\preprocessed_images\person_081\img_14.jpg,D:\biztech\preprocessed_images\person_433\img_02.jpg,0,person_081,person_433,negative,-0.169080
D:\biztech\preprocessed_images\person_285\img_04.jpg,D:\biztech\preprocessed_images\person_285\img_05.jpg,1,person_285,person_285,positive,0.714659
D:\biztech\preprocessed_images\person_147\img_01.jpg,D:\biztech\preprocessed_images\person_603\img_02.jpg,0,person_147,person_603,negative,0.161131
D:\biztech\preprocessed_images\person_026\img_05.jpg,D:\biztech\preprocessed_images\person_371\img_02.jpg,0,person_026,person_371,negative,0.016118
D:\biztech\preprocessed_images\person_100\img_03.jpg,D:\biztech\preprocessed_images\person_371\img_02.jpg,0,person_100,person_371,negative,-0.158058
D:\biztech\preprocessed_images\person_176\img_07.jpg,D:\biztech\preprocessed_images\person_176\img_08.jpg,1,person_176,person_176,positive,0.902122
D:\biztech\preprocessed_images\person_406\img_04.jpg,D:\biztech\preprocessed_images\person_364\img_01.jpg,0,person_406,person_364,negative,-0.177485
D:\biztech\preprocessed_images\person_349\img_01.jpg,D:\biztech\preprocessed_images\person_349\img_03.jpg,1,person_349,person_349,positive,0.620799
D:\biztech\preprocessed_images\person_277\img_01.jpg,D:\biztech\preprocessed_images\person_277\img_03.jpg,1,person_277,person_277,positive,0.666640
D:\biztech\preprocessed_images\person_323\img_02.jpg,D:\biztech\preprocessed_images\person_323\img_05.jpg,1,person_323,person_323,positive,0.567557
D:\biztech\preprocessed_images\person_072\img_14.jpg,D:\biztech\preprocessed_images\person_072\img_16.jpg,1,person_072,person_072,positive,0.344899
D:\biztech\preprocessed_images\person_323\img_04.jpg,D:\biztech\preprocessed_images\person_160\img_07.jpg,0,person_323,person_160,negative,0.260517
D:\biztech\preprocessed_images\person_345\img_01.jpg,D:\biztech\preprocessed_images\person_345\img_03.jpg,1,person_345,person_345,positive,0.485877
D:\biztech\preprocessed_images\person_301\img_03.jpg,D:\biztech\preprocessed_images\person_323\img_05.jpg,0,person_301,person_323,negative,0.074375
D:\biztech\preprocessed_images\person_226\img_02.jpg,D:\biztech\preprocessed_images\person_226\img_06.jpg,1,person_226,person_226,positive,0.884022
D:\biztech\preprocessed_images\person_270\img_04.jpg,D:\biztech\preprocessed_images\person_603\img_02.jpg,0,person_270,person_603,negative,0.068817
D:\biztech\preprocessed_images\person_270\img_01.jpg,D:\biztech\preprocessed_images\person_324\img_01.jpg,0,person_270,person_324,negative,0.058148
D:\biztech\preprocessed_images\person_160\img_01.jpg,D:\biztech\preprocessed_images\person_345\img_04.jpg,0,person_160,person_345,negative,-0.102215
D:\biztech\preprocessed_images\person_439\img_01.jpg,D:\biztech\preprocessed_images\person_368\img_04.jpg,0,person_439,person_368,negative,0.025245
D:\biztech\preprocessed_images\person_604\img_01.jpg,D:\biztech\preprocessed_images\person_604\img_02.jpg,1,person_604,person_604,positive,0.694443
D:\biztech\preprocessed_images\person_045\img_07.jpg,D:\biztech\preprocessed_images\person_045\img_14.jpg,1,person_045,person_045,positive,0.217200
D:\biztech\preprocessed_images\person_559\img_04.jpg,D:\biztech\preprocessed_images\person_217\img_03.jpg,0,person_559,person_217,negative,-0.280228
D:\biztech\preprocessed_images\person_374\img_04.jpg,D:\biztech\preprocessed_images\person_026\img_18.jpg,0,person_374,person_026,negative,0.048916
D:\biztech\preprocessed_images\person_411\img_04.jpg,D:\biztech\preprocessed_images\person_411\img_05.jpg,1,person_411,person_411,positive,0.404567
D:\biztech\preprocessed_images\person_607\img_04.jpg,D:\biztech\preprocessed_images\person_470\img_04.jpg,0,person_607,person_470,negative,-0.208201
D:\biztech\preprocessed_images\person_007\img_07.jpg,D:\biztech\preprocessed_images\person_007\img_22.jpg,1,person_007,person_007,positive,0.343540
D:\biztech\preprocessed_images\person_390\img_02.jpg,D:\biztech\preprocessed_images\person_390\img_04.jpg,1,person_390,person_390,positive,0.092756
D:\biztech\preprocessed_images\person_368\img_02.jpg,D:\biztech\preprocessed_images\person_368\img_05.jpg,1,person_368,person_368,positive,0.777056
D:\biztech\preprocessed_images\person_082\img_04.jpg,D:\biztech\preprocessed_images\person_082\img_09.jpg,1,person_082,person_082,positive,0.873899
D:\biztech\preprocessed_images\person_559\img_01.jpg,D:\biztech\preprocessed_images\person_225\img_05.jpg,0,person_559,person_225,negative,-0.295321
D:\biztech\preprocessed_images\person_197\img_02.jpg,D:\biztech\preprocessed_images\person_576\img_01.jpg,0,person_197,person_576,negative,0.534280
D:\biztech\preprocessed_images\person_096\img_07.jpg,D:\biztech\preprocessed_images\person_096\img_11.jpg,1,person_096,person_096,positive,0.344794
D:\biztech\preprocessed_images\person_090\img_13.jpg,D:\biztech\preprocessed_images\person_471\img_01.jpg,0,person_090,person_471,negative,-0.146026
D:\biztech\preprocessed_images\person_596\img_01.jpg,D:\biztech\preprocessed_images\person_105\img_13.jpg,0,person_596,person_105,negative,-0.034730
D:\biztech\preprocessed_images\person_271\img_05.jpg,D:\biztech\preprocessed_images\person_215\img_03.jpg,0,person_271,person_215,negative,0.315748
D:\biztech\preprocessed_images\person_460\img_02.jpg,D:\biztech\preprocessed_images\person_460\img_03.jpg,1,person_460,person_460,positive,0.834390
D:\biztech\preprocessed_images\person_433\img_01.jpg,D:\biztech\preprocessed_images\person_253\img_04.jpg,0,person_433,person_253,negative,0.154745
D:\biztech\preprocessed_images\person_143\img_01.jpg,D:\biztech\preprocessed_images\person_143\img_06.jpg,1,person_143,person_143,positive,0.848237
D:\biztech\preprocessed_images\person_406\img_05.jpg,D:\biztech\preprocessed_images\person_028\img_13.jpg,0,person_406,person_028,negative,-0.176397
D:\biztech\preprocessed_images\person_226\img_01.jpg,D:\biztech\preprocessed_images\person_226\img_06.jpg,1,person_226,person_226,positive,0.772352
D:\biztech\preprocessed_images\person_096\img_08.jpg,D:\biztech\preprocessed_images\person_096\img_14.jpg,1,person_096,person_096,positive,0.233045
D:\biztech\preprocessed_images\person_439\img_01.jpg,D:\biztech\preprocessed_images\person_439\img_04.jpg,1,person_439,person_439,positive,0.888447
D:\biztech\preprocessed_images\person_197\img_04.jpg,D:\biztech\preprocessed_images\person_197\img_05.jpg,1,person_197,person_197,positive,0.477211
D:\biztech\preprocessed_images\person_411\img_03.jpg,D:\biztech\preprocessed_images\person_128\img_08.jpg,0,person_411,person_128,negative,0.036013
D:\biztech\preprocessed_images\person_224\img_01.jpg,D:\biztech\preprocessed_images\person_224\img_07.jpg,1,person_224,person_224,positive,0.346589
D:\biztech\preprocessed_images\person_345\img_01.jpg,D:\biztech\preprocessed_images\person_235\img_01.jpg,0,person_345,person_235,negative,-0.085537
D:\biztech\preprocessed_images\person_215\img_03.jpg,D:\biztech\preprocessed_images\person_215\img_06.jpg,1,person_215,person_215,positive,0.758229
D:\biztech\preprocessed_images\person_603\img_04.jpg,D:\biztech\preprocessed_images\person_031\img_22.jpg,0,person_603,person_031,negative,0.156646
D:\biztech\preprocessed_images\person_433\img_01.jpg,D:\biztech\preprocessed_images\person_433\img_03.jpg,1,person_433,person_433,positive,0.410545
D:\biztech\preprocessed_images\person_226\img_02.jpg,D:\biztech\preprocessed_images\person_226\img_03.jpg,1,person_226,person_226,positive,0.516950
D:\biztech\preprocessed_images\person_033\img_21.jpg,D:\biztech\preprocessed_images\person_164\img_02.jpg,0,person_033,person_164,negative,0.172660
D:\biztech\preprocessed_images\person_031\img_14.jpg,D:\biztech\preprocessed_images\person_031\img_31.jpg,1,person_031,person_031,positive,0.441315
D:\biztech\preprocessed_images\person_270\img_01.jpg,D:\biztech\preprocessed_images\person_104\img_07.jpg,0,person_270,person_104,negative,-0.123131
D:\biztech\preprocessed_images\person_251\img_05.jpg,D:\biztech\preprocessed_images\person_596\img_04.jpg,0,person_251,person_596,negative,0.150464
D:\biztech\preprocessed_images\person_176\img_04.jpg,D:\biztech\preprocessed_images\person_176\img_09.jpg,1,person_176,person_176,positive,0.557897
D:\biztech\preprocessed_images\person_096\img_01.jpg,D:\biztech\preprocessed_images\person_096\img_11.jpg,1,person_096,person_096,positive,0.465563
D:\biztech\preprocessed_images\person_096\img_02.jpg,D:\biztech\preprocessed_images\person_096\img_08.jpg,1,person_096,person_096,positive,0.101239
D:\biztech\preprocessed_images\person_600\img_03.jpg,D:\biztech\preprocessed_images\person_282\img_05.jpg,0,person_600,person_282,negative,-0.494431
D:\biztech\preprocessed_images\person_251\img_05.jpg,D:\biztech\preprocessed_images\person_603\img_04.jpg,0,person_251,person_603,negative,-0.006745
D:\biztech\preprocessed_images\person_026\img_03.jpg,D:\biztech\preprocessed_images\person_026\img_08.jpg,1,person_026,person_026,positive,0.516031
D:\biztech\preprocessed_images\person_576\img_01.jpg,D:\biztech\preprocessed_images\person_596\img_02.jpg,0,person_576,person_596,negative,-0.139790
D:\biztech\preprocessed_images\person_225\img_03.jpg,D:\biztech\preprocessed_images\person_282\img_05.jpg,0,person_225,person_282,negative,0.604395
D:\biztech\preprocessed_images\person_575\img_03.jpg,D:\biztech\preprocessed_images\person_364\img_04.jpg,0,person_575,person_364,negative,0.066019
D:\biztech\preprocessed_images\person_333\img_01.jpg,D:\biztech\preprocessed_images\person_333\img_03.jpg,1,person_333,person_333,positive,0.584064
D:\biztech\preprocessed_images\person_104\img_01.jpg,D:\biztech\preprocessed_images\person_104\img_06.jpg,1,person_104,person_104,positive,0.728191
D:\biztech\preprocessed_images\person_605\img_02.jpg,D:\biztech\preprocessed_images\person_045\img_01.jpg,0,person_605,person_045,negative,-0.039646
D:\biztech\preprocessed_images\person_371\img_05.jpg,D:\biztech\preprocessed_images\person_251\img_04.jpg,0,person_371,person_251,negative,-0.085501
D:\biztech\preprocessed_images\person_081\img_01.jpg,D:\biztech\preprocessed_images\person_081\img_12.jpg,1,person_081,person_081,positive,0.755489
D:\biztech\preprocessed_images\person_072\img_01.jpg,D:\biztech\preprocessed_images\person_072\img_11.jpg,1,person_072,person_072,positive,0.621710
D:\biztech\preprocessed_images\person_218\img_02.jpg,D:\biztech\preprocessed_images\person_218\img_04.jpg,1,person_218,person_218,positive,0.798394
D:\biztech\preprocessed_images\person_587\img_04.jpg,D:\biztech\preprocessed_images\person_601\img_01.jpg,0,person_587,person_601,negative,-0.037102
D:\biztech\preprocessed_images\person_600\img_03.jpg,D:\biztech\preprocessed_images\person_587\img_03.jpg,0,person_600,person_587,negative,-0.040667
D:\biztech\preprocessed_images\person_047\img_09.jpg,D:\biztech\preprocessed_images\person_047\img_16.jpg,1,person_047,person_047,positive,0.386806
D:\biztech\preprocessed_images\person_285\img_04.jpg,D:\biztech\preprocessed_images\person_380\img_05.jpg,0,person_285,person_380,negative,-0.016271
D:\biztech\preprocessed_images\person_390\img_02.jpg,D:\biztech\preprocessed_images\person_603\img_02.jpg,0,person_390,person_603,negative,-0.084912
D:\biztech\preprocessed_images\person_229\img_05.jpg,D:\biztech\preprocessed_images\person_282\img_03.jpg,0,person_229,person_282,negative,-0.274721
D:\biztech\preprocessed_images\person_465\img_02.jpg,D:\biztech\preprocessed_images\person_465\img_03.jpg,1,person_465,person_465,positive,0.521244
D:\biztech\preprocessed_images\person_433\img_01.jpg,D:\biztech\preprocessed_images\person_204\img_08.jpg,0,person_433,person_204,negative,-0.157324
D:\biztech\preprocessed_images\person_272\img_04.jpg,D:\biztech\preprocessed_images\person_371\img_05.jpg,0,person_272,person_371,negative,-0.300636
D:\biztech\preprocessed_images\person_430\img_02.jpg,D:\biztech\preprocessed_images\person_147\img_05.jpg,0,person_430,person_147,negative,-0.166832
D:\biztech\preprocessed_images\person_603\img_01.jpg,D:\biztech\preprocessed_images\person_604\img_01.jpg,0,person_603,person_604,negative,-0.108007
D:\biztech\preprocessed_images\person_470\img_04.jpg,D:\biztech\preprocessed_images\person_388\img_05.jpg,0,person_470,person_388,negative,0.130761
D:\biztech\preprocessed_images\person_058\img_04.jpg,D:\biztech\preprocessed_images\person_058\img_13.jpg,1,person_058,person_058,positive,0.554356
D:\biztech\preprocessed_images\person_471\img_03.jpg,D:\biztech\preprocessed_images\person_389\img_05.jpg,0,person_471,person_389,negative,-0.254777
D:\biztech\preprocessed_images\person_364\img_03.jpg,D:\biztech\preprocessed_images\person_364\img_05.jpg,1,person_364,person_364,positive,0.363711
D:\biztech\preprocessed_images\person_460\img_01.jpg,D:\biztech\preprocessed_images\person_460\img_04.jpg,1,person_460,person_460,positive,0.635838
D:\biztech\preprocessed_images\person_274\img_01.jpg,D:\biztech\preprocessed_images\person_605\img_02.jpg,0,person_274,person_605,negative,-0.051561
D:\biztech\preprocessed_images\person_224\img_06.jpg,D:\biztech\preprocessed_images\person_167\img_09.jpg,0,person_224,person_167,negative,-0.040536
D:\biztech\preprocessed_images\person_176\img_04.jpg,D:\biztech\preprocessed_images\person_176\img_07.jpg,1,person_176,person_176,positive,0.445588
D:\biztech\preprocessed_images\person_600\img_02.jpg,D:\biztech\preprocessed_images\person_600\img_04.jpg,1,person_600,person_600,positive,0.888067
D:\biztech\preprocessed_images\person_164\img_07.jpg,D:\biztech\preprocessed_images\person_104\img_07.jpg,0,person_164,person_104,negative,-0.275860
D:\biztech\preprocessed_images\person_600\img_03.jpg,D:\biztech\preprocessed_images\person_096\img_01.jpg,0,person_600,person_096,negative,-0.095001
D:\biztech\preprocessed_images\person_275\img_04.jpg,D:\biztech\preprocessed_images\person_104\img_03.jpg,0,person_275,person_104,negative,0.156737
D:\biztech\preprocessed_images\person_143\img_01.jpg,D:\biztech\preprocessed_images\person_143\img_05.jpg,1,person_143,person_143,positive,0.655496
D:\biztech\preprocessed_images\person_128\img_04.jpg,D:\biztech\preprocessed_images\person_128\img_07.jpg,1,person_128,person_128,positive,0.638408
D:\biztech\preprocessed_images\person_047\img_18.jpg,D:\biztech\preprocessed_images\person_047\img_22.jpg,1,person_047,person_047,positive,0.341363
D:\biztech\preprocessed_images\person_470\img_03.jpg,D:\biztech\preprocessed_images\person_512\img_03.jpg,0,person_470,person_512,negative,-0.119782
D:\biztech\preprocessed_images\person_235\img_03.jpg,D:\biztech\preprocessed_images\person_601\img_01.jpg,0,person_235,person_601,negative,0.267299
D:\biztech\preprocessed_images\person_128\img_05.jpg,D:\biztech\preprocessed_images\person_128\img_09.jpg,1,person_128,person_128,positive,0.603010
D:\biztech\preprocessed_images\person_253\img_05.jpg,D:\biztech\preprocessed_images\person_353\img_03.jpg,0,person_253,person_353,negative,-0.141570
D:\biztech\preprocessed_images\person_605\img_03.jpg,D:\biztech\preprocessed_images\person_605\img_04.jpg,1,person_605,person_605,positive,0.603891
D:\biztech\preprocessed_images\person_601\img_01.jpg,D:\biztech\preprocessed_images\person_353\img_03.jpg,0,person_601,person_353,negative,0.553439
D:\biztech\preprocessed_images\person_324\img_03.jpg,D:\biztech\preprocessed_images\person_324\img_04.jpg,1,person_324,person_324,positive,0.661359
D:\biztech\preprocessed_images\person_095\img_03.jpg,D:\biztech\preprocessed_images\person_095\img_09.jpg,1,person_095,person_095,positive,0.263605
D:\biztech\preprocessed_images\person_128\img_06.jpg,D:\biztech\preprocessed_images\person_128\img_08.jpg,1,person_128,person_128,positive,0.543939
D:\biztech\preprocessed_images\person_074\img_08.jpg,D:\biztech\preprocessed_images\person_007\img_14.jpg,0,person_074,person_007,negative,-0.235265
D:\biztech\preprocessed_images\person_235\img_03.jpg,D:\biztech\preprocessed_images\person_430\img_04.jpg,0,person_235,person_430,negative,0.025394
D:\biztech\preprocessed_images\person_164\img_08.jpg,D:\biztech\preprocessed_images\person_600\img_03.jpg,0,person_164,person_600,negative,-0.356677
D:\biztech\preprocessed_images\person_168\img_09.jpg,D:\biztech\preprocessed_images\person_271\img_06.jpg,0,person_168,person_271,negative,-0.001238
D:\biztech\preprocessed_images\person_033\img_04.jpg,D:\biztech\preprocessed_images\person_033\img_16.jpg,1,person_033,person_033,positive,0.877145
D:\biztech\preprocessed_images\person_081\img_07.jpg,D:\biztech\preprocessed_images\person_081\img_17.jpg,1,person_081,person_081,positive,0.288621
D:\biztech\preprocessed_images\person_324\img_05.jpg,D:\biztech\preprocessed_images\person_168\img_01.jpg,0,person_324,person_168,negative,-0.141781
D:\biztech\preprocessed_images\person_100\img_05.jpg,D:\biztech\preprocessed_images\person_100\img_14.jpg,1,person_100,person_100,positive,0.483865
D:\biztech\preprocessed_images\person_100\img_10.jpg,D:\biztech\preprocessed_images\person_028\img_21.jpg,0,person_100,person_028,negative,0.068673
D:\biztech\preprocessed_images\person_164\img_04.jpg,D:\biztech\preprocessed_images\person_164\img_06.jpg,1,person_164,person_164,positive,0.684773
D:\biztech\preprocessed_images\person_095\img_07.jpg,D:\biztech\preprocessed_images\person_251\img_07.jpg,0,person_095,person_251,negative,-0.008030
D:\biztech\preprocessed_images\person_251\img_01.jpg,D:\biztech\preprocessed_images\person_251\img_04.jpg,1,person_251,person_251,positive,0.603829
D:\biztech\preprocessed_images\person_297\img_05.jpg,D:\biztech\preprocessed_images\person_068\img_09.jpg,0,person_297,person_068,negative,0.121783
D:\biztech\preprocessed_images\person_090\img_11.jpg,D:\biztech\preprocessed_images\person_389\img_01.jpg,0,person_090,person_389,negative,0.229634
D:\biztech\preprocessed_images\person_239\img_06.jpg,D:\biztech\preprocessed_images\person_239\img_07.jpg,1,person_239,person_239,positive,0.239809
D:\biztech\preprocessed_images\person_218\img_03.jpg,D:\biztech\preprocessed_images\person_218\img_05.jpg,1,person_218,person_218,positive,0.579057
D:\biztech\preprocessed_images\person_474\img_02.jpg,D:\biztech\preprocessed_images\person_045\img_01.jpg,0,person_474,person_045,negative,0.188873
D:\biztech\preprocessed_images\person_576\img_01.jpg,D:\biztech\preprocessed_images\person_197\img_05.jpg,0,person_576,person_197,negative,0.175846
D:\biztech\preprocessed_images\person_374\img_05.jpg,D:\biztech\preprocessed_images\person_090\img_08.jpg,0,person_374,person_090,negative,0.334910
D:\biztech\preprocessed_images\person_411\img_03.jpg,D:\biztech\preprocessed_images\person_168\img_01.jpg,0,person_411,person_168,negative,-0.018714
D:\biztech\preprocessed_images\person_204\img_03.jpg,D:\biztech\preprocessed_images\person_204\img_08.jpg,1,person_204,person_204,positive,0.745716
D:\biztech\preprocessed_images\person_596\img_04.jpg,D:\biztech\preprocessed_images\person_104\img_01.jpg,0,person_596,person_104,negative,0.374382
D:\biztech\preprocessed_images\person_274\img_05.jpg,D:\biztech\preprocessed_images\person_147\img_04.jpg,0,person_274,person_147,negative,-0.141967
D:\biztech\preprocessed_images\person_253\img_02.jpg,D:\biztech\preprocessed_images\person_253\img_06.jpg,1,person_253,person_253,positive,0.681065
D:\biztech\preprocessed_images\person_105\img_05.jpg,D:\biztech\preprocessed_images\person_105\img_10.jpg,1,person_105,person_105,positive,0.870428
D:\biztech\preprocessed_images\person_224\img_01.jpg,D:\biztech\preprocessed_images\person_047\img_12.jpg,0,person_224,person_047,negative,-0.079325
D:\biztech\preprocessed_images\person_221\img_02.jpg,D:\biztech\preprocessed_images\person_221\img_04.jpg,1,person_221,person_221,positive,0.525354
D:\biztech\preprocessed_images\person_143\img_07.jpg,D:\biztech\preprocessed_images\person_143\img_08.jpg,1,person_143,person_143,positive,0.702847
D:\biztech\preprocessed_images\person_297\img_02.jpg,D:\biztech\preprocessed_images\person_160\img_09.jpg,0,person_297,person_160,negative,-0.146535
D:\biztech\preprocessed_images\person_105\img_08.jpg,D:\biztech\preprocessed_images\person_105\img_13.jpg,1,person_105,person_105,positive,0.856915
D:\biztech\preprocessed_images\person_115\img_04.jpg,D:\biztech\preprocessed_images\person_115\img_06.jpg,1,person_115,person_115,positive,0.127065
D:\biztech\preprocessed_images\person_271\img_04.jpg,D:\biztech\preprocessed_images\person_271\img_05.jpg,1,person_271,person_271,positive,0.610719
D:\biztech\preprocessed_images\person_090\img_02.jpg,D:\biztech\preprocessed_images\person_090\img_13.jpg,1,person_090,person_090,positive,0.669896
D:\biztech\preprocessed_images\person_460\img_02.jpg,D:\biztech\preprocessed_images\person_460\img_04.jpg,1,person_460,person_460,positive,0.550985
D:\biztech\preprocessed_images\person_045\img_11.jpg,D:\biztech\preprocessed_images\person_045\img_24.jpg,1,person_045,person_045,positive,0.768338
D:\biztech\preprocessed_images\person_271\img_01.jpg,D:\biztech\preprocessed_images\person_271\img_05.jpg,1,person_271,person_271,positive,0.812115
D:\biztech\preprocessed_images\person_045\img_14.jpg,D:\biztech\preprocessed_images\person_045\img_18.jpg,1,person_045,person_045,positive,0.655935
D:\biztech\preprocessed_images\person_215\img_03.jpg,D:\biztech\preprocessed_images\person_215\img_04.jpg,1,person_215,person_215,positive,0.655860
D:\biztech\preprocessed_images\person_587\img_03.jpg,D:\biztech\preprocessed_images\person_604\img_04.jpg,0,person_587,person_604,negative,-0.295312
D:\biztech\preprocessed_images\person_371\img_01.jpg,D:\biztech\preprocessed_images\person_271\img_04.jpg,0,person_371,person_271,negative,-0.114397
D:\biztech\preprocessed_images\person_390\img_04.jpg,D:\biztech\preprocessed_images\person_105\img_03.jpg,0,person_390,person_105,negative,-0.112629
D:\biztech\preprocessed_images\person_221\img_06.jpg,D:\biztech\preprocessed_images\person_297\img_06.jpg,0,person_221,person_297,negative,-0.016731
D:\biztech\preprocessed_images\person_072\img_07.jpg,D:\biztech\preprocessed_images\person_471\img_04.jpg,0,person_072,person_471,negative,0.053547
D:\biztech\preprocessed_images\person_388\img_02.jpg,D:\biztech\preprocessed_images\person_601\img_01.jpg,0,person_388,person_601,negative,-0.073208
D:\biztech\preprocessed_images\person_068\img_02.jpg,D:\biztech\preprocessed_images\person_068\img_17.jpg,1,person_068,person_068,positive,0.233943
D:\biztech\preprocessed_images\person_164\img_06.jpg,D:\biztech\preprocessed_images\person_229\img_01.jpg,0,person_164,person_229,negative,-0.036598
D:\biztech\preprocessed_images\person_068\img_19.jpg,D:\biztech\preprocessed_images\person_604\img_03.jpg,0,person_068,person_604,negative,-0.087759
D:\biztech\preprocessed_images\person_217\img_08.jpg,D:\biztech\preprocessed_images\person_596\img_02.jpg,0,person_217,person_596,negative,0.249529
D:\biztech\preprocessed_images\person_028\img_17.jpg,D:\biztech\preprocessed_images\person_028\img_24.jpg,1,person_028,person_028,positive,0.873171
D:\biztech\preprocessed_images\person_235\img_02.jpg,D:\biztech\preprocessed_images\person_235\img_03.jpg,1,person_235,person_235,positive,0.752497
D:\biztech\preprocessed_images\person_168\img_05.jpg,D:\biztech\preprocessed_images\person_204\img_04.jpg,0,person_168,person_204,negative,-0.323884
D:\biztech\preprocessed_images\person_389\img_01.jpg,D:\biztech\preprocessed_images\person_374\img_01.jpg,0,person_389,person_374,negative,0.209758
D:\biztech\preprocessed_images\person_604\img_02.jpg,D:\biztech\preprocessed_images\person_604\img_03.jpg,1,person_604,person_604,positive,0.516195
D:\biztech\preprocessed_images\person_301\img_01.jpg,D:\biztech\preprocessed_images\person_301\img_06.jpg,1,person_301,person_301,positive,0.793486
D:\biztech\preprocessed_images\person_470\img_01.jpg,D:\biztech\preprocessed_images\person_470\img_02.jpg,1,person_470,person_470,positive,0.869403
D:\biztech\preprocessed_images\person_072\img_04.jpg,D:\biztech\preprocessed_images\person_072\img_06.jpg,1,person_072,person_072,positive,0.630612
D:\biztech\preprocessed_images\person_047\img_20.jpg,D:\biztech\preprocessed_images\person_047\img_22.jpg,1,person_047,person_047,positive,0.312358
D:\biztech\preprocessed_images\person_271\img_03.jpg,D:\biztech\preprocessed_images\person_433\img_01.jpg,0,person_271,person_433,negative,0.058528
D:\biztech\preprocessed_images\person_270\img_03.jpg,D:\biztech\preprocessed_images\person_058\img_18.jpg,0,person_270,person_058,negative,0.140693
D:\biztech\preprocessed_images\person_368\img_02.jpg,D:\biztech\preprocessed_images\person_368\img_03.jpg,1,person_368,person_368,positive,0.518869
D:\biztech\preprocessed_images\person_081\img_11.jpg,D:\biztech\preprocessed_images\person_301\img_05.jpg,0,person_081,person_301,negative,0.285209
D:\biztech\preprocessed_images\person_164\img_04.jpg,D:\biztech\preprocessed_images\person_164\img_08.jpg,1,person_164,person_164,positive,0.511440
D:\biztech\preprocessed_images\person_164\img_07.jpg,D:\biztech\preprocessed_images\person_164\img_08.jpg,1,person_164,person_164,positive,0.679747
D:\biztech\preprocessed_images\person_388\img_05.jpg,D:\biztech\preprocessed_images\person_239\img_07.jpg,0,person_388,person_239,negative,-0.058102
D:\biztech\preprocessed_images\person_374\img_01.jpg,D:\biztech\preprocessed_images\person_474\img_01.jpg,0,person_374,person_474,negative,0.013436
D:\biztech\preprocessed_images\person_100\img_01.jpg,D:\biztech\preprocessed_images\person_100\img_05.jpg,1,person_100,person_100,positive,0.777897
D:\biztech\preprocessed_images\person_297\img_02.jpg,D:\biztech\preprocessed_images\person_297\img_05.jpg,1,person_297,person_297,positive,0.740898
D:\biztech\preprocessed_images\person_128\img_05.jpg,D:\biztech\preprocessed_images\person_345\img_05.jpg,0,person_128,person_345,negative,-0.135179
D:\biztech\preprocessed_images\person_301\img_03.jpg,D:\biztech\preprocessed_images\person_301\img_04.jpg,1,person_301,person_301,positive,0.261376
D:\biztech\preprocessed_images\person_596\img_04.jpg,D:\biztech\preprocessed_images\person_143\img_03.jpg,0,person_596,person_143,negative,0.144033
D:\biztech\preprocessed_images\person_274\img_01.jpg,D:\biztech\preprocessed_images\person_274\img_03.jpg,1,person_274,person_274,positive,0.679975
D:\biztech\preprocessed_images\person_218\img_07.jpg,D:\biztech\preprocessed_images\person_100\img_06.jpg,0,person_218,person_100,negative,0.324404
D:\biztech\preprocessed_images\person_297\img_05.jpg,D:\biztech\preprocessed_images\person_282\img_05.jpg,0,person_297,person_282,negative,0.202901
D:\biztech\preprocessed_images\person_390\img_04.jpg,D:\biztech\preprocessed_images\person_215\img_06.jpg,0,person_390,person_215,negative,-0.020810
D:\biztech\preprocessed_images\person_297\img_01.jpg,D:\biztech\preprocessed_images\person_197\img_05.jpg,0,person_297,person_197,negative,0.058892
D:\biztech\preprocessed_images\person_512\img_02.jpg,D:\biztech\preprocessed_images\person_324\img_02.jpg,0,person_512,person_324,negative,-0.007246
D:\biztech\preprocessed_images\person_218\img_06.jpg,D:\biztech\preprocessed_images\person_074\img_13.jpg,0,person_218,person_074,negative,-0.152543
D:\biztech\preprocessed_images\person_353\img_04.jpg,D:\biztech\preprocessed_images\person_285\img_06.jpg,0,person_353,person_285,negative,-0.014428
D:\biztech\preprocessed_images\person_167\img_06.jpg,D:\biztech\preprocessed_images\person_430\img_03.jpg,0,person_167,person_430,negative,0.033465
D:\biztech\preprocessed_images\person_364\img_02.jpg,D:\biztech\preprocessed_images\person_364\img_05.jpg,1,person_364,person_364,positive,0.762504
D:\biztech\preprocessed_images\person_411\img_01.jpg,D:\biztech\preprocessed_images\person_068\img_18.jpg,0,person_411,person_068,negative,0.057485
D:\biztech\preprocessed_images\person_603\img_01.jpg,D:\biztech\preprocessed_images\person_465\img_03.jpg,0,person_603,person_465,negative,-0.107334
D:\biztech\preprocessed_images\person_430\img_02.jpg,D:\biztech\preprocessed_images\person_433\img_01.jpg,0,person_430,person_433,negative,-0.185339
D:\biztech\preprocessed_images\person_225\img_01.jpg,D:\biztech\preprocessed_images\person_225\img_02.jpg,1,person_225,person_225,positive,0.819489
D:\biztech\preprocessed_images\person_285\img_01.jpg,D:\biztech\preprocessed_images\person_301\img_02.jpg,0,person_285,person_301,negative,0.189116
D:\biztech\preprocessed_images\person_045\img_04.jpg,D:\biztech\preprocessed_images\person_045\img_10.jpg,1,person_045,person_045,positive,0.531057
D:\biztech\preprocessed_images\person_282\img_05.jpg,D:\biztech\preprocessed_images\person_282\img_06.jpg,1,person_282,person_282,positive,0.440881
D:\biztech\preprocessed_images\person_095\img_07.jpg,D:\biztech\preprocessed_images\person_439\img_01.jpg,0,person_095,person_439,negative,0.065369
D:\biztech\preprocessed_images\person_460\img_04.jpg,D:\biztech\preprocessed_images\person_550\img_01.jpg,0,person_460,person_550,negative,-0.047471
D:\biztech\preprocessed_images\person_226\img_05.jpg,D:\biztech\preprocessed_images\person_226\img_07.jpg,1,person_226,person_226,positive,0.572749
D:\biztech\preprocessed_images\person_550\img_04.jpg,D:\biztech\preprocessed_images\person_028\img_18.jpg,0,person_550,person_028,negative,-0.012025
D:\biztech\preprocessed_images\person_221\img_01.jpg,D:\biztech\preprocessed_images\person_221\img_04.jpg,1,person_221,person_221,positive,0.583421
D:\biztech\preprocessed_images\person_229\img_05.jpg,D:\biztech\preprocessed_images\person_324\img_04.jpg,0,person_229,person_324,negative,0.003972
D:\biztech\preprocessed_images\person_074\img_06.jpg,D:\biztech\preprocessed_images\person_074\img_11.jpg,1,person_074,person_074,positive,0.567114
D:\biztech\preprocessed_images\person_096\img_08.jpg,D:\biztech\preprocessed_images\person_096\img_10.jpg,1,person_096,person_096,positive,0.255865
D:\biztech\preprocessed_images\person_270\img_03.jpg,D:\biztech\preprocessed_images\person_143\img_03.jpg,0,person_270,person_143,negative,-0.021623
D:\biztech\preprocessed_images\person_115\img_05.jpg,D:\biztech\preprocessed_images\person_235\img_07.jpg,0,person_115,person_235,negative,-0.151496
D:\biztech\preprocessed_images\person_470\img_01.jpg,D:\biztech\preprocessed_images\person_470\img_04.jpg,1,person_470,person_470,positive,0.607801
D:\biztech\preprocessed_images\person_215\img_04.jpg,D:\biztech\preprocessed_images\person_349\img_05.jpg,0,person_215,person_349,negative,-0.016569
D:\biztech\preprocessed_images\person_607\img_04.jpg,D:\biztech\preprocessed_images\person_518\img_01.jpg,0,person_607,person_518,negative,-0.123388
D:\biztech\preprocessed_images\person_218\img_04.jpg,D:\biztech\preprocessed_images\person_218\img_06.jpg,1,person_218,person_218,positive,0.666624
D:\biztech\preprocessed_images\person_433\img_02.jpg,D:\biztech\preprocessed_images\person_217\img_01.jpg,0,person_433,person_217,negative,0.112466
D:\biztech\preprocessed_images\person_068\img_05.jpg,D:\biztech\preprocessed_images\person_068\img_18.jpg,1,person_068,person_068,positive,0.644593
D:\biztech\preprocessed_images\person_364\img_03.jpg,D:\biztech\preprocessed_images\person_176\img_06.jpg,0,person_364,person_176,negative,0.021512
D:\biztech\preprocessed_images\person_270\img_02.jpg,D:\biztech\preprocessed_images\person_270\img_05.jpg,1,person_270,person_270,positive,0.611391
D:\biztech\preprocessed_images\person_218\img_04.jpg,D:\biztech\preprocessed_images\person_371\img_04.jpg,0,person_218,person_371,negative,-0.140973
D:\biztech\preprocessed_images\person_095\img_01.jpg,D:\biztech\preprocessed_images\person_095\img_08.jpg,1,person_095,person_095,positive,0.575015
D:\biztech\preprocessed_images\person_033\img_17.jpg,D:\biztech\preprocessed_images\person_297\img_05.jpg,0,person_033,person_297,negative,-0.162458
D:\biztech\preprocessed_images\person_143\img_03.jpg,D:\biztech\preprocessed_images\person_143\img_05.jpg,1,person_143,person_143,positive,0.781862
D:\biztech\preprocessed_images\person_235\img_01.jpg,D:\biztech\preprocessed_images\person_235\img_05.jpg,1,person_235,person_235,positive,0.495506
D:\biztech\preprocessed_images\person_031\img_11.jpg,D:\biztech\preprocessed_images\person_031\img_16.jpg,1,person_031,person_031,positive,0.709237
D:\biztech\preprocessed_images\person_390\img_02.jpg,D:\biztech\preprocessed_images\person_390\img_03.jpg,1,person_390,person_390,positive,0.694092
D:\biztech\preprocessed_images\person_197\img_05.jpg,D:\biztech\preprocessed_images\person_058\img_07.jpg,0,person_197,person_058,negative,-0.139348
D:\biztech\preprocessed_images\person_389\img_03.jpg,D:\biztech\preprocessed_images\person_389\img_04.jpg,1,person_389,person_389,positive,0.910493
D:\biztech\preprocessed_images\person_251\img_06.jpg,D:\biztech\preprocessed_images\person_068\img_02.jpg,0,person_251,person_068,negative,0.065746
D:\biztech\preprocessed_images\person_272\img_04.jpg,D:\biztech\preprocessed_images\person_324\img_05.jpg,0,person_272,person_324,negative,0.451269
D:\biztech\preprocessed_images\person_068\img_15.jpg,D:\biztech\preprocessed_images\person_068\img_18.jpg,1,person_068,person_068,positive,0.739581
D:\biztech\preprocessed_images\person_100\img_09.jpg,D:\biztech\preprocessed_images\person_518\img_03.jpg,0,person_100,person_518,negative,0.146050
D:\biztech\preprocessed_images\person_471\img_01.jpg,D:\biztech\preprocessed_images\person_575\img_04.jpg,0,person_471,person_575,negative,-0.172064
D:\biztech\preprocessed_images\person_218\img_01.jpg,D:\biztech\preprocessed_images\person_218\img_04.jpg,1,person_218,person_218,positive,0.599991
D:\biztech\preprocessed_images\person_282\img_04.jpg,D:\biztech\preprocessed_images\person_282\img_05.jpg,1,person_282,person_282,positive,0.770337
D:\biztech\preprocessed_images\person_603\img_01.jpg,D:\biztech\preprocessed_images\person_603\img_04.jpg,1,person_603,person_603,positive,0.749070
D:\biztech\preprocessed_images\person_550\img_03.jpg,D:\biztech\preprocessed_images\person_282\img_01.jpg,0,person_550,person_282,negative,0.028044
D:\biztech\preprocessed_images\person_388\img_03.jpg,D:\biztech\preprocessed_images\person_388\img_05.jpg,1,person_388,person_388,positive,0.744598
D:\biztech\preprocessed_images\person_105\img_03.jpg,D:\biztech\preprocessed_images\person_105\img_05.jpg,1,person_105,person_105,positive,0.214379
D:\biztech\preprocessed_images\person_047\img_06.jpg,D:\biztech\preprocessed_images\person_253\img_03.jpg,0,person_047,person_253,negative,0.445033
D:\biztech\preprocessed_images\person_550\img_03.jpg,D:\biztech\preprocessed_images\person_105\img_03.jpg,0,person_550,person_105,negative,0.378346
D:\biztech\preprocessed_images\person_345\img_05.jpg,D:\biztech\preprocessed_images\person_465\img_04.jpg,0,person_345,person_465,negative,-0.021038
D:\biztech\preprocessed_images\person_390\img_01.jpg,D:\biztech\preprocessed_images\person_390\img_04.jpg,1,person_390,person_390,positive,0.030177
D:\biztech\preprocessed_images\person_072\img_17.jpg,D:\biztech\preprocessed_images\person_176\img_09.jpg,0,person_072,person_176,negative,0.205298
D:\biztech\preprocessed_images\person_371\img_03.jpg,D:\biztech\preprocessed_images\person_371\img_05.jpg,1,person_371,person_371,positive,0.784246
D:\biztech\preprocessed_images\person_068\img_07.jpg,D:\biztech\preprocessed_images\person_324\img_05.jpg,0,person_068,person_324,negative,0.202884
D:\biztech\preprocessed_images\person_095\img_04.jpg,D:\biztech\preprocessed_images\person_095\img_05.jpg,1,person_095,person_095,positive,0.691379
D:\biztech\preprocessed_images\person_371\img_02.jpg,D:\biztech\preprocessed_images\person_474\img_02.jpg,0,person_371,person_474,negative,-0.125404
D:\biztech\preprocessed_images\person_074\img_03.jpg,D:\biztech\preprocessed_images\person_074\img_18.jpg,1,person_074,person_074,positive,0.846045
D:\biztech\preprocessed_images\person_603\img_02.jpg,D:\biztech\preprocessed_images\person_559\img_04.jpg,0,person_603,person_559,negative,-0.194013
D:\biztech\preprocessed_images\person_229\img_02.jpg,D:\biztech\preprocessed_images\person_239\img_03.jpg,0,person_229,person_239,negative,-0.211508
D:\biztech\preprocessed_images\person_160\img_08.jpg,D:\biztech\preprocessed_images\person_471\img_04.jpg,0,person_160,person_471,negative,-0.079555
D:\biztech\preprocessed_images\person_058\img_05.jpg,D:\biztech\preprocessed_images\person_058\img_10.jpg,1,person_058,person_058,positive,0.236659
D:\biztech\preprocessed_images\person_105\img_07.jpg,D:\biztech\preprocessed_images\person_582\img_04.jpg,0,person_105,person_582,negative,-0.380518
D:\biztech\preprocessed_images\person_045\img_10.jpg,D:\biztech\preprocessed_images\person_045\img_22.jpg,1,person_045,person_045,positive,0.651111
D:\biztech\preprocessed_images\person_582\img_04.jpg,D:\biztech\preprocessed_images\person_197\img_04.jpg,0,person_582,person_197,negative,-0.185363
D:\biztech\preprocessed_images\person_229\img_06.jpg,D:\biztech\preprocessed_images\person_550\img_02.jpg,0,person_229,person_550,negative,-0.199185
D:\biztech\preprocessed_images\person_271\img_02.jpg,D:\biztech\preprocessed_images\person_226\img_03.jpg,0,person_271,person_226,negative,-0.420096
D:\biztech\preprocessed_images\person_081\img_06.jpg,D:\biztech\preprocessed_images\person_081\img_07.jpg,1,person_081,person_081,positive,0.476730
D:\biztech\preprocessed_images\person_411\img_01.jpg,D:\biztech\preprocessed_images\person_115\img_08.jpg,0,person_411,person_115,negative,-0.344694
D:\biztech\preprocessed_images\person_100\img_07.jpg,D:\biztech\preprocessed_images\person_100\img_08.jpg,1,person_100,person_100,positive,0.433317
D:\biztech\preprocessed_images\person_026\img_30.jpg,D:\biztech\preprocessed_images\person_596\img_02.jpg,0,person_026,person_596,negative,-0.005641
D:\biztech\preprocessed_images\person_143\img_06.jpg,D:\biztech\preprocessed_images\person_143\img_10.jpg,1,person_143,person_143,positive,0.792282
D:\biztech\preprocessed_images\person_115\img_07.jpg,D:\biztech\preprocessed_images\person_058\img_18.jpg,0,person_115,person_058,negative,-0.024944
D:\biztech\preprocessed_images\person_143\img_03.jpg,D:\biztech\preprocessed_images\person_143\img_09.jpg,1,person_143,person_143,positive,0.749047
D:\biztech\preprocessed_images\person_596\img_01.jpg,D:\biztech\preprocessed_images\person_596\img_03.jpg,1,person_596,person_596,positive,0.706991
D:\biztech\preprocessed_images\person_033\img_18.jpg,D:\biztech\preprocessed_images\person_033\img_27.jpg,1,person_033,person_033,positive,0.769137
D:\biztech\preprocessed_images\person_406\img_01.jpg,D:\biztech\preprocessed_images\person_235\img_06.jpg,0,person_406,person_235,negative,-0.180824
D:\biztech\preprocessed_images\person_353\img_01.jpg,D:\biztech\preprocessed_images\person_353\img_02.jpg,1,person_353,person_353,positive,0.146875
D:\biztech\preprocessed_images\person_512\img_02.jpg,D:\biztech\preprocessed_images\person_168\img_05.jpg,0,person_512,person_168,negative,0.223769
D:\biztech\preprocessed_images\person_274\img_05.jpg,D:\biztech\preprocessed_images\person_045\img_09.jpg,0,person_274,person_045,negative,0.101306
D:\biztech\preprocessed_images\person_031\img_13.jpg,D:\biztech\preprocessed_images\person_031\img_22.jpg,1,person_031,person_031,positive,0.514570
D:\biztech\preprocessed_images\person_433\img_03.jpg,D:\biztech\preprocessed_images\person_095\img_12.jpg,0,person_433,person_095,negative,0.159045
D:\biztech\preprocessed_images\person_176\img_02.jpg,D:\biztech\preprocessed_images\person_176\img_08.jpg,1,person_176,person_176,positive,0.903556
D:\biztech\preprocessed_images\person_096\img_04.jpg,D:\biztech\preprocessed_images\person_096\img_15.jpg,1,person_096,person_096,positive,0.486160
D:\biztech\preprocessed_images\person_465\img_04.jpg,D:\biztech\preprocessed_images\person_081\img_12.jpg,0,person_465,person_081,negative,-0.238965
D:\biztech\preprocessed_images\person_058\img_11.jpg,D:\biztech\preprocessed_images\person_058\img_16.jpg,1,person_058,person_058,positive,0.176333
D:\biztech\preprocessed_images\person_282\img_03.jpg,D:\biztech\preprocessed_images\person_353\img_01.jpg,0,person_282,person_353,negative,0.047829
D:\biztech\preprocessed_images\person_275\img_02.jpg,D:\biztech\preprocessed_images\person_275\img_04.jpg,1,person_275,person_275,positive,0.636017
D:\biztech\preprocessed_images\person_550\img_01.jpg,D:\biztech\preprocessed_images\person_225\img_02.jpg,0,person_550,person_225,negative,-0.070931
D:\biztech\preprocessed_images\person_074\img_06.jpg,D:\biztech\preprocessed_images\person_074\img_10.jpg,1,person_074,person_074,positive,0.566725
D:\biztech\preprocessed_images\person_234\img_02.jpg,D:\biztech\preprocessed_images\person_234\img_06.jpg,1,person_234,person_234,positive,0.462421
D:\biztech\preprocessed_images\person_235\img_05.jpg,D:\biztech\preprocessed_images\person_605\img_01.jpg,0,person_235,person_605,negative,0.470585
D:\biztech\preprocessed_images\person_324\img_01.jpg,D:\biztech\preprocessed_images\person_470\img_04.jpg,0,person_324,person_470,negative,-0.128223
D:\biztech\preprocessed_images\person_270\img_04.jpg,D:\biztech\preprocessed_images\person_105\img_07.jpg,0,person_270,person_105,negative,-0.125079
D:\biztech\preprocessed_images\person_605\img_04.jpg,D:\biztech\preprocessed_images\person_607\img_01.jpg,0,person_605,person_607,negative,-0.097535
D:\biztech\preprocessed_images\person_471\img_03.jpg,D:\biztech\preprocessed_images\person_474\img_03.jpg,0,person_471,person_474,negative,-0.023386
D:\biztech\preprocessed_images\person_251\img_01.jpg,D:\biztech\preprocessed_images\person_251\img_05.jpg,1,person_251,person_251,positive,0.783093
D:\biztech\preprocessed_images\person_518\img_03.jpg,D:\biztech\preprocessed_images\person_411\img_01.jpg,0,person_518,person_411,negative,-0.268443
D:\biztech\preprocessed_images\person_074\img_12.jpg,D:\biztech\preprocessed_images\person_074\img_13.jpg,1,person_074,person_074,positive,0.723023
D:\biztech\preprocessed_images\person_406\img_01.jpg,D:\biztech\preprocessed_images\person_465\img_01.jpg,0,person_406,person_465,negative,-0.305092
D:\biztech\preprocessed_images\person_518\img_01.jpg,D:\biztech\preprocessed_images\person_559\img_04.jpg,0,person_518,person_559,negative,-0.000564
D:\biztech\preprocessed_images\person_204\img_08.jpg,D:\biztech\preprocessed_images\person_082\img_11.jpg,0,person_204,person_082,negative,0.281738
D:\biztech\preprocessed_images\person_143\img_03.jpg,D:\biztech\preprocessed_images\person_143\img_08.jpg,1,person_143,person_143,positive,0.912189
D:\biztech\preprocessed_images\person_115\img_06.jpg,D:\biztech\preprocessed_images\person_115\img_07.jpg,1,person_115,person_115,positive,0.658181
D:\biztech\preprocessed_images\person_104\img_12.jpg,D:\biztech\preprocessed_images\person_104\img_14.jpg,1,person_104,person_104,positive,0.363090
D:\biztech\preprocessed_images\person_176\img_07.jpg,D:\biztech\preprocessed_images\person_575\img_02.jpg,0,person_176,person_575,negative,-0.006946
D:\biztech\preprocessed_images\person_323\img_01.jpg,D:\biztech\preprocessed_images\person_217\img_07.jpg,0,person_323,person_217,negative,0.076575
D:\biztech\preprocessed_images\person_471\img_02.jpg,D:\biztech\preprocessed_images\person_471\img_03.jpg,1,person_471,person_471,positive,0.496173
D:\biztech\preprocessed_images\person_371\img_04.jpg,D:\biztech\preprocessed_images\person_600\img_02.jpg,0,person_371,person_600,negative,-0.262239
D:\biztech\preprocessed_images\person_225\img_05.jpg,D:\biztech\preprocessed_images\person_285\img_01.jpg,0,person_225,person_285,negative,0.304745
D:\biztech\preprocessed_images\person_239\img_02.jpg,D:\biztech\preprocessed_images\person_239\img_07.jpg,1,person_239,person_239,positive,0.777823
D:\biztech\preprocessed_images\person_096\img_13.jpg,D:\biztech\preprocessed_images\person_100\img_02.jpg,0,person_096,person_100,negative,0.112156
D:\biztech\preprocessed_images\person_167\img_01.jpg,D:\biztech\preprocessed_images\person_167\img_08.jpg,1,person_167,person_167,positive,0.323437
D:\biztech\preprocessed_images\person_224\img_02.jpg,D:\biztech\preprocessed_images\person_224\img_07.jpg,1,person_224,person_224,positive,0.033095
D:\biztech\preprocessed_images\person_096\img_08.jpg,D:\biztech\preprocessed_images\person_601\img_02.jpg,0,person_096,person_601,negative,-0.016293
D:\biztech\preprocessed_images\person_353\img_02.jpg,D:\biztech\preprocessed_images\person_380\img_04.jpg,0,person_353,person_380,negative,0.230866
D:\biztech\preprocessed_images\person_607\img_01.jpg,D:\biztech\preprocessed_images\person_607\img_02.jpg,1,person_607,person_607,positive,0.374456
D:\biztech\preprocessed_images\person_104\img_08.jpg,D:\biztech\preprocessed_images\person_026\img_33.jpg,0,person_104,person_026,negative,-0.055132
D:\biztech\preprocessed_images\person_575\img_02.jpg,D:\biztech\preprocessed_images\person_460\img_02.jpg,0,person_575,person_460,negative,0.082946
D:\biztech\preprocessed_images\person_229\img_05.jpg,D:\biztech\preprocessed_images\person_072\img_15.jpg,0,person_229,person_072,negative,-0.162810
D:\biztech\preprocessed_images\person_197\img_08.jpg,D:\biztech\preprocessed_images\person_082\img_03.jpg,0,person_197,person_082,negative,0.208898
D:\biztech\preprocessed_images\person_229\img_01.jpg,D:\biztech\preprocessed_images\person_229\img_02.jpg,1,person_229,person_229,positive,0.658386
D:\biztech\preprocessed_images\person_297\img_01.jpg,D:\biztech\preprocessed_images\person_559\img_03.jpg,0,person_297,person_559,negative,-0.231757
D:\biztech\preprocessed_images\person_275\img_03.jpg,D:\biztech\preprocessed_images\person_275\img_06.jpg,1,person_275,person_275,positive,0.804083
D:\biztech\preprocessed_images\person_176\img_09.jpg,D:\biztech\preprocessed_images\person_224\img_07.jpg,0,person_176,person_224,negative,-0.146318
D:\biztech\preprocessed_images\person_164\img_02.jpg,D:\biztech\preprocessed_images\person_164\img_05.jpg,1,person_164,person_164,positive,0.060201
D:\biztech\preprocessed_images\person_068\img_19.jpg,D:\biztech\preprocessed_images\person_285\img_03.jpg,0,person_068,person_285,negative,-0.002528
D:\biztech\preprocessed_images\person_274\img_06.jpg,D:\biztech\preprocessed_images\person_282\img_01.jpg,0,person_274,person_282,negative,0.196565
D:\biztech\preprocessed_images\person_115\img_10.jpg,D:\biztech\preprocessed_images\person_115\img_13.jpg,1,person_115,person_115,positive,0.481378
D:\biztech\preprocessed_images\person_082\img_13.jpg,D:\biztech\preprocessed_images\person_605\img_02.jpg,0,person_082,person_605,negative,-0.150909
D:\biztech\preprocessed_images\person_229\img_02.jpg,D:\biztech\preprocessed_images\person_229\img_06.jpg,1,person_229,person_229,positive,0.885148
D:\biztech\preprocessed_images\person_072\img_02.jpg,D:\biztech\preprocessed_images\person_072\img_12.jpg,1,person_072,person_072,positive,0.421334
D:\biztech\preprocessed_images\person_007\img_07.jpg,D:\biztech\preprocessed_images\person_007\img_32.jpg,1,person_007,person_007,positive,0.647943
D:\biztech\preprocessed_images\person_411\img_04.jpg,D:\biztech\preprocessed_images\person_272\img_04.jpg,0,person_411,person_272,negative,-0.381222
D:\biztech\preprocessed_images\person_282\img_04.jpg,D:\biztech\preprocessed_images\person_253\img_05.jpg,0,person_282,person_253,negative,0.591271
D:\biztech\preprocessed_images\person_028\img_05.jpg,D:\biztech\preprocessed_images\person_028\img_12.jpg,1,person_028,person_028,positive,0.793509
D:\biztech\preprocessed_images\person_470\img_02.jpg,D:\biztech\preprocessed_images\person_433\img_02.jpg,0,person_470,person_433,negative,-0.107432
D:\biztech\preprocessed_images\person_587\img_02.jpg,D:\biztech\preprocessed_images\person_215\img_01.jpg,0,person_587,person_215,negative,-0.151213
D:\biztech\preprocessed_images\person_234\img_01.jpg,D:\biztech\preprocessed_images\person_389\img_04.jpg,0,person_234,person_389,negative,0.166105
D:\biztech\preprocessed_images\person_253\img_04.jpg,D:\biztech\preprocessed_images\person_253\img_06.jpg,1,person_253,person_253,positive,0.756563
D:\biztech\preprocessed_images\person_100\img_01.jpg,D:\biztech\preprocessed_images\person_100\img_08.jpg,1,person_100,person_100,positive,0.308976
D:\biztech\preprocessed_images\person_235\img_06.jpg,D:\biztech\preprocessed_images\person_274\img_06.jpg,0,person_235,person_274,negative,-0.075713
D:\biztech\preprocessed_images\person_239\img_02.jpg,D:\biztech\preprocessed_images\person_239\img_03.jpg,1,person_239,person_239,positive,0.672941
D:\biztech\preprocessed_images\person_364\img_01.jpg,D:\biztech\preprocessed_images\person_607\img_01.jpg,0,person_364,person_607,negative,-0.089433
D:\biztech\preprocessed_images\person_128\img_07.jpg,D:\biztech\preprocessed_images\person_128\img_08.jpg,1,person_128,person_128,positive,0.849125
D:\biztech\preprocessed_images\person_028\img_18.jpg,D:\biztech\preprocessed_images\person_028\img_25.jpg,1,person_028,person_028,positive,0.845333
D:\biztech\preprocessed_images\person_603\img_02.jpg,D:\biztech\preprocessed_images\person_234\img_05.jpg,0,person_603,person_234,negative,0.093923
D:\biztech\preprocessed_images\person_518\img_03.jpg,D:\biztech\preprocessed_images\person_277\img_03.jpg,0,person_518,person_277,negative,0.040072
D:\biztech\preprocessed_images\person_115\img_07.jpg,D:\biztech\preprocessed_images\person_115\img_10.jpg,1,person_115,person_115,positive,0.226405
D:\biztech\preprocessed_images\person_324\img_05.jpg,D:\biztech\preprocessed_images\person_389\img_03.jpg,0,person_324,person_389,negative,-0.270159
D:\biztech\preprocessed_images\person_470\img_04.jpg,D:\biztech\preprocessed_images\person_582\img_04.jpg,0,person_470,person_582,negative,0.193103
D:\biztech\preprocessed_images\person_470\img_04.jpg,D:\biztech\preprocessed_images\person_104\img_07.jpg,0,person_470,person_104,negative,-0.084360
D:\biztech\preprocessed_images\person_371\img_02.jpg,D:\biztech\preprocessed_images\person_371\img_04.jpg,1,person_371,person_371,positive,0.592449
D:\biztech\preprocessed_images\person_229\img_02.jpg,D:\biztech\preprocessed_images\person_229\img_04.jpg,1,person_229,person_229,positive,0.854617
D:\biztech\preprocessed_images\person_081\img_14.jpg,D:\biztech\preprocessed_images\person_047\img_07.jpg,0,person_081,person_047,negative,-0.169360
D:\biztech\preprocessed_images\person_345\img_01.jpg,D:\biztech\preprocessed_images\person_512\img_03.jpg,0,person_345,person_512,negative,-0.186011
D:\biztech\preprocessed_images\person_272\img_04.jpg,D:\biztech\preprocessed_images\person_575\img_02.jpg,0,person_272,person_575,negative,-0.025165
D:\biztech\preprocessed_images\person_215\img_08.jpg,D:\biztech\preprocessed_images\person_596\img_03.jpg,0,person_215,person_596,negative,0.318069
D:\biztech\preprocessed_images\person_095\img_06.jpg,D:\biztech\preprocessed_images\person_095\img_08.jpg,1,person_095,person_095,positive,0.616592
D:\biztech\preprocessed_images\person_474\img_01.jpg,D:\biztech\preprocessed_images\person_167\img_03.jpg,0,person_474,person_167,negative,0.100949
D:\biztech\preprocessed_images\person_217\img_01.jpg,D:\biztech\preprocessed_images\person_217\img_05.jpg,1,person_217,person_217,positive,0.665655
D:\biztech\preprocessed_images\person_575\img_01.jpg,D:\biztech\preprocessed_images\person_160\img_07.jpg,0,person_575,person_160,negative,-0.093526
D:\biztech\preprocessed_images\person_605\img_02.jpg,D:\biztech\preprocessed_images\person_474\img_01.jpg,0,person_605,person_474,negative,0.169730
D:\biztech\preprocessed_images\person_374\img_01.jpg,D:\biztech\preprocessed_images\person_374\img_04.jpg,1,person_374,person_374,positive,0.316854
D:\biztech\preprocessed_images\person_045\img_08.jpg,D:\biztech\preprocessed_images\person_045\img_22.jpg,1,person_045,person_045,positive,0.854167
D:\biztech\preprocessed_images\person_224\img_05.jpg,D:\biztech\preprocessed_images\person_224\img_07.jpg,1,person_224,person_224,positive,0.644164
D:\biztech\preprocessed_images\person_167\img_01.jpg,D:\biztech\preprocessed_images\person_167\img_09.jpg,1,person_167,person_167,positive,0.564205
D:\biztech\preprocessed_images\person_100\img_05.jpg,D:\biztech\preprocessed_images\person_100\img_08.jpg,1,person_100,person_100,positive,0.254093
D:\biztech\preprocessed_images\person_225\img_02.jpg,D:\biztech\preprocessed_images\person_225\img_05.jpg,1,person_225,person_225,positive,0.534217
D:\biztech\preprocessed_images\person_277\img_02.jpg,D:\biztech\preprocessed_images\person_270\img_06.jpg,0,person_277,person_270,negative,0.221256
D:\biztech\preprocessed_images\person_297\img_01.jpg,D:\biztech\preprocessed_images\person_297\img_04.jpg,1,person_297,person_297,positive,0.682851
D:\biztech\preprocessed_images\person_033\img_16.jpg,D:\biztech\preprocessed_images\person_033\img_17.jpg,1,person_033,person_033,positive,0.933700
D:\biztech\preprocessed_images\person_271\img_02.jpg,D:\biztech\preprocessed_images\person_559\img_03.jpg,0,person_271,person_559,negative,-0.268550
D:\biztech\preprocessed_images\person_474\img_04.jpg,D:\biztech\preprocessed_images\person_272\img_03.jpg,0,person_474,person_272,negative,0.003245
D:\biztech\preprocessed_images\person_204\img_03.jpg,D:\biztech\preprocessed_images\person_204\img_07.jpg,1,person_204,person_204,positive,0.690832
D:\biztech\preprocessed_images\person_160\img_02.jpg,D:\biztech\preprocessed_images\person_160\img_08.jpg,1,person_160,person_160,positive,0.832854
D:\biztech\preprocessed_images\person_160\img_01.jpg,D:\biztech\preprocessed_images\person_082\img_14.jpg,0,person_160,person_082,negative,-0.142562
D:\biztech\preprocessed_images\person_239\img_03.jpg,D:\biztech\preprocessed_images\person_353\img_03.jpg,0,person_239,person_353,negative,-0.169942
D:\biztech\preprocessed_images\person_465\img_01.jpg,D:\biztech\preprocessed_images\person_465\img_02.jpg,1,person_465,person_465,positive,0.621299
D:\biztech\preprocessed_images\person_587\img_01.jpg,D:\biztech\preprocessed_images\person_364\img_05.jpg,0,person_587,person_364,negative,-0.149958
D:\biztech\preprocessed_images\person_047\img_05.jpg,D:\biztech\preprocessed_images\person_406\img_02.jpg,0,person_047,person_406,negative,-0.293387
D:\biztech\preprocessed_images\person_512\img_02.jpg,D:\biztech\preprocessed_images\person_128\img_03.jpg,0,person_512,person_128,negative,-0.110651
D:\biztech\preprocessed_images\person_229\img_04.jpg,D:\biztech\preprocessed_images\person_229\img_07.jpg,1,person_229,person_229,positive,0.846755
D:\biztech\preprocessed_images\person_324\img_05.jpg,D:\biztech\preprocessed_images\person_164\img_09.jpg,0,person_324,person_164,negative,0.404773
D:\biztech\preprocessed_images\person_218\img_03.jpg,D:\biztech\preprocessed_images\person_218\img_06.jpg,1,person_218,person_218,positive,0.740552
D:\biztech\preprocessed_images\person_045\img_03.jpg,D:\biztech\preprocessed_images\person_297\img_06.jpg,0,person_045,person_297,negative,-0.150588
D:\biztech\preprocessed_images\person_104\img_01.jpg,D:\biztech\preprocessed_images\person_104\img_08.jpg,1,person_104,person_104,positive,0.759533
D:\biztech\preprocessed_images\person_160\img_02.jpg,D:\biztech\preprocessed_images\person_277\img_02.jpg,0,person_160,person_277,negative,0.114978
D:\biztech\preprocessed_images\person_072\img_05.jpg,D:\biztech\preprocessed_images\person_072\img_15.jpg,1,person_072,person_072,positive,0.349444
D:\biztech\preprocessed_images\person_204\img_01.jpg,D:\biztech\preprocessed_images\person_388\img_02.jpg,0,person_204,person_388,negative,0.509051
D:\biztech\preprocessed_images\person_100\img_01.jpg,D:\biztech\preprocessed_images\person_100\img_03.jpg,1,person_100,person_100,positive,0.397945
D:\biztech\preprocessed_images\person_047\img_01.jpg,D:\biztech\preprocessed_images\person_047\img_16.jpg,1,person_047,person_047,positive,0.360541
D:\biztech\preprocessed_images\person_274\img_03.jpg,D:\biztech\preprocessed_images\person_274\img_05.jpg,1,person_274,person_274,positive,0.793183
D:\biztech\preprocessed_images\person_082\img_08.jpg,D:\biztech\preprocessed_images\person_082\img_14.jpg,1,person_082,person_082,positive,0.575799
D:\biztech\preprocessed_images\person_028\img_17.jpg,D:\biztech\preprocessed_images\person_600\img_01.jpg,0,person_028,person_600,negative,0.158303
D:\biztech\preprocessed_images\person_115\img_05.jpg,D:\biztech\preprocessed_images\person_406\img_04.jpg,0,person_115,person_406,negative,0.284512
D:\biztech\preprocessed_images\person_104\img_09.jpg,D:\biztech\preprocessed_images\person_104\img_14.jpg,1,person_104,person_104,positive,0.320470
D:\biztech\preprocessed_images\person_270\img_06.jpg,D:\biztech\preprocessed_images\person_297\img_01.jpg,0,person_270,person_297,negative,0.213000
D:\biztech\preprocessed_images\person_143\img_08.jpg,D:\biztech\preprocessed_images\person_460\img_02.jpg,0,person_143,person_460,negative,-0.021694
D:\biztech\preprocessed_images\person_100\img_06.jpg,D:\biztech\preprocessed_images\person_100\img_08.jpg,1,person_100,person_100,positive,0.400203
D:\biztech\preprocessed_images\person_587\img_01.jpg,D:\biztech\preprocessed_images\person_433\img_03.jpg,0,person_587,person_433,negative,-0.049105
D:\biztech\preprocessed_images\person_587\img_02.jpg,D:\biztech\preprocessed_images\person_176\img_07.jpg,0,person_587,person_176,negative,-0.039648
D:\biztech\preprocessed_images\person_390\img_03.jpg,D:\biztech\preprocessed_images\person_390\img_05.jpg,1,person_390,person_390,positive,0.389208
D:\biztech\preprocessed_images\person_253\img_01.jpg,D:\biztech\preprocessed_images\person_253\img_03.jpg,1,person_253,person_253,positive,0.310728
D:\biztech\preprocessed_images\person_225\img_04.jpg,D:\biztech\preprocessed_images\person_388\img_02.jpg,0,person_225,person_388,negative,-0.108099
D:\biztech\preprocessed_images\person_297\img_03.jpg,D:\biztech\preprocessed_images\person_229\img_06.jpg,0,person_297,person_229,negative,-0.268188
D:\biztech\preprocessed_images\person_215\img_04.jpg,D:\biztech\preprocessed_images\person_215\img_08.jpg,1,person_215,person_215,positive,0.939726
D:\biztech\preprocessed_images\person_028\img_01.jpg,D:\biztech\preprocessed_images\person_028\img_19.jpg,1,person_028,person_028,positive,0.864615
D:\biztech\preprocessed_images\person_474\img_01.jpg,D:\biztech\preprocessed_images\person_100\img_02.jpg,0,person_474,person_100,negative,-0.317210
D:\biztech\preprocessed_images\person_026\img_15.jpg,D:\biztech\preprocessed_images\person_026\img_19.jpg,1,person_026,person_026,positive,0.588546
D:\biztech\preprocessed_images\person_215\img_02.jpg,D:\biztech\preprocessed_images\person_215\img_08.jpg,1,person_215,person_215,positive,0.724565
D:\biztech\preprocessed_images\person_115\img_02.jpg,D:\biztech\preprocessed_images\person_115\img_11.jpg,1,person_115,person_115,positive,0.512184
D:\biztech\preprocessed_images\person_026\img_12.jpg,D:\biztech\preprocessed_images\person_026\img_16.jpg,1,person_026,person_026,positive,0.509986
D:\biztech\preprocessed_images\person_439\img_03.jpg,D:\biztech\preprocessed_images\person_470\img_02.jpg,0,person_439,person_470,negative,-0.286714
D:\biztech\preprocessed_images\person_047\img_02.jpg,D:\biztech\preprocessed_images\person_047\img_09.jpg,1,person_047,person_047,positive,0.891457
D:\biztech\preprocessed_images\person_221\img_07.jpg,D:\biztech\preprocessed_images\person_028\img_03.jpg,0,person_221,person_028,negative,-0.201484
D:\biztech\preprocessed_images\person_272\img_03.jpg,D:\biztech\preprocessed_images\person_272\img_06.jpg,1,person_272,person_272,positive,0.640180
D:\biztech\preprocessed_images\person_603\img_03.jpg,D:\biztech\preprocessed_images\person_221\img_07.jpg,0,person_603,person_221,negative,0.085177
D:\biztech\preprocessed_images\person_285\img_01.jpg,D:\biztech\preprocessed_images\person_285\img_06.jpg,1,person_285,person_285,positive,0.334775
D:\biztech\preprocessed_images\person_143\img_06.jpg,D:\biztech\preprocessed_images\person_324\img_04.jpg,0,person_143,person_324,negative,-0.292608
D:\biztech\preprocessed_images\person_559\img_04.jpg,D:\biztech\preprocessed_images\person_277\img_06.jpg,0,person_559,person_277,negative,0.546802
D:\biztech\preprocessed_images\person_225\img_02.jpg,D:\biztech\preprocessed_images\person_234\img_01.jpg,0,person_225,person_234,negative,0.227830
D:\biztech\preprocessed_images\person_218\img_02.jpg,D:\biztech\preprocessed_images\person_218\img_07.jpg,1,person_218,person_218,positive,0.744283
D:\biztech\preprocessed_images\person_368\img_03.jpg,D:\biztech\preprocessed_images\person_439\img_02.jpg,0,person_368,person_439,negative,-0.007171
D:\biztech\preprocessed_images\person_221\img_02.jpg,D:\biztech\preprocessed_images\person_090\img_11.jpg,0,person_221,person_090,negative,-0.243555
D:\biztech\preprocessed_images\person_253\img_03.jpg,D:\biztech\preprocessed_images\person_253\img_04.jpg,1,person_253,person_253,positive,0.801636
D:\biztech\preprocessed_images\person_221\img_03.jpg,D:\biztech\preprocessed_images\person_221\img_04.jpg,1,person_221,person_221,positive,0.467376
D:\biztech\preprocessed_images\person_345\img_01.jpg,D:\biztech\preprocessed_images\person_345\img_05.jpg,1,person_345,person_345,positive,0.582085
D:\biztech\preprocessed_images\person_601\img_03.jpg,D:\biztech\preprocessed_images\person_028\img_07.jpg,0,person_601,person_028,negative,-0.199524
D:\biztech\preprocessed_images\person_197\img_02.jpg,D:\biztech\preprocessed_images\person_197\img_05.jpg,1,person_197,person_197,positive,0.267780
D:\biztech\preprocessed_images\person_147\img_03.jpg,D:\biztech\preprocessed_images\person_605\img_02.jpg,0,person_147,person_605,negative,-0.292446
D:\biztech\preprocessed_images\person_582\img_01.jpg,D:\biztech\preprocessed_images\person_235\img_07.jpg,0,person_582,person_235,negative,0.074777
D:\biztech\preprocessed_images\person_349\img_04.jpg,D:\biztech\preprocessed_images\person_229\img_03.jpg,0,person_349,person_229,negative,-0.117608
D:\biztech\preprocessed_images\person_028\img_05.jpg,D:\biztech\preprocessed_images\person_028\img_10.jpg,1,person_028,person_028,positive,0.791903
D:\biztech\preprocessed_images\person_234\img_01.jpg,D:\biztech\preprocessed_images\person_282\img_06.jpg,0,person_234,person_282,negative,0.488232
D:\biztech\preprocessed_images\person_218\img_06.jpg,D:\biztech\preprocessed_images\person_349\img_04.jpg,0,person_218,person_349,negative,0.020025
D:\biztech\preprocessed_images\person_470\img_03.jpg,D:\biztech\preprocessed_images\person_470\img_04.jpg,1,person_470,person_470,positive,0.247214
D:\biztech\preprocessed_images\person_074\img_01.jpg,D:\biztech\preprocessed_images\person_074\img_08.jpg,1,person_074,person_074,positive,0.747003
D:\biztech\preprocessed_images\person_081\img_01.jpg,D:\biztech\preprocessed_images\person_081\img_13.jpg,1,person_081,person_081,positive,0.537532
D:\biztech\preprocessed_images\person_168\img_06.jpg,D:\biztech\preprocessed_images\person_168\img_09.jpg,1,person_168,person_168,positive,0.079257
D:\biztech\preprocessed_images\person_389\img_01.jpg,D:\biztech\preprocessed_images\person_234\img_06.jpg,0,person_389,person_234,negative,-0.176713
D:\biztech\preprocessed_images\person_217\img_03.jpg,D:\biztech\preprocessed_images\person_217\img_07.jpg,1,person_217,person_217,positive,0.725813
D:\biztech\preprocessed_images\person_215\img_04.jpg,D:\biztech\preprocessed_images\person_604\img_02.jpg,0,person_215,person_604,negative,-0.029179
D:\biztech\preprocessed_images\person_168\img_01.jpg,D:\biztech\preprocessed_images\person_333\img_02.jpg,0,person_168,person_333,negative,-0.071068
D:\biztech\preprocessed_images\person_297\img_03.jpg,D:\biztech\preprocessed_images\person_297\img_06.jpg,1,person_297,person_297,positive,0.538443
D:\biztech\preprocessed_images\person_285\img_02.jpg,D:\biztech\preprocessed_images\person_603\img_04.jpg,0,person_285,person_603,negative,0.259932
D:\biztech\preprocessed_images\person_604\img_03.jpg,D:\biztech\preprocessed_images\person_601\img_04.jpg,0,person_604,person_601,negative,-0.099523
D:\biztech\preprocessed_images\person_128\img_08.jpg,D:\biztech\preprocessed_images\person_168\img_02.jpg,0,person_128,person_168,negative,-0.069470
D:\biztech\preprocessed_images\person_115\img_12.jpg,D:\biztech\preprocessed_images\person_345\img_01.jpg,0,person_115,person_345,negative,-0.163722
D:\biztech\preprocessed_images\person_095\img_08.jpg,D:\biztech\preprocessed_images\person_095\img_09.jpg,1,person_095,person_095,positive,0.206019
D:\biztech\preprocessed_images\person_430\img_03.jpg,D:\biztech\preprocessed_images\person_390\img_01.jpg,0,person_430,person_390,negative,0.055541
D:\biztech\preprocessed_images\person_587\img_04.jpg,D:\biztech\preprocessed_images\person_353\img_04.jpg,0,person_587,person_353,negative,0.346212
D:\biztech\preprocessed_images\person_026\img_07.jpg,D:\biztech\preprocessed_images\person_026\img_25.jpg,1,person_026,person_026,positive,0.628164
D:\biztech\preprocessed_images\person_277\img_01.jpg,D:\biztech\preprocessed_images\person_345\img_03.jpg,0,person_277,person_345,negative,-0.139080
D:\biztech\preprocessed_images\person_095\img_05.jpg,D:\biztech\preprocessed_images\person_095\img_11.jpg,1,person_095,person_095,positive,0.390197
D:\biztech\preprocessed_images\person_607\img_03.jpg,D:\biztech\preprocessed_images\person_031\img_11.jpg,0,person_607,person_031,negative,-0.022721
D:\biztech\preprocessed_images\person_406\img_03.jpg,D:\biztech\preprocessed_images\person_406\img_05.jpg,1,person_406,person_406,positive,0.802695
D:\biztech\preprocessed_images\person_217\img_06.jpg,D:\biztech\preprocessed_images\person_364\img_01.jpg,0,person_217,person_364,negative,-0.037579
D:\biztech\preprocessed_images\person_197\img_05.jpg,D:\biztech\preprocessed_images\person_433\img_02.jpg,0,person_197,person_433,negative,-0.002993
D:\biztech\preprocessed_images\person_604\img_03.jpg,D:\biztech\preprocessed_images\person_607\img_02.jpg,0,person_604,person_607,negative,-0.169024
D:\biztech\preprocessed_images\person_081\img_03.jpg,D:\biztech\preprocessed_images\person_081\img_16.jpg,1,person_081,person_081,positive,0.759560
D:\biztech\preprocessed_images\person_575\img_02.jpg,D:\biztech\preprocessed_images\person_128\img_07.jpg,0,person_575,person_128,negative,0.182950
D:\biztech\preprocessed_images\person_433\img_01.jpg,D:\biztech\preprocessed_images\person_235\img_04.jpg,0,person_433,person_235,negative,-0.182382
D:\biztech\preprocessed_images\person_371\img_03.jpg,D:\biztech\preprocessed_images\person_374\img_02.jpg,0,person_371,person_374,negative,0.210515
D:\biztech\preprocessed_images\person_471\img_03.jpg,D:\biztech\preprocessed_images\person_068\img_10.jpg,0,person_471,person_068,negative,0.036269
D:\biztech\preprocessed_images\person_167\img_02.jpg,D:\biztech\preprocessed_images\person_380\img_04.jpg,0,person_167,person_380,negative,0.057240
D:\biztech\preprocessed_images\person_074\img_16.jpg,D:\biztech\preprocessed_images\person_582\img_04.jpg,0,person_074,person_582,negative,0.300166
D:\biztech\preprocessed_images\person_072\img_09.jpg,D:\biztech\preprocessed_images\person_271\img_02.jpg,0,person_072,person_271,negative,-0.283171
D:\biztech\preprocessed_images\person_460\img_04.jpg,D:\biztech\preprocessed_images\person_368\img_03.jpg,0,person_460,person_368,negative,-0.021471
D:\biztech\preprocessed_images\person_270\img_01.jpg,D:\biztech\preprocessed_images\person_270\img_04.jpg,1,person_270,person_270,positive,0.565352
D:\biztech\preprocessed_images\person_164\img_03.jpg,D:\biztech\preprocessed_images\person_164\img_05.jpg,1,person_164,person_164,positive,0.783916
D:\biztech\preprocessed_images\person_147\img_10.jpg,D:\biztech\preprocessed_images\person_600\img_02.jpg,0,person_147,person_600,negative,0.091448
D:\biztech\preprocessed_images\person_518\img_01.jpg,D:\biztech\preprocessed_images\person_518\img_04.jpg,1,person_518,person_518,positive,0.579974
D:\biztech\preprocessed_images\person_576\img_01.jpg,D:\biztech\preprocessed_images\person_576\img_03.jpg,1,person_576,person_576,positive,0.728444
D:\biztech\preprocessed_images\person_430\img_03.jpg,D:\biztech\preprocessed_images\person_559\img_02.jpg,0,person_430,person_559,negative,-0.140289
D:\biztech\preprocessed_images\person_074\img_02.jpg,D:\biztech\preprocessed_images\person_074\img_09.jpg,1,person_074,person_074,positive,0.687201
D:\biztech\preprocessed_images\person_096\img_02.jpg,D:\biztech\preprocessed_images\person_096\img_05.jpg,1,person_096,person_096,positive,0.085662
D:\biztech\preprocessed_images\person_512\img_03.jpg,D:\biztech\preprocessed_images\person_345\img_02.jpg,0,person_512,person_345,negative,-0.170308
D:\biztech\preprocessed_images\person_007\img_58.jpg,D:\biztech\preprocessed_images\person_007\img_60.jpg,1,person_007,person_007,positive,-0.081958
D:\biztech\preprocessed_images\person_176\img_01.jpg,D:\biztech\preprocessed_images\person_277\img_02.jpg,0,person_176,person_277,negative,-0.288452
D:\biztech\preprocessed_images\person_235\img_03.jpg,D:\biztech\preprocessed_images\person_235\img_04.jpg,1,person_235,person_235,positive,0.752394
D:\biztech\preprocessed_images\person_033\img_08.jpg,D:\biztech\preprocessed_images\person_033\img_11.jpg,1,person_033,person_033,positive,0.264267
D:\biztech\preprocessed_images\person_388\img_04.jpg,D:\biztech\preprocessed_images\person_388\img_05.jpg,1,person_388,person_388,positive,0.669407
D:\biztech\preprocessed_images\person_251\img_04.jpg,D:\biztech\preprocessed_images\person_251\img_07.jpg,1,person_251,person_251,positive,0.580526
D:\biztech\preprocessed_images\person_047\img_12.jpg,D:\biztech\preprocessed_images\person_596\img_01.jpg,0,person_047,person_596,negative,-0.061712
D:\biztech\preprocessed_images\person_470\img_01.jpg,D:\biztech\preprocessed_images\person_470\img_03.jpg,1,person_470,person_470,positive,0.531467
D:\biztech\preprocessed_images\person_164\img_05.jpg,D:\biztech\preprocessed_images\person_353\img_05.jpg,0,person_164,person_353,negative,0.237352
D:\biztech\preprocessed_images\person_031\img_18.jpg,D:\biztech\preprocessed_images\person_604\img_02.jpg,0,person_031,person_604,negative,-0.151559
D:\biztech\preprocessed_images\person_271\img_02.jpg,D:\biztech\preprocessed_images\person_045\img_21.jpg,0,person_271,person_045,negative,-0.172204
D:\biztech\preprocessed_images\person_033\img_06.jpg,D:\biztech\preprocessed_images\person_033\img_30.jpg,1,person_033,person_033,positive,0.891873
D:\biztech\preprocessed_images\person_368\img_01.jpg,D:\biztech\preprocessed_images\person_368\img_03.jpg,1,person_368,person_368,positive,0.561416
D:\biztech\preprocessed_images\person_253\img_01.jpg,D:\biztech\preprocessed_images\person_100\img_08.jpg,0,person_253,person_100,negative,-0.065730
D:\biztech\preprocessed_images\person_204\img_04.jpg,D:\biztech\preprocessed_images\person_204\img_08.jpg,1,person_204,person_204,positive,0.791371
D:\biztech\preprocessed_images\person_218\img_07.jpg,D:\biztech\preprocessed_images\person_380\img_04.jpg,0,person_218,person_380,negative,-0.216502
D:\biztech\preprocessed_images\person_045\img_23.jpg,D:\biztech\preprocessed_images\person_433\img_04.jpg,0,person_045,person_433,negative,-0.254892
D:\biztech\preprocessed_images\person_380\img_02.jpg,D:\biztech\preprocessed_images\person_411\img_01.jpg,0,person_380,person_411,negative,-0.044722
D:\biztech\preprocessed_images\person_217\img_03.jpg,D:\biztech\preprocessed_images\person_217\img_06.jpg,1,person_217,person_217,positive,0.860726
D:\biztech\preprocessed_images\person_271\img_02.jpg,D:\biztech\preprocessed_images\person_271\img_05.jpg,1,person_271,person_271,positive,0.544578
D:\biztech\preprocessed_images\person_128\img_03.jpg,D:\biztech\preprocessed_images\person_128\img_05.jpg,1,person_128,person_128,positive,0.598823
D:\biztech\preprocessed_images\person_474\img_02.jpg,D:\biztech\preprocessed_images\person_168\img_04.jpg,0,person_474,person_168,negative,-0.109149
D:\biztech\preprocessed_images\person_253\img_06.jpg,D:\biztech\preprocessed_images\person_031\img_17.jpg,0,person_253,person_031,negative,-0.010752
D:\biztech\preprocessed_images\person_324\img_05.jpg,D:\biztech\preprocessed_images\person_082\img_11.jpg,0,person_324,person_082,negative,0.033543
D:\biztech\preprocessed_images\person_104\img_02.jpg,D:\biztech\preprocessed_images\person_217\img_02.jpg,0,person_104,person_217,negative,0.161935
D:\biztech\preprocessed_images\person_550\img_02.jpg,D:\biztech\preprocessed_images\person_550\img_04.jpg,1,person_550,person_550,positive,0.756071
D:\biztech\preprocessed_images\person_143\img_04.jpg,D:\biztech\preprocessed_images\person_100\img_10.jpg,0,person_143,person_100,negative,0.211337
D:\biztech\preprocessed_images\person_033\img_04.jpg,D:\biztech\preprocessed_images\person_033\img_11.jpg,1,person_033,person_033,positive,0.879517
D:\biztech\preprocessed_images\person_601\img_04.jpg,D:\biztech\preprocessed_images\person_072\img_08.jpg,0,person_601,person_072,negative,0.233587
D:\biztech\preprocessed_images\person_550\img_04.jpg,D:\biztech\preprocessed_images\person_058\img_12.jpg,0,person_550,person_058,negative,0.478602
D:\biztech\preprocessed_images\person_225\img_03.jpg,D:\biztech\preprocessed_images\person_225\img_04.jpg,1,person_225,person_225,positive,0.794784
D:\biztech\preprocessed_images\person_074\img_15.jpg,D:\biztech\preprocessed_images\person_253\img_03.jpg,0,person_074,person_253,negative,0.026126
D:\biztech\preprocessed_images\person_068\img_04.jpg,D:\biztech\preprocessed_images\person_068\img_10.jpg,1,person_068,person_068,positive,0.701171
D:\biztech\preprocessed_images\person_353\img_01.jpg,D:\biztech\preprocessed_images\person_518\img_04.jpg,0,person_353,person_518,negative,-0.004016
D:\biztech\preprocessed_images\person_031\img_08.jpg,D:\biztech\preprocessed_images\person_031\img_21.jpg,1,person_031,person_031,positive,0.608115
D:\biztech\preprocessed_images\person_082\img_11.jpg,D:\biztech\preprocessed_images\person_411\img_02.jpg,0,person_082,person_411,negative,0.089659
D:\biztech\preprocessed_images\person_275\img_05.jpg,D:\biztech\preprocessed_images\person_033\img_25.jpg,0,person_275,person_033,negative,0.226642
D:\biztech\preprocessed_images\person_168\img_01.jpg,D:\biztech\preprocessed_images\person_168\img_07.jpg,1,person_168,person_168,positive,0.555079
D:\biztech\preprocessed_images\person_104\img_01.jpg,D:\biztech\preprocessed_images\person_104\img_04.jpg,1,person_104,person_104,positive,0.698151
D:\biztech\preprocessed_images\person_081\img_03.jpg,D:\biztech\preprocessed_images\person_095\img_15.jpg,0,person_081,person_095,negative,0.106970
D:\biztech\preprocessed_images\person_406\img_05.jpg,D:\biztech\preprocessed_images\person_218\img_05.jpg,0,person_406,person_218,negative,0.071384
D:\biztech\preprocessed_images\person_272\img_05.jpg,D:\biztech\preprocessed_images\person_587\img_02.jpg,0,person_272,person_587,negative,0.069457
D:\biztech\preprocessed_images\person_115\img_05.jpg,D:\biztech\preprocessed_images\person_460\img_01.jpg,0,person_115,person_460,negative,0.344430
D:\biztech\preprocessed_images\person_033\img_11.jpg,D:\biztech\preprocessed_images\person_033\img_22.jpg,1,person_033,person_033,positive,0.205953
D:\biztech\preprocessed_images\person_411\img_01.jpg,D:\biztech\preprocessed_images\person_147\img_10.jpg,0,person_411,person_147,negative,0.027821
D:\biztech\preprocessed_images\person_033\img_18.jpg,D:\biztech\preprocessed_images\person_033\img_28.jpg,1,person_033,person_033,positive,0.710937
D:\biztech\preprocessed_images\person_282\img_01.jpg,D:\biztech\preprocessed_images\person_282\img_02.jpg,1,person_282,person_282,positive,0.337685
D:\biztech\preprocessed_images\person_028\img_01.jpg,D:\biztech\preprocessed_images\person_282\img_05.jpg,0,person_028,person_282,negative,-0.055274
D:\biztech\preprocessed_images\person_176\img_07.jpg,D:\biztech\preprocessed_images\person_082\img_16.jpg,0,person_176,person_082,negative,-0.055096
D:\biztech\preprocessed_images\person_068\img_02.jpg,D:\biztech\preprocessed_images\person_068\img_07.jpg,1,person_068,person_068,positive,0.298530
D:\biztech\preprocessed_images\person_439\img_03.jpg,D:\biztech\preprocessed_images\person_439\img_04.jpg,1,person_439,person_439,positive,0.824621
D:\biztech\preprocessed_images\person_605\img_04.jpg,D:\biztech\preprocessed_images\person_471\img_02.jpg,0,person_605,person_471,negative,-0.206225
D:\biztech\preprocessed_images\person_368\img_02.jpg,D:\biztech\preprocessed_images\person_411\img_05.jpg,0,person_368,person_411,negative,0.102665
D:\biztech\preprocessed_images\person_217\img_05.jpg,D:\biztech\preprocessed_images\person_601\img_03.jpg,0,person_217,person_601,negative,0.070491
D:\biztech\preprocessed_images\person_072\img_06.jpg,D:\biztech\preprocessed_images\person_072\img_10.jpg,1,person_072,person_072,positive,0.645492
D:\biztech\preprocessed_images\person_105\img_01.jpg,D:\biztech\preprocessed_images\person_105\img_09.jpg,1,person_105,person_105,positive,0.096414
D:\biztech\preprocessed_images\person_074\img_08.jpg,D:\biztech\preprocessed_images\person_074\img_17.jpg,1,person_074,person_074,positive,0.747328
D:\biztech\preprocessed_images\person_026\img_05.jpg,D:\biztech\preprocessed_images\person_026\img_32.jpg,1,person_026,person_026,positive,0.582028
D:\biztech\preprocessed_images\person_115\img_03.jpg,D:\biztech\preprocessed_images\person_115\img_07.jpg,1,person_115,person_115,positive,0.480648
D:\biztech\preprocessed_images\person_234\img_04.jpg,D:\biztech\preprocessed_images\person_234\img_07.jpg,1,person_234,person_234,positive,0.568192
D:\biztech\preprocessed_images\person_323\img_02.jpg,D:\biztech\preprocessed_images\person_226\img_06.jpg,0,person_323,person_226,negative,0.216764
D:\biztech\preprocessed_images\person_047\img_02.jpg,D:\biztech\preprocessed_images\person_047\img_20.jpg,1,person_047,person_047,positive,0.399014
D:\biztech\preprocessed_images\person_225\img_03.jpg,D:\biztech\preprocessed_images\person_512\img_02.jpg,0,person_225,person_512,negative,0.343577
D:\biztech\preprocessed_images\person_197\img_02.jpg,D:\biztech\preprocessed_images\person_275\img_05.jpg,0,person_197,person_275,negative,0.015317
D:\biztech\preprocessed_images\person_082\img_12.jpg,D:\biztech\preprocessed_images\person_082\img_15.jpg,1,person_082,person_082,positive,0.800180
D:\biztech\preprocessed_images\person_081\img_02.jpg,D:\biztech\preprocessed_images\person_068\img_13.jpg,0,person_081,person_068,negative,-0.023174
D:\biztech\preprocessed_images\person_582\img_03.jpg,D:\biztech\preprocessed_images\person_031\img_22.jpg,0,person_582,person_031,negative,-0.042550
D:\biztech\preprocessed_images\person_349\img_01.jpg,D:\biztech\preprocessed_images\person_349\img_02.jpg,1,person_349,person_349,positive,0.586413
D:\biztech\preprocessed_images\person_095\img_14.jpg,D:\biztech\preprocessed_images\person_058\img_18.jpg,0,person_095,person_058,negative,-0.250549
D:\biztech\preprocessed_images\person_082\img_07.jpg,D:\biztech\preprocessed_images\person_576\img_02.jpg,0,person_082,person_576,negative,0.364071
D:\biztech\preprocessed_images\person_047\img_01.jpg,D:\biztech\preprocessed_images\person_047\img_07.jpg,1,person_047,person_047,positive,0.733038
D:\biztech\preprocessed_images\person_224\img_03.jpg,D:\biztech\preprocessed_images\person_406\img_03.jpg,0,person_224,person_406,negative,-0.177846
D:\biztech\preprocessed_images\person_090\img_05.jpg,D:\biztech\preprocessed_images\person_090\img_07.jpg,1,person_090,person_090,positive,0.680404
D:\biztech\preprocessed_images\person_028\img_01.jpg,D:\biztech\preprocessed_images\person_028\img_26.jpg,1,person_028,person_028,positive,0.874283
D:\biztech\preprocessed_images\person_277\img_02.jpg,D:\biztech\preprocessed_images\person_277\img_04.jpg,1,person_277,person_277,positive,0.807542
D:\biztech\preprocessed_images\person_364\img_03.jpg,D:\biztech\preprocessed_images\person_364\img_04.jpg,1,person_364,person_364,positive,0.514915
D:\biztech\preprocessed_images\person_389\img_02.jpg,D:\biztech\preprocessed_images\person_389\img_04.jpg,1,person_389,person_389,positive,0.755473
D:\biztech\preprocessed_images\person_160\img_08.jpg,D:\biztech\preprocessed_images\person_115\img_03.jpg,0,person_160,person_115,negative,-0.040047
D:\biztech\preprocessed_images\person_607\img_01.jpg,D:\biztech\preprocessed_images\person_587\img_02.jpg,0,person_607,person_587,negative,0.335137
D:\biztech\preprocessed_images\person_603\img_01.jpg,D:\biztech\preprocessed_images\person_031\img_17.jpg,0,person_603,person_031,negative,-0.170460
D:\biztech\preprocessed_images\person_596\img_04.jpg,D:\biztech\preprocessed_images\person_217\img_02.jpg,0,person_596,person_217,negative,0.127012
D:\biztech\preprocessed_images\person_275\img_06.jpg,D:\biztech\preprocessed_images\person_460\img_03.jpg,0,person_275,person_460,negative,-0.223284
D:\biztech\preprocessed_images\person_031\img_12.jpg,D:\biztech\preprocessed_images\person_596\img_04.jpg,0,person_031,person_596,negative,0.003293
D:\biztech\preprocessed_images\person_474\img_02.jpg,D:\biztech\preprocessed_images\person_439\img_02.jpg,0,person_474,person_439,negative,0.518534
D:\biztech\preprocessed_images\person_095\img_12.jpg,D:\biztech\preprocessed_images\person_297\img_01.jpg,0,person_095,person_297,negative,0.477170
D:\biztech\preprocessed_images\person_160\img_05.jpg,D:\biztech\preprocessed_images\person_160\img_07.jpg,1,person_160,person_160,positive,0.781883
D:\biztech\preprocessed_images\person_465\img_03.jpg,D:\biztech\preprocessed_images\person_604\img_01.jpg,0,person_465,person_604,negative,0.047034
D:\biztech\preprocessed_images\person_068\img_03.jpg,D:\biztech\preprocessed_images\person_068\img_10.jpg,1,person_068,person_068,positive,0.344004
D:\biztech\preprocessed_images\person_253\img_03.jpg,D:\biztech\preprocessed_images\person_253\img_07.jpg,1,person_253,person_253,positive,0.692854
D:\biztech\preprocessed_images\person_368\img_01.jpg,D:\biztech\preprocessed_images\person_368\img_05.jpg,1,person_368,person_368,positive,0.422743
D:\biztech\preprocessed_images\person_128\img_11.jpg,D:\biztech\preprocessed_images\person_575\img_04.jpg,0,person_128,person_575,negative,-0.070575
D:\biztech\preprocessed_images\person_239\img_04.jpg,D:\biztech\preprocessed_images\person_239\img_06.jpg,1,person_239,person_239,positive,0.414736
D:\biztech\preprocessed_images\person_323\img_05.jpg,D:\biztech\preprocessed_images\person_345\img_01.jpg,0,person_323,person_345,negative,0.040124
D:\biztech\preprocessed_images\person_168\img_02.jpg,D:\biztech\preprocessed_images\person_168\img_08.jpg,1,person_168,person_168,positive,0.339980
D:\biztech\preprocessed_images\person_282\img_01.jpg,D:\biztech\preprocessed_images\person_282\img_03.jpg,1,person_282,person_282,positive,0.461736
D:\biztech\preprocessed_images\person_226\img_06.jpg,D:\biztech\preprocessed_images\person_226\img_07.jpg,1,person_226,person_226,positive,0.664537
D:\biztech\preprocessed_images\person_007\img_16.jpg,D:\biztech\preprocessed_images\person_007\img_27.jpg,1,person_007,person_007,positive,0.762107
D:\biztech\preprocessed_images\person_100\img_01.jpg,D:\biztech\preprocessed_images\person_550\img_01.jpg,0,person_100,person_550,negative,-0.008716
D:\biztech\preprocessed_images\person_164\img_08.jpg,D:\biztech\preprocessed_images\person_164\img_09.jpg,1,person_164,person_164,positive,0.699058
D:\biztech\preprocessed_images\person_047\img_03.jpg,D:\biztech\preprocessed_images\person_047\img_23.jpg,1,person_047,person_047,positive,0.636925
D:\biztech\preprocessed_images\person_204\img_02.jpg,D:\biztech\preprocessed_images\person_204\img_05.jpg,1,person_204,person_204,positive,0.261721
D:\biztech\preprocessed_images\person_253\img_03.jpg,D:\biztech\preprocessed_images\person_285\img_01.jpg,0,person_253,person_285,negative,0.009504
D:\biztech\preprocessed_images\person_164\img_01.jpg,D:\biztech\preprocessed_images\person_164\img_08.jpg,1,person_164,person_164,positive,0.719277
D:\biztech\preprocessed_images\person_204\img_07.jpg,D:\biztech\preprocessed_images\person_204\img_08.jpg,1,person_204,person_204,positive,0.613448
D:\biztech\preprocessed_images\person_474\img_02.jpg,D:\biztech\preprocessed_images\person_474\img_04.jpg,1,person_474,person_474,positive,0.504496
D:\biztech\preprocessed_images\person_197\img_07.jpg,D:\biztech\preprocessed_images\person_090\img_13.jpg,0,person_197,person_090,negative,-0.217402
D:\biztech\preprocessed_images\person_204\img_05.jpg,D:\biztech\preprocessed_images\person_253\img_02.jpg,0,person_204,person_253,negative,-0.322091
D:\biztech\preprocessed_images\person_167\img_03.jpg,D:\biztech\preprocessed_images\person_033\img_03.jpg,0,person_167,person_033,negative,0.057589
D:\biztech\preprocessed_images\person_550\img_01.jpg,D:\biztech\preprocessed_images\person_550\img_02.jpg,1,person_550,person_550,positive,0.770675
D:\biztech\preprocessed_images\person_474\img_03.jpg,D:\biztech\preprocessed_images\person_433\img_01.jpg,0,person_474,person_433,negative,-0.102350
D:\biztech\preprocessed_images\person_072\img_07.jpg,D:\biztech\preprocessed_images\person_028\img_08.jpg,0,person_072,person_028,negative,-0.262963
D:\biztech\preprocessed_images\person_168\img_07.jpg,D:\biztech\preprocessed_images\person_285\img_06.jpg,0,person_168,person_285,negative,-0.157698
D:\biztech\preprocessed_images\person_090\img_06.jpg,D:\biztech\preprocessed_images\person_090\img_12.jpg,1,person_090,person_090,positive,0.623083
D:\biztech\preprocessed_images\person_368\img_03.jpg,D:\biztech\preprocessed_images\person_576\img_03.jpg,0,person_368,person_576,negative,0.083653
D:\biztech\preprocessed_images\person_512\img_04.jpg,D:\biztech\preprocessed_images\person_282\img_05.jpg,0,person_512,person_282,negative,-0.242813
D:\biztech\preprocessed_images\person_105\img_01.jpg,D:\biztech\preprocessed_images\person_105\img_08.jpg,1,person_105,person_105,positive,0.339333
D:\biztech\preprocessed_images\person_204\img_01.jpg,D:\biztech\preprocessed_images\person_204\img_07.jpg,1,person_204,person_204,positive,0.739708
D:\biztech\preprocessed_images\person_045\img_21.jpg,D:\biztech\preprocessed_images\person_045\img_23.jpg,1,person_045,person_045,positive,0.397668
D:\biztech\preprocessed_images\person_270\img_06.jpg,D:\biztech\preprocessed_images\person_353\img_02.jpg,0,person_270,person_353,negative,0.185968
D:\biztech\preprocessed_images\person_274\img_03.jpg,D:\biztech\preprocessed_images\person_234\img_03.jpg,0,person_274,person_234,negative,0.035038
D:\biztech\preprocessed_images\person_218\img_04.jpg,D:\biztech\preprocessed_images\person_218\img_07.jpg,1,person_218,person_218,positive,0.836751
D:\biztech\preprocessed_images\person_323\img_04.jpg,D:\biztech\preprocessed_images\person_045\img_17.jpg,0,person_323,person_045,negative,-0.214117
D:\biztech\preprocessed_images\person_168\img_01.jpg,D:\biztech\preprocessed_images\person_090\img_06.jpg,0,person_168,person_090,negative,-0.130522
D:\biztech\preprocessed_images\person_364\img_04.jpg,D:\biztech\preprocessed_images\person_389\img_02.jpg,0,person_364,person_389,negative,-0.164141
D:\biztech\preprocessed_images\person_388\img_01.jpg,D:\biztech\preprocessed_images\person_368\img_02.jpg,0,person_388,person_368,negative,-0.043918
D:\biztech\preprocessed_images\person_235\img_02.jpg,D:\biztech\preprocessed_images\person_235\img_04.jpg,1,person_235,person_235,positive,0.921668
D:\biztech\preprocessed_images\person_115\img_12.jpg,D:\biztech\preprocessed_images\person_128\img_07.jpg,0,person_115,person_128,negative,0.070698
D:\biztech\preprocessed_images\person_271\img_04.jpg,D:\biztech\preprocessed_images\person_221\img_05.jpg,0,person_271,person_221,negative,-0.058884
D:\biztech\preprocessed_images\person_147\img_01.jpg,D:\biztech\preprocessed_images\person_275\img_05.jpg,0,person_147,person_275,negative,-0.206463
D:\biztech\preprocessed_images\person_090\img_12.jpg,D:\biztech\preprocessed_images\person_221\img_07.jpg,0,person_090,person_221,negative,-0.076768
D:\biztech\preprocessed_images\person_164\img_04.jpg,D:\biztech\preprocessed_images\person_007\img_62.jpg,0,person_164,person_007,negative,0.211179
D:\biztech\preprocessed_images\person_285\img_01.jpg,D:\biztech\preprocessed_images\person_285\img_02.jpg,1,person_285,person_285,positive,0.536786
D:\biztech\preprocessed_images\person_028\img_01.jpg,D:\biztech\preprocessed_images\person_028\img_29.jpg,1,person_028,person_028,positive,0.866613
D:\biztech\preprocessed_images\person_353\img_05.jpg,D:\biztech\preprocessed_images\person_204\img_05.jpg,0,person_353,person_204,negative,0.107979
D:\biztech\preprocessed_images\person_607\img_04.jpg,D:\biztech\preprocessed_images\person_225\img_07.jpg,0,person_607,person_225,negative,0.115352
D:\biztech\preprocessed_images\person_251\img_04.jpg,D:\biztech\preprocessed_images\person_251\img_06.jpg,1,person_251,person_251,positive,0.376593
D:\biztech\preprocessed_images\person_270\img_04.jpg,D:\biztech\preprocessed_images\person_270\img_05.jpg,1,person_270,person_270,positive,0.686144
D:\biztech\preprocessed_images\person_229\img_06.jpg,D:\biztech\preprocessed_images\person_229\img_07.jpg,1,person_229,person_229,positive,0.734668
D:\biztech\preprocessed_images\person_026\img_22.jpg,D:\biztech\preprocessed_images\person_026\img_26.jpg,1,person_026,person_026,positive,0.742208
D:\biztech\preprocessed_images\person_095\img_14.jpg,D:\biztech\preprocessed_images\person_095\img_15.jpg,1,person_095,person_095,positive,0.626097
D:\biztech\preprocessed_images\person_218\img_02.jpg,D:\biztech\preprocessed_images\person_028\img_07.jpg,0,person_218,person_028,negative,0.508470
D:\biztech\preprocessed_images\person_323\img_05.jpg,D:\biztech\preprocessed_images\person_147\img_03.jpg,0,person_323,person_147,negative,0.096160
D:\biztech\preprocessed_images\person_582\img_04.jpg,D:\biztech\preprocessed_images\person_324\img_04.jpg,0,person_582,person_324,negative,0.202986
D:\biztech\preprocessed_images\person_430\img_02.jpg,D:\biztech\preprocessed_images\person_430\img_04.jpg,1,person_430,person_430,positive,0.832398
D:\biztech\preprocessed_images\person_374\img_03.jpg,D:\biztech\preprocessed_images\person_411\img_01.jpg,0,person_374,person_411,negative,0.463841
D:\biztech\preprocessed_images\person_081\img_01.jpg,D:\biztech\preprocessed_images\person_081\img_17.jpg,1,person_081,person_081,positive,0.592553
D:\biztech\preprocessed_images\person_272\img_02.jpg,D:\biztech\preprocessed_images\person_272\img_05.jpg,1,person_272,person_272,positive,0.803247
D:\biztech\preprocessed_images\person_047\img_16.jpg,D:\biztech\preprocessed_images\person_047\img_21.jpg,1,person_047,person_047,positive,0.572932
D:\biztech\preprocessed_images\person_234\img_06.jpg,D:\biztech\preprocessed_images\person_234\img_07.jpg,1,person_234,person_234,positive,0.361548
D:\biztech\preprocessed_images\person_229\img_07.jpg,D:\biztech\preprocessed_images\person_349\img_04.jpg,0,person_229,person_349,negative,-0.009627
D:\biztech\preprocessed_images\person_282\img_06.jpg,D:\biztech\preprocessed_images\person_275\img_05.jpg,0,person_282,person_275,negative,0.065953
D:\biztech\preprocessed_images\person_031\img_08.jpg,D:\biztech\preprocessed_images\person_031\img_11.jpg,1,person_031,person_031,positive,0.709870
D:\biztech\preprocessed_images\person_176\img_01.jpg,D:\biztech\preprocessed_images\person_176\img_06.jpg,1,person_176,person_176,positive,0.737604
D:\biztech\preprocessed_images\person_176\img_07.jpg,D:\biztech\preprocessed_images\person_176\img_09.jpg,1,person_176,person_176,positive,0.839877
D:\biztech\preprocessed_images\person_518\img_04.jpg,D:\biztech\preprocessed_images\person_371\img_05.jpg,0,person_518,person_371,negative,-0.495489
D:\biztech\preprocessed_images\person_090\img_13.jpg,D:\biztech\preprocessed_images\person_601\img_02.jpg,0,person_090,person_601,negative,0.081705
D:\biztech\preprocessed_images\person_389\img_01.jpg,D:\biztech\preprocessed_images\person_389\img_02.jpg,1,person_389,person_389,positive,0.671853
D:\biztech\preprocessed_images\person_090\img_03.jpg,D:\biztech\preprocessed_images\person_090\img_11.jpg,1,person_090,person_090,positive,0.566902
D:\biztech\preprocessed_images\person_388\img_04.jpg,D:\biztech\preprocessed_images\person_176\img_02.jpg,0,person_388,person_176,negative,-0.098227
D:\biztech\preprocessed_images\person_433\img_02.jpg,D:\biztech\preprocessed_images\person_433\img_03.jpg,1,person_433,person_433,positive,0.897215
D:\biztech\preprocessed_images\person_388\img_01.jpg,D:\biztech\preprocessed_images\person_388\img_03.jpg,1,person_388,person_388,positive,0.840137
D:\biztech\preprocessed_images\person_082\img_05.jpg,D:\biztech\preprocessed_images\person_082\img_15.jpg,1,person_082,person_082,positive,0.853631
D:\biztech\preprocessed_images\person_389\img_03.jpg,D:\biztech\preprocessed_images\person_026\img_02.jpg,0,person_389,person_026,negative,0.006110
D:\biztech\preprocessed_images\person_176\img_05.jpg,D:\biztech\preprocessed_images\person_176\img_08.jpg,1,person_176,person_176,positive,0.643821
D:\biztech\preprocessed_images\person_026\img_02.jpg,D:\biztech\preprocessed_images\person_026\img_21.jpg,1,person_026,person_026,positive,0.649061
D:\biztech\preprocessed_images\person_575\img_02.jpg,D:\biztech\preprocessed_images\person_575\img_03.jpg,1,person_575,person_575,positive,0.783752
D:\biztech\preprocessed_images\person_271\img_02.jpg,D:\biztech\preprocessed_images\person_271\img_03.jpg,1,person_271,person_271,positive,0.515747
D:\biztech\preprocessed_images\person_215\img_06.jpg,D:\biztech\preprocessed_images\person_470\img_01.jpg,0,person_215,person_470,negative,-0.085167
D:\biztech\preprocessed_images\person_204\img_03.jpg,D:\biztech\preprocessed_images\person_081\img_11.jpg,0,person_204,person_081,negative,-0.192069
D:\biztech\preprocessed_images\person_047\img_17.jpg,D:\biztech\preprocessed_images\person_047\img_20.jpg,1,person_047,person_047,positive,0.356377
D:\biztech\preprocessed_images\person_604\img_01.jpg,D:\biztech\preprocessed_images\person_323\img_02.jpg,0,person_604,person_323,negative,-0.121367
D:\biztech\preprocessed_images\person_095\img_04.jpg,D:\biztech\preprocessed_images\person_095\img_07.jpg,1,person_095,person_095,positive,0.642594
D:\biztech\preprocessed_images\person_095\img_11.jpg,D:\biztech\preprocessed_images\person_095\img_14.jpg,1,person_095,person_095,positive,0.620492
D:\biztech\preprocessed_images\person_028\img_03.jpg,D:\biztech\preprocessed_images\person_028\img_08.jpg,1,person_028,person_028,positive,0.856408
D:\biztech\preprocessed_images\person_026\img_07.jpg,D:\biztech\preprocessed_images\person_026\img_28.jpg,1,person_026,person_026,positive,0.719816
D:\biztech\preprocessed_images\person_028\img_26.jpg,D:\biztech\preprocessed_images\person_028\img_28.jpg,1,person_028,person_028,positive,0.817758
D:\biztech\preprocessed_images\person_095\img_01.jpg,D:\biztech\preprocessed_images\person_582\img_02.jpg,0,person_095,person_582,negative,0.220314
D:\biztech\preprocessed_images\person_090\img_02.jpg,D:\biztech\preprocessed_images\person_090\img_15.jpg,1,person_090,person_090,positive,0.801474
D:\biztech\preprocessed_images\person_147\img_02.jpg,D:\biztech\preprocessed_images\person_147\img_03.jpg,1,person_147,person_147,positive,0.648330
D:\biztech\preprocessed_images\person_301\img_04.jpg,D:\biztech\preprocessed_images\person_105\img_07.jpg,0,person_301,person_105,negative,0.022168
D:\biztech\preprocessed_images\person_058\img_03.jpg,D:\biztech\preprocessed_images\person_058\img_11.jpg,1,person_058,person_058,positive,0.339365
D:\biztech\preprocessed_images\person_607\img_04.jpg,D:\biztech\preprocessed_images\person_033\img_04.jpg,0,person_607,person_033,negative,0.312267
D:\biztech\preprocessed_images\person_128\img_01.jpg,D:\biztech\preprocessed_images\person_128\img_09.jpg,1,person_128,person_128,positive,0.697852
D:\biztech\preprocessed_images\person_167\img_01.jpg,D:\biztech\preprocessed_images\person_167\img_04.jpg,1,person_167,person_167,positive,0.883450
D:\biztech\preprocessed_images\person_559\img_01.jpg,D:\biztech\preprocessed_images\person_224\img_04.jpg,0,person_559,person_224,negative,-0.187256
D:\biztech\preprocessed_images\person_439\img_03.jpg,D:\biztech\preprocessed_images\person_082\img_12.jpg,0,person_439,person_082,negative,0.031522
D:\biztech\preprocessed_images\person_512\img_01.jpg,D:\biztech\preprocessed_images\person_285\img_03.jpg,0,person_512,person_285,negative,0.207374
D:\biztech\preprocessed_images\person_026\img_04.jpg,D:\biztech\preprocessed_images\person_026\img_06.jpg,1,person_026,person_026,positive,0.297307
D:\biztech\preprocessed_images\person_607\img_04.jpg,D:\biztech\preprocessed_images\person_271\img_03.jpg,0,person_607,person_271,negative,-0.147009
D:\biztech\preprocessed_images\person_204\img_03.jpg,D:\biztech\preprocessed_images\person_204\img_05.jpg,1,person_204,person_204,positive,0.727163
D:\biztech\preprocessed_images\person_072\img_04.jpg,D:\biztech\preprocessed_images\person_072\img_07.jpg,1,person_072,person_072,positive,0.612298
D:\biztech\preprocessed_images\person_411\img_05.jpg,D:\biztech\preprocessed_images\person_275\img_05.jpg,0,person_411,person_275,negative,0.358335
D:\biztech\preprocessed_images\person_271\img_06.jpg,D:\biztech\preprocessed_images\person_105\img_01.jpg,0,person_271,person_105,negative,-0.320817
D:\biztech\preprocessed_images\person_601\img_03.jpg,D:\biztech\preprocessed_images\person_115\img_04.jpg,0,person_601,person_115,negative,0.227279
D:\biztech\preprocessed_images\person_518\img_01.jpg,D:\biztech\preprocessed_images\person_518\img_02.jpg,1,person_518,person_518,positive,0.595238
D:\biztech\preprocessed_images\person_167\img_07.jpg,D:\biztech\preprocessed_images\person_167\img_08.jpg,1,person_167,person_167,positive,0.529779
D:\biztech\preprocessed_images\person_105\img_06.jpg,D:\biztech\preprocessed_images\person_105\img_11.jpg,1,person_105,person_105,positive,0.511848
D:\biztech\preprocessed_images\person_082\img_07.jpg,D:\biztech\preprocessed_images\person_277\img_02.jpg,0,person_082,person_277,negative,0.135904
D:\biztech\preprocessed_images\person_218\img_07.jpg,D:\biztech\preprocessed_images\person_221\img_05.jpg,0,person_218,person_221,negative,0.041582
D:\biztech\preprocessed_images\person_100\img_06.jpg,D:\biztech\preprocessed_images\person_100\img_11.jpg,1,person_100,person_100,positive,0.763026
D:\biztech\preprocessed_images\person_270\img_04.jpg,D:\biztech\preprocessed_images\person_270\img_06.jpg,1,person_270,person_270,positive,0.568386
D:\biztech\preprocessed_images\person_270\img_06.jpg,D:\biztech\preprocessed_images\person_251\img_04.jpg,0,person_270,person_251,negative,0.135672
D:\biztech\preprocessed_images\person_215\img_02.jpg,D:\biztech\preprocessed_images\person_215\img_05.jpg,1,person_215,person_215,positive,0.732468
D:\biztech\preprocessed_images\person_323\img_02.jpg,D:\biztech\preprocessed_images\person_406\img_03.jpg,0,person_323,person_406,negative,0.395356
D:\biztech\preprocessed_images\person_576\img_04.jpg,D:\biztech\preprocessed_images\person_600\img_01.jpg,0,person_576,person_600,negative,0.077706
D:\biztech\preprocessed_images\person_007\img_14.jpg,D:\biztech\preprocessed_images\person_007\img_43.jpg,1,person_007,person_007,positive,0.587557
D:\biztech\preprocessed_images\person_582\img_03.jpg,D:\biztech\preprocessed_images\person_411\img_02.jpg,0,person_582,person_411,negative,0.004810
D:\biztech\preprocessed_images\person_587\img_01.jpg,D:\biztech\preprocessed_images\person_587\img_03.jpg,1,person_587,person_587,positive,0.781163
D:\biztech\preprocessed_images\person_160\img_01.jpg,D:\biztech\preprocessed_images\person_160\img_09.jpg,1,person_160,person_160,positive,0.677493
D:\biztech\preprocessed_images\person_225\img_07.jpg,D:\biztech\preprocessed_images\person_168\img_07.jpg,0,person_225,person_168,negative,0.133140
D:\biztech\preprocessed_images\person_275\img_02.jpg,D:\biztech\preprocessed_images\person_275\img_03.jpg,1,person_275,person_275,positive,0.415882
D:\biztech\preprocessed_images\person_128\img_01.jpg,D:\biztech\preprocessed_images\person_128\img_11.jpg,1,person_128,person_128,positive,0.759262
D:\biztech\preprocessed_images\person_218\img_02.jpg,D:\biztech\preprocessed_images\person_218\img_06.jpg,1,person_218,person_218,positive,0.793004
D:\biztech\preprocessed_images\person_143\img_03.jpg,D:\biztech\preprocessed_images\person_143\img_11.jpg,1,person_143,person_143,positive,0.774440
D:\biztech\preprocessed_images\person_225\img_06.jpg,D:\biztech\preprocessed_images\person_164\img_05.jpg,0,person_225,person_164,negative,-0.058911
D:\biztech\preprocessed_images\person_197\img_03.jpg,D:\biztech\preprocessed_images\person_576\img_01.jpg,0,person_197,person_576,negative,0.315231
D:\biztech\preprocessed_images\person_074\img_04.jpg,D:\biztech\preprocessed_images\person_074\img_07.jpg,1,person_074,person_074,positive,0.729376
D:\biztech\preprocessed_images\person_028\img_07.jpg,D:\biztech\preprocessed_images\person_028\img_27.jpg,1,person_028,person_028,positive,0.869328
D:\biztech\preprocessed_images\person_224\img_01.jpg,D:\biztech\preprocessed_images\person_224\img_06.jpg,1,person_224,person_224,positive,0.498091
D:\biztech\preprocessed_images\person_072\img_10.jpg,D:\biztech\preprocessed_images\person_072\img_14.jpg,1,person_072,person_072,positive,0.408650
D:\biztech\preprocessed_images\person_605\img_04.jpg,D:\biztech\preprocessed_images\person_345\img_03.jpg,0,person_605,person_345,negative,-0.278361
D:\biztech\preprocessed_images\person_007\img_12.jpg,D:\biztech\preprocessed_images\person_168\img_01.jpg,0,person_007,person_168,negative,0.286481
D:\biztech\preprocessed_images\person_374\img_01.jpg,D:\biztech\preprocessed_images\person_374\img_03.jpg,1,person_374,person_374,positive,0.351911
D:\biztech\preprocessed_images\person_168\img_05.jpg,D:\biztech\preprocessed_images\person_439\img_03.jpg,0,person_168,person_439,negative,-0.389276
D:\biztech\preprocessed_images\person_176\img_04.jpg,D:\biztech\preprocessed_images\person_277\img_03.jpg,0,person_176,person_277,negative,-0.272793
D:\biztech\preprocessed_images\person_095\img_02.jpg,D:\biztech\preprocessed_images\person_217\img_07.jpg,0,person_095,person_217,negative,-0.172119
D:\biztech\preprocessed_images\person_143\img_02.jpg,D:\biztech\preprocessed_images\person_143\img_08.jpg,1,person_143,person_143,positive,0.892036
D:\biztech\preprocessed_images\person_433\img_03.jpg,D:\biztech\preprocessed_images\person_471\img_04.jpg,0,person_433,person_471,negative,-0.025345
D:\biztech\preprocessed_images\person_603\img_02.jpg,D:\biztech\preprocessed_images\person_603\img_03.jpg,1,person_603,person_603,positive,0.734183
D:\biztech\preprocessed_images\person_215\img_04.jpg,D:\biztech\preprocessed_images\person_082\img_04.jpg,0,person_215,person_082,negative,-0.117507
D:\biztech\preprocessed_images\person_068\img_09.jpg,D:\biztech\preprocessed_images\person_068\img_16.jpg,1,person_068,person_068,positive,0.614383
D:\biztech\preprocessed_images\person_028\img_09.jpg,D:\biztech\preprocessed_images\person_028\img_12.jpg,1,person_028,person_028,positive,0.901657
D:\biztech\preprocessed_images\person_105\img_01.jpg,D:\biztech\preprocessed_images\person_105\img_04.jpg,1,person_105,person_105,positive,0.320036
D:\biztech\preprocessed_images\person_143\img_04.jpg,D:\biztech\preprocessed_images\person_143\img_07.jpg,1,person_143,person_143,positive,0.692635
D:\biztech\preprocessed_images\person_275\img_05.jpg,D:\biztech\preprocessed_images\person_270\img_06.jpg,0,person_275,person_270,negative,-0.191904
D:\biztech\preprocessed_images\person_297\img_03.jpg,D:\biztech\preprocessed_images\person_277\img_02.jpg,0,person_297,person_277,negative,-0.062481
D:\biztech\preprocessed_images\person_345\img_03.jpg,D:\biztech\preprocessed_images\person_007\img_09.jpg,0,person_345,person_007,negative,0.213883
D:\biztech\preprocessed_images\person_104\img_04.jpg,D:\biztech\preprocessed_images\person_104\img_13.jpg,1,person_104,person_104,positive,0.583921
D:\biztech\preprocessed_images\person_058\img_12.jpg,D:\biztech\preprocessed_images\person_058\img_14.jpg,1,person_058,person_058,positive,0.476477
D:\biztech\preprocessed_images\person_026\img_20.jpg,D:\biztech\preprocessed_images\person_026\img_30.jpg,1,person_026,person_026,positive,0.147135
D:\biztech\preprocessed_images\person_104\img_02.jpg,D:\biztech\preprocessed_images\person_104\img_07.jpg,1,person_104,person_104,positive,0.130103
D:\biztech\preprocessed_images\person_217\img_01.jpg,D:\biztech\preprocessed_images\person_028\img_15.jpg,0,person_217,person_028,negative,0.134054
D:\biztech\preprocessed_images\person_058\img_15.jpg,D:\biztech\preprocessed_images\person_128\img_08.jpg,0,person_058,person_128,negative,-0.210146
D:\biztech\preprocessed_images\person_411\img_03.jpg,D:\biztech\preprocessed_images\person_324\img_05.jpg,0,person_411,person_324,negative,0.141369
D:\biztech\preprocessed_images\person_115\img_10.jpg,D:\biztech\preprocessed_images\person_575\img_03.jpg,0,person_115,person_575,negative,-0.057162
D:\biztech\preprocessed_images\person_096\img_04.jpg,D:\biztech\preprocessed_images\person_096\img_14.jpg,1,person_096,person_096,positive,0.471007
D:\biztech\preprocessed_images\person_226\img_04.jpg,D:\biztech\preprocessed_images\person_226\img_05.jpg,1,person_226,person_226,positive,0.717921
D:\biztech\preprocessed_images\person_204\img_03.jpg,D:\biztech\preprocessed_images\person_204\img_04.jpg,1,person_204,person_204,positive,0.742031
D:\biztech\preprocessed_images\person_575\img_03.jpg,D:\biztech\preprocessed_images\person_601\img_01.jpg,0,person_575,person_601,negative,-0.110831
D:\biztech\preprocessed_images\person_105\img_10.jpg,D:\biztech\preprocessed_images\person_235\img_03.jpg,0,person_105,person_235,negative,0.000135
D:\biztech\preprocessed_images\person_082\img_01.jpg,D:\biztech\preprocessed_images\person_082\img_05.jpg,1,person_082,person_082,positive,0.849772
D:\biztech\preprocessed_images\person_082\img_08.jpg,D:\biztech\preprocessed_images\person_082\img_12.jpg,1,person_082,person_082,positive,0.924166
D:\biztech\preprocessed_images\person_074\img_07.jpg,D:\biztech\preprocessed_images\person_074\img_13.jpg,1,person_074,person_074,positive,0.767133
D:\biztech\preprocessed_images\person_374\img_05.jpg,D:\biztech\preprocessed_images\person_596\img_02.jpg,0,person_374,person_596,negative,-0.174500
D:\biztech\preprocessed_images\person_582\img_01.jpg,D:\biztech\preprocessed_images\person_582\img_03.jpg,1,person_582,person_582,positive,0.600030
D:\biztech\preprocessed_images\person_081\img_09.jpg,D:\biztech\preprocessed_images\person_081\img_16.jpg,1,person_081,person_081,positive,0.743645
D:\biztech\preprocessed_images\person_224\img_03.jpg,D:\biztech\preprocessed_images\person_224\img_04.jpg,1,person_224,person_224,positive,0.774009
D:\biztech\preprocessed_images\person_239\img_07.jpg,D:\biztech\preprocessed_images\person_031\img_01.jpg,0,person_239,person_031,negative,0.215298
D:\biztech\preprocessed_images\person_603\img_04.jpg,D:\biztech\preprocessed_images\person_031\img_04.jpg,0,person_603,person_031,negative,0.127396
D:\biztech\preprocessed_images\person_128\img_11.jpg,D:\biztech\preprocessed_images\person_604\img_01.jpg,0,person_128,person_604,negative,-0.308005
D:\biztech\preprocessed_images\person_274\img_01.jpg,D:\biztech\preprocessed_images\person_274\img_06.jpg,1,person_274,person_274,positive,0.463314
D:\biztech\preprocessed_images\person_176\img_04.jpg,D:\biztech\preprocessed_images\person_176\img_08.jpg,1,person_176,person_176,positive,0.341272
D:\biztech\preprocessed_images\person_406\img_05.jpg,D:\biztech\preprocessed_images\person_324\img_05.jpg,0,person_406,person_324,negative,0.570757
D:\biztech\preprocessed_images\person_104\img_05.jpg,D:\biztech\preprocessed_images\person_104\img_07.jpg,1,person_104,person_104,positive,0.367604
D:\biztech\preprocessed_images\person_235\img_03.jpg,D:\biztech\preprocessed_images\person_235\img_05.jpg,1,person_235,person_235,positive,0.499604
D:\biztech\preprocessed_images\person_197\img_04.jpg,D:\biztech\preprocessed_images\person_197\img_08.jpg,1,person_197,person_197,positive,0.264865
D:\biztech\preprocessed_images\person_176\img_01.jpg,D:\biztech\preprocessed_images\person_176\img_08.jpg,1,person_176,person_176,positive,0.872359
D:\biztech\preprocessed_images\person_143\img_01.jpg,D:\biztech\preprocessed_images\person_143\img_04.jpg,1,person_143,person_143,positive,0.778422
D:\biztech\preprocessed_images\person_164\img_01.jpg,D:\biztech\preprocessed_images\person_164\img_03.jpg,1,person_164,person_164,positive,0.598629
D:\biztech\preprocessed_images\person_465\img_02.jpg,D:\biztech\preprocessed_images\person_465\img_04.jpg,1,person_465,person_465,positive,0.709037
D:\biztech\preprocessed_images\person_100\img_04.jpg,D:\biztech\preprocessed_images\person_100\img_14.jpg,1,person_100,person_100,positive,0.539497
D:\biztech\preprocessed_images\person_217\img_02.jpg,D:\biztech\preprocessed_images\person_217\img_08.jpg,1,person_217,person_217,positive,0.612659
D:\biztech\preprocessed_images\person_096\img_01.jpg,D:\biztech\preprocessed_images\person_090\img_04.jpg,0,person_096,person_090,negative,-0.150547
D:\biztech\preprocessed_images\person_430\img_02.jpg,D:\biztech\preprocessed_images\person_224\img_06.jpg,0,person_430,person_224,negative,0.051672
D:\biztech\preprocessed_images\person_082\img_04.jpg,D:\biztech\preprocessed_images\person_082\img_07.jpg,1,person_082,person_082,positive,0.770084
D:\biztech\preprocessed_images\person_058\img_11.jpg,D:\biztech\preprocessed_images\person_058\img_15.jpg,1,person_058,person_058,positive,0.369377
D:\biztech\preprocessed_images\person_374\img_04.jpg,D:\biztech\preprocessed_images\person_045\img_21.jpg,0,person_374,person_045,negative,0.085895
D:\biztech\preprocessed_images\person_406\img_01.jpg,D:\biztech\preprocessed_images\person_406\img_04.jpg,1,person_406,person_406,positive,0.792896
D:\biztech\preprocessed_images\person_282\img_05.jpg,D:\biztech\preprocessed_images\person_411\img_04.jpg,0,person_282,person_411,negative,-0.098780
D:\biztech\preprocessed_images\person_277\img_03.jpg,D:\biztech\preprocessed_images\person_277\img_05.jpg,1,person_277,person_277,positive,0.664200
D:\biztech\preprocessed_images\person_285\img_02.jpg,D:\biztech\preprocessed_images\person_285\img_05.jpg,1,person_285,person_285,positive,0.407544
D:\biztech\preprocessed_images\person_251\img_05.jpg,D:\biztech\preprocessed_images\person_251\img_07.jpg,1,person_251,person_251,positive,0.760738
D:\biztech\preprocessed_images\person_164\img_07.jpg,D:\biztech\preprocessed_images\person_297\img_02.jpg,0,person_164,person_297,negative,0.098597
D:\biztech\preprocessed_images\person_204\img_02.jpg,D:\biztech\preprocessed_images\person_204\img_08.jpg,1,person_204,person_204,positive,0.550289
D:\biztech\preprocessed_images\person_167\img_02.jpg,D:\biztech\preprocessed_images\person_167\img_06.jpg,1,person_167,person_167,positive,0.796623
D:\biztech\preprocessed_images\person_031\img_19.jpg,D:\biztech\preprocessed_images\person_390\img_01.jpg,0,person_031,person_390,negative,-0.037270
D:\biztech\preprocessed_images\person_470\img_04.jpg,D:\biztech\preprocessed_images\person_471\img_03.jpg,0,person_470,person_471,negative,-0.154734
D:\biztech\preprocessed_images\person_176\img_02.jpg,D:\biztech\preprocessed_images\person_176\img_03.jpg,1,person_176,person_176,positive,0.716770
D:\biztech\preprocessed_images\person_229\img_05.jpg,D:\biztech\preprocessed_images\person_229\img_06.jpg,1,person_229,person_229,positive,0.854187
D:\biztech\preprocessed_images\person_096\img_05.jpg,D:\biztech\preprocessed_images\person_096\img_10.jpg,1,person_096,person_096,positive,0.160521
D:\biztech\preprocessed_images\person_559\img_02.jpg,D:\biztech\preprocessed_images\person_559\img_03.jpg,1,person_559,person_559,positive,0.856798
D:\biztech\preprocessed_images\person_082\img_03.jpg,D:\biztech\preprocessed_images\person_082\img_13.jpg,1,person_082,person_082,positive,0.524460
D:\biztech\preprocessed_images\person_115\img_10.jpg,D:\biztech\preprocessed_images\person_345\img_04.jpg,0,person_115,person_345,negative,0.006266
D:\biztech\preprocessed_images\person_068\img_08.jpg,D:\biztech\preprocessed_images\person_068\img_17.jpg,1,person_068,person_068,positive,0.644182
D:\biztech\preprocessed_images\person_297\img_04.jpg,D:\biztech\preprocessed_images\person_297\img_06.jpg,1,person_297,person_297,positive,0.657228
D:\biztech\preprocessed_images\person_251\img_06.jpg,D:\biztech\preprocessed_images\person_160\img_07.jpg,0,person_251,person_160,negative,-0.061340
D:\biztech\preprocessed_images\person_100\img_06.jpg,D:\biztech\preprocessed_images\person_274\img_03.jpg,0,person_100,person_274,negative,0.119296
D:\biztech\preprocessed_images\person_143\img_03.jpg,D:\biztech\preprocessed_images\person_143\img_04.jpg,1,person_143,person_143,positive,0.860107
D:\biztech\preprocessed_images\person_105\img_10.jpg,D:\biztech\preprocessed_images\person_115\img_11.jpg,0,person_105,person_115,negative,-0.305141
D:\biztech\preprocessed_images\person_082\img_05.jpg,D:\biztech\preprocessed_images\person_082\img_09.jpg,1,person_082,person_082,positive,0.910475
D:\biztech\preprocessed_images\person_559\img_01.jpg,D:\biztech\preprocessed_images\person_282\img_01.jpg,0,person_559,person_282,negative,-0.096630
D:\biztech\preprocessed_images\person_374\img_04.jpg,D:\biztech\preprocessed_images\person_239\img_06.jpg,0,person_374,person_239,negative,0.243554
D:\biztech\preprocessed_images\person_033\img_03.jpg,D:\biztech\preprocessed_images\person_033\img_27.jpg,1,person_033,person_033,positive,0.450444
D:\biztech\preprocessed_images\person_081\img_13.jpg,D:\biztech\preprocessed_images\person_474\img_04.jpg,0,person_081,person_474,negative,-0.177209
D:\biztech\preprocessed_images\person_277\img_02.jpg,D:\biztech\preprocessed_images\person_277\img_06.jpg,1,person_277,person_277,positive,0.665692
D:\biztech\preprocessed_images\person_074\img_01.jpg,D:\biztech\preprocessed_images\person_607\img_03.jpg,0,person_074,person_607,negative,0.343633
D:\biztech\preprocessed_images\person_031\img_19.jpg,D:\biztech\preprocessed_images\person_406\img_01.jpg,0,person_031,person_406,negative,0.150802
D:\biztech\preprocessed_images\person_164\img_01.jpg,D:\biztech\preprocessed_images\person_164\img_06.jpg,1,person_164,person_164,positive,0.476755
D:\biztech\preprocessed_images\person_033\img_23.jpg,D:\biztech\preprocessed_images\person_576\img_03.jpg,0,person_033,person_576,negative,-0.021393
D:\biztech\preprocessed_images\person_197\img_07.jpg,D:\biztech\preprocessed_images\person_026\img_33.jpg,0,person_197,person_026,negative,-0.000762
D:\biztech\preprocessed_images\person_217\img_02.jpg,D:\biztech\preprocessed_images\person_217\img_05.jpg,1,person_217,person_217,positive,0.707848
D:\biztech\preprocessed_images\person_105\img_01.jpg,D:\biztech\preprocessed_images\person_105\img_07.jpg,1,person_105,person_105,positive,0.569214
D:\biztech\preprocessed_images\person_164\img_03.jpg,D:\biztech\preprocessed_images\person_164\img_09.jpg,1,person_164,person_164,positive,0.383801
D:\biztech\preprocessed_images\person_072\img_09.jpg,D:\biztech\preprocessed_images\person_072\img_15.jpg,1,person_072,person_072,positive,0.487837
D:\biztech\preprocessed_images\person_601\img_01.jpg,D:\biztech\preprocessed_images\person_601\img_03.jpg,1,person_601,person_601,positive,0.421985
D:\biztech\preprocessed_images\person_275\img_01.jpg,D:\biztech\preprocessed_images\person_345\img_05.jpg,0,person_275,person_345,negative,-0.118787
D:\biztech\preprocessed_images\person_082\img_16.jpg,D:\biztech\preprocessed_images\person_270\img_06.jpg,0,person_082,person_270,negative,-0.137484
D:\biztech\preprocessed_images\person_167\img_06.jpg,D:\biztech\preprocessed_images\person_253\img_05.jpg,0,person_167,person_253,negative,0.495905
D:\biztech\preprocessed_images\person_147\img_08.jpg,D:\biztech\preprocessed_images\person_147\img_10.jpg,1,person_147,person_147,positive,0.105640
D:\biztech\preprocessed_images\person_297\img_06.jpg,D:\biztech\preprocessed_images\person_082\img_15.jpg,0,person_297,person_082,negative,0.055182
D:\biztech\preprocessed_images\person_074\img_03.jpg,D:\biztech\preprocessed_images\person_074\img_11.jpg,1,person_074,person_074,positive,0.741247
D:\biztech\preprocessed_images\person_324\img_03.jpg,D:\biztech\preprocessed_images\person_324\img_05.jpg,1,person_324,person_324,positive,0.831591
D:\biztech\preprocessed_images\person_275\img_02.jpg,D:\biztech\preprocessed_images\person_275\img_05.jpg,1,person_275,person_275,positive,0.724533
D:\biztech\preprocessed_images\person_253\img_01.jpg,D:\biztech\preprocessed_images\person_388\img_03.jpg,0,person_253,person_388,negative,-0.210319
D:\biztech\preprocessed_images\person_285\img_02.jpg,D:\biztech\preprocessed_images\person_197\img_01.jpg,0,person_285,person_197,negative,-0.146290
D:\biztech\preprocessed_images\person_282\img_06.jpg,D:\biztech\preprocessed_images\person_301\img_01.jpg,0,person_282,person_301,negative,0.182662
D:\biztech\preprocessed_images\person_033\img_05.jpg,D:\biztech\preprocessed_images\person_033\img_11.jpg,1,person_033,person_033,positive,0.730365
D:\biztech\preprocessed_images\person_168\img_04.jpg,D:\biztech\preprocessed_images\person_147\img_05.jpg,0,person_168,person_147,negative,-0.376375
D:\biztech\preprocessed_images\person_068\img_14.jpg,D:\biztech\preprocessed_images\person_058\img_14.jpg,0,person_068,person_058,negative,0.220531
D:\biztech\preprocessed_images\person_596\img_04.jpg,D:\biztech\preprocessed_images\person_576\img_02.jpg,0,person_596,person_576,negative,-0.238765
D:\biztech\preprocessed_images\person_096\img_03.jpg,D:\biztech\preprocessed_images\person_096\img_10.jpg,1,person_096,person_096,positive,0.739448
D:\biztech\preprocessed_images\person_470\img_02.jpg,D:\biztech\preprocessed_images\person_270\img_01.jpg,0,person_470,person_270,negative,-0.005213
D:\biztech\preprocessed_images\person_031\img_10.jpg,D:\biztech\preprocessed_images\person_031\img_28.jpg,1,person_031,person_031,positive,0.040688
D:\biztech\preprocessed_images\person_607\img_02.jpg,D:\biztech\preprocessed_images\person_333\img_01.jpg,0,person_607,person_333,negative,0.059558
D:\biztech\preprocessed_images\person_297\img_01.jpg,D:\biztech\preprocessed_images\person_297\img_05.jpg,1,person_297,person_297,positive,0.625546
D:\biztech\preprocessed_images\person_072\img_05.jpg,D:\biztech\preprocessed_images\person_390\img_03.jpg,0,person_072,person_390,negative,0.242203
D:\biztech\preprocessed_images\person_411\img_03.jpg,D:\biztech\preprocessed_images\person_411\img_04.jpg,1,person_411,person_411,positive,0.479159
D:\biztech\preprocessed_images\person_215\img_06.jpg,D:\biztech\preprocessed_images\person_411\img_02.jpg,0,person_215,person_411,negative,-0.099465
D:\biztech\preprocessed_images\person_168\img_05.jpg,D:\biztech\preprocessed_images\person_168\img_09.jpg,1,person_168,person_168,positive,0.578905
D:\biztech\preprocessed_images\person_460\img_03.jpg,D:\biztech\preprocessed_images\person_460\img_04.jpg,1,person_460,person_460,positive,0.672602
D:\biztech\preprocessed_images\person_167\img_07.jpg,D:\biztech\preprocessed_images\person_374\img_02.jpg,0,person_167,person_374,negative,-0.278788
D:\biztech\preprocessed_images\person_176\img_07.jpg,D:\biztech\preprocessed_images\person_160\img_08.jpg,0,person_176,person_160,negative,-0.180965
D:\biztech\preprocessed_images\person_176\img_07.jpg,D:\biztech\preprocessed_images\person_576\img_04.jpg,0,person_176,person_576,negative,-0.323690
D:\biztech\preprocessed_images\person_301\img_03.jpg,D:\biztech\preprocessed_images\person_253\img_03.jpg,0,person_301,person_253,negative,-0.157930
D:\biztech\preprocessed_images\person_068\img_13.jpg,D:\biztech\preprocessed_images\person_068\img_19.jpg,1,person_068,person_068,positive,0.135636
D:\biztech\preprocessed_images\person_047\img_23.jpg,D:\biztech\preprocessed_images\person_235\img_04.jpg,0,person_047,person_235,negative,-0.257027
D:\biztech\preprocessed_images\person_221\img_07.jpg,D:\biztech\preprocessed_images\person_047\img_13.jpg,0,person_221,person_047,negative,0.073785
D:\biztech\preprocessed_images\person_582\img_02.jpg,D:\biztech\preprocessed_images\person_323\img_05.jpg,0,person_582,person_323,negative,0.293927
D:\biztech\preprocessed_images\person_072\img_18.jpg,D:\biztech\preprocessed_images\person_364\img_05.jpg,0,person_072,person_364,negative,-0.015172
D:\biztech\preprocessed_images\person_371\img_01.jpg,D:\biztech\preprocessed_images\person_371\img_05.jpg,1,person_371,person_371,positive,0.822729
D:\biztech\preprocessed_images\person_388\img_04.jpg,D:\biztech\preprocessed_images\person_068\img_12.jpg,0,person_388,person_068,negative,0.517960
D:\biztech\preprocessed_images\person_282\img_03.jpg,D:\biztech\preprocessed_images\person_100\img_02.jpg,0,person_282,person_100,negative,0.353601
D:\biztech\preprocessed_images\person_374\img_05.jpg,D:\biztech\preprocessed_images\person_389\img_03.jpg,0,person_374,person_389,negative,0.351895
D:\biztech\preprocessed_images\person_374\img_04.jpg,D:\biztech\preprocessed_images\person_374\img_05.jpg,1,person_374,person_374,positive,0.281198
D:\biztech\preprocessed_images\person_575\img_03.jpg,D:\biztech\preprocessed_images\person_518\img_01.jpg,0,person_575,person_518,negative,0.057402
D:\biztech\preprocessed_images\person_226\img_01.jpg,D:\biztech\preprocessed_images\person_226\img_02.jpg,1,person_226,person_226,positive,0.764365
D:\biztech\preprocessed_images\person_176\img_03.jpg,D:\biztech\preprocessed_images\person_301\img_06.jpg,0,person_176,person_301,negative,0.255945
D:\biztech\preprocessed_images\person_221\img_04.jpg,D:\biztech\preprocessed_images\person_221\img_06.jpg,1,person_221,person_221,positive,0.835864
D:\biztech\preprocessed_images\person_301\img_03.jpg,D:\biztech\preprocessed_images\person_239\img_01.jpg,0,person_301,person_239,negative,0.111469
D:\biztech\preprocessed_images\person_285\img_01.jpg,D:\biztech\preprocessed_images\person_285\img_05.jpg,1,person_285,person_285,positive,0.269161
D:\biztech\preprocessed_images\person_604\img_04.jpg,D:\biztech\preprocessed_images\person_160\img_02.jpg,0,person_604,person_160,negative,-0.146053
D:\biztech\preprocessed_images\person_031\img_15.jpg,D:\biztech\preprocessed_images\person_031\img_20.jpg,1,person_031,person_031,positive,0.445782
D:\biztech\preprocessed_images\person_380\img_03.jpg,D:\biztech\preprocessed_images\person_275\img_05.jpg,0,person_380,person_275,negative,-0.254984
D:\biztech\preprocessed_images\person_168\img_03.jpg,D:\biztech\preprocessed_images\person_168\img_06.jpg,1,person_168,person_168,positive,0.763911
D:\biztech\preprocessed_images\person_512\img_03.jpg,D:\biztech\preprocessed_images\person_518\img_04.jpg,0,person_512,person_518,negative,0.076195
D:\biztech\preprocessed_images\person_104\img_10.jpg,D:\biztech\preprocessed_images\person_072\img_13.jpg,0,person_104,person_072,negative,-0.214738
D:\biztech\preprocessed_images\person_277\img_02.jpg,D:\biztech\preprocessed_images\person_277\img_05.jpg,1,person_277,person_277,positive,0.706840
D:\biztech\preprocessed_images\person_229\img_02.jpg,D:\biztech\preprocessed_images\person_100\img_09.jpg,0,person_229,person_100,negative,0.069630
D:\biztech\preprocessed_images\person_176\img_08.jpg,D:\biztech\preprocessed_images\person_176\img_09.jpg,1,person_176,person_176,positive,0.822573
D:\biztech\preprocessed_images\person_235\img_02.jpg,D:\biztech\preprocessed_images\person_235\img_06.jpg,1,person_235,person_235,positive,0.759532
D:\biztech\preprocessed_images\person_587\img_02.jpg,D:\biztech\preprocessed_images\person_068\img_12.jpg,0,person_587,person_068,negative,0.114730
D:\biztech\preprocessed_images\person_270\img_03.jpg,D:\biztech\preprocessed_images\person_270\img_04.jpg,1,person_270,person_270,positive,0.644290
D:\biztech\preprocessed_images\person_143\img_06.jpg,D:\biztech\preprocessed_images\person_345\img_02.jpg,0,person_143,person_345,negative,-0.308962
D:\biztech\preprocessed_images\person_550\img_04.jpg,D:\biztech\preprocessed_images\person_374\img_05.jpg,0,person_550,person_374,negative,0.215357
D:\biztech\preprocessed_images\person_128\img_04.jpg,D:\biztech\preprocessed_images\person_128\img_11.jpg,1,person_128,person_128,positive,0.517459
D:\biztech\preprocessed_images\person_217\img_05.jpg,D:\biztech\preprocessed_images\person_364\img_02.jpg,0,person_217,person_364,negative,-0.088913
D:\biztech\preprocessed_images\person_081\img_09.jpg,D:\biztech\preprocessed_images\person_081\img_13.jpg,1,person_081,person_081,positive,0.689740
D:\biztech\preprocessed_images\person_253\img_05.jpg,D:\biztech\preprocessed_images\person_323\img_04.jpg,0,person_253,person_323,negative,-0.209714
D:\biztech\preprocessed_images\person_074\img_11.jpg,D:\biztech\preprocessed_images\person_074\img_13.jpg,1,person_074,person_074,positive,0.771682
D:\biztech\preprocessed_images\person_217\img_03.jpg,D:\biztech\preprocessed_images\person_217\img_05.jpg,1,person_217,person_217,positive,0.761840
D:\biztech\preprocessed_images\person_272\img_05.jpg,D:\biztech\preprocessed_images\person_272\img_06.jpg,1,person_272,person_272,positive,0.817510
D:\biztech\preprocessed_images\person_389\img_03.jpg,D:\biztech\preprocessed_images\person_033\img_28.jpg,0,person_389,person_033,negative,-0.059212
D:\biztech\preprocessed_images\person_104\img_01.jpg,D:\biztech\preprocessed_images\person_104\img_12.jpg,1,person_104,person_104,positive,0.755031
D:\biztech\preprocessed_images\person_197\img_02.jpg,D:\biztech\preprocessed_images\person_197\img_04.jpg,1,person_197,person_197,positive,0.830727
D:\biztech\preprocessed_images\person_324\img_01.jpg,D:\biztech\preprocessed_images\person_324\img_02.jpg,1,person_324,person_324,positive,0.497228
D:\biztech\preprocessed_images\person_007\img_34.jpg,D:\biztech\preprocessed_images\person_074\img_07.jpg,0,person_007,person_074,negative,-0.033787
D:\biztech\preprocessed_images\person_068\img_14.jpg,D:\biztech\preprocessed_images\person_096\img_04.jpg,0,person_068,person_096,negative,-0.263479
D:\biztech\preprocessed_images\person_045\img_15.jpg,D:\biztech\preprocessed_images\person_045\img_24.jpg,1,person_045,person_045,positive,0.123963
D:\biztech\preprocessed_images\person_045\img_03.jpg,D:\biztech\preprocessed_images\person_045\img_14.jpg,1,person_045,person_045,positive,0.220098
D:\biztech\preprocessed_images\person_411\img_03.jpg,D:\biztech\preprocessed_images\person_465\img_03.jpg,0,person_411,person_465,negative,0.116758
D:\biztech\preprocessed_images\person_253\img_05.jpg,D:\biztech\preprocessed_images\person_028\img_31.jpg,0,person_253,person_028,negative,-0.018747
D:\biztech\preprocessed_images\person_082\img_13.jpg,D:\biztech\preprocessed_images\person_082\img_14.jpg,1,person_082,person_082,positive,0.736672
D:\biztech\preprocessed_images\person_031\img_03.jpg,D:\biztech\preprocessed_images\person_031\img_20.jpg,1,person_031,person_031,positive,0.326338
D:\biztech\preprocessed_images\person_271\img_03.jpg,D:\biztech\preprocessed_images\person_271\img_05.jpg,1,person_271,person_271,positive,0.741906
D:\biztech\preprocessed_images\person_033\img_20.jpg,D:\biztech\preprocessed_images\person_033\img_26.jpg,1,person_033,person_033,positive,0.834910
D:\biztech\preprocessed_images\person_587\img_02.jpg,D:\biztech\preprocessed_images\person_576\img_02.jpg,0,person_587,person_576,negative,-0.147618
D:\biztech\preprocessed_images\person_072\img_10.jpg,D:\biztech\preprocessed_images\person_274\img_05.jpg,0,person_072,person_274,negative,-0.142260
D:\biztech\preprocessed_images\person_105\img_01.jpg,D:\biztech\preprocessed_images\person_105\img_02.jpg,1,person_105,person_105,positive,0.223677
D:\biztech\preprocessed_images\person_096\img_03.jpg,D:\biztech\preprocessed_images\person_096\img_08.jpg,1,person_096,person_096,positive,0.174099
D:\biztech\preprocessed_images\person_058\img_13.jpg,D:\biztech\preprocessed_images\person_058\img_20.jpg,1,person_058,person_058,positive,0.531282
D:\biztech\preprocessed_images\person_058\img_09.jpg,D:\biztech\preprocessed_images\person_512\img_04.jpg,0,person_058,person_512,negative,0.062632
D:\biztech\preprocessed_images\person_380\img_03.jpg,D:\biztech\preprocessed_images\person_380\img_04.jpg,1,person_380,person_380,positive,0.346400
D:\biztech\preprocessed_images\person_234\img_04.jpg,D:\biztech\preprocessed_images\person_028\img_16.jpg,0,person_234,person_028,negative,-0.196251
D:\biztech\preprocessed_images\person_143\img_07.jpg,D:\biztech\preprocessed_images\person_143\img_11.jpg,1,person_143,person_143,positive,0.589209
D:\biztech\preprocessed_images\person_218\img_03.jpg,D:\biztech\preprocessed_images\person_218\img_07.jpg,1,person_218,person_218,positive,0.791612
D:\biztech\preprocessed_images\person_090\img_06.jpg,D:\biztech\preprocessed_images\person_603\img_04.jpg,0,person_090,person_603,negative,-0.216305
D:\biztech\preprocessed_images\person_374\img_02.jpg,D:\biztech\preprocessed_images\person_596\img_03.jpg,0,person_374,person_596,negative,-0.095943
D:\biztech\preprocessed_images\person_471\img_04.jpg,D:\biztech\preprocessed_images\person_349\img_02.jpg,0,person_471,person_349,negative,0.342894
D:\biztech\preprocessed_images\person_471\img_04.jpg,D:\biztech\preprocessed_images\person_550\img_01.jpg,0,person_471,person_550,negative,-0.254727
D:\biztech\preprocessed_images\person_285\img_03.jpg,D:\biztech\preprocessed_images\person_285\img_05.jpg,1,person_285,person_285,positive,0.220328
D:\biztech\preprocessed_images\person_081\img_11.jpg,D:\biztech\preprocessed_images\person_058\img_04.jpg,0,person_081,person_058,negative,0.148847
D:\biztech\preprocessed_images\person_147\img_07.jpg,D:\biztech\preprocessed_images\person_582\img_01.jpg,0,person_147,person_582,negative,0.239851
D:\biztech\preprocessed_images\person_518\img_01.jpg,D:\biztech\preprocessed_images\person_518\img_03.jpg,1,person_518,person_518,positive,0.644613
D:\biztech\preprocessed_images\person_324\img_01.jpg,D:\biztech\preprocessed_images\person_324\img_04.jpg,1,person_324,person_324,positive,0.501555
D:\biztech\preprocessed_images\person_100\img_07.jpg,D:\biztech\preprocessed_images\person_353\img_03.jpg,0,person_100,person_353,negative,-0.175411
D:\biztech\preprocessed_images\person_147\img_01.jpg,D:\biztech\preprocessed_images\person_147\img_06.jpg,1,person_147,person_147,positive,0.795886
D:\biztech\preprocessed_images\person_204\img_02.jpg,D:\biztech\preprocessed_images\person_323\img_02.jpg,0,person_204,person_323,negative,-0.139569
D:\biztech\preprocessed_images\person_277\img_06.jpg,D:\biztech\preprocessed_images\person_333\img_04.jpg,0,person_277,person_333,negative,-0.128172
D:\biztech\preprocessed_images\person_045\img_14.jpg,D:\biztech\preprocessed_images\person_045\img_16.jpg,1,person_045,person_045,positive,0.571956
D:\biztech\preprocessed_images\person_229\img_03.jpg,D:\biztech\preprocessed_images\person_072\img_08.jpg,0,person_229,person_072,negative,0.264030
D:\biztech\preprocessed_images\person_406\img_05.jpg,D:\biztech\preprocessed_images\person_275\img_04.jpg,0,person_406,person_275,negative,-0.051877
D:\biztech\preprocessed_images\person_253\img_02.jpg,D:\biztech\preprocessed_images\person_176\img_07.jpg,0,person_253,person_176,negative,-0.145920
D:\biztech\preprocessed_images\person_460\img_03.jpg,D:\biztech\preprocessed_images\person_028\img_16.jpg,0,person_460,person_028,negative,-0.021694
D:\biztech\preprocessed_images\person_277\img_04.jpg,D:\biztech\preprocessed_images\person_277\img_06.jpg,1,person_277,person_277,positive,0.642545
D:\biztech\preprocessed_images\person_301\img_01.jpg,D:\biztech\preprocessed_images\person_301\img_02.jpg,1,person_301,person_301,positive,0.647924
D:\biztech\preprocessed_images\person_235\img_05.jpg,D:\biztech\preprocessed_images\person_235\img_07.jpg,1,person_235,person_235,positive,0.692640
D:\biztech\preprocessed_images\person_371\img_01.jpg,D:\biztech\preprocessed_images\person_371\img_02.jpg,1,person_371,person_371,positive,0.685937
D:\biztech\preprocessed_images\person_221\img_02.jpg,D:\biztech\preprocessed_images\person_600\img_02.jpg,0,person_221,person_600,negative,0.126116
D:\biztech\preprocessed_images\person_082\img_05.jpg,D:\biztech\preprocessed_images\person_082\img_12.jpg,1,person_082,person_082,positive,0.911964
D:\biztech\preprocessed_images\person_215\img_05.jpg,D:\biztech\preprocessed_images\person_197\img_05.jpg,0,person_215,person_197,negative,0.046728
D:\biztech\preprocessed_images\person_160\img_02.jpg,D:\biztech\preprocessed_images\person_160\img_06.jpg,1,person_160,person_160,positive,0.571759
D:\biztech\preprocessed_images\person_221\img_05.jpg,D:\biztech\preprocessed_images\person_465\img_03.jpg,0,person_221,person_465,negative,0.222028
D:\biztech\preprocessed_images\person_047\img_04.jpg,D:\biztech\preprocessed_images\person_047\img_16.jpg,1,person_047,person_047,positive,0.395341
D:\biztech\preprocessed_images\person_297\img_02.jpg,D:\biztech\preprocessed_images\person_297\img_06.jpg,1,person_297,person_297,positive,0.690404
D:\biztech\preprocessed_images\person_028\img_19.jpg,D:\biztech\preprocessed_images\person_028\img_31.jpg,1,person_028,person_028,positive,0.864494
D:\biztech\preprocessed_images\person_353\img_03.jpg,D:\biztech\preprocessed_images\person_225\img_01.jpg,0,person_353,person_225,negative,0.212071
D:\biztech\preprocessed_images\person_096\img_01.jpg,D:\biztech\preprocessed_images\person_275\img_02.jpg,0,person_096,person_275,negative,-0.075004
D:\biztech\preprocessed_images\person_277\img_03.jpg,D:\biztech\preprocessed_images\person_277\img_04.jpg,1,person_277,person_277,positive,0.691290
D:\biztech\preprocessed_images\person_345\img_04.jpg,D:\biztech\preprocessed_images\person_105\img_14.jpg,0,person_345,person_105,negative,0.250519
D:\biztech\preprocessed_images\person_333\img_02.jpg,D:\biztech\preprocessed_images\person_095\img_08.jpg,0,person_333,person_095,negative,0.222378
D:\biztech\preprocessed_images\person_197\img_06.jpg,D:\biztech\preprocessed_images\person_197\img_07.jpg,1,person_197,person_197,positive,0.596136
D:\biztech\preprocessed_images\person_596\img_01.jpg,D:\biztech\preprocessed_images\person_323\img_03.jpg,0,person_596,person_323,negative,0.314486
D:\biztech\preprocessed_images\person_374\img_01.jpg,D:\biztech\preprocessed_images\person_374\img_02.jpg,1,person_374,person_374,positive,0.242101
D:\biztech\preprocessed_images\person_168\img_06.jpg,D:\biztech\preprocessed_images\person_168\img_08.jpg,1,person_168,person_168,positive,0.075861
D:\biztech\preprocessed_images\person_235\img_02.jpg,D:\biztech\preprocessed_images\person_235\img_05.jpg,1,person_235,person_235,positive,0.797552
D:\biztech\preprocessed_images\person_090\img_04.jpg,D:\biztech\preprocessed_images\person_090\img_13.jpg,1,person_090,person_090,positive,0.770402
D:\biztech\preprocessed_images\person_439\img_04.jpg,D:\biztech\preprocessed_images\person_167\img_05.jpg,0,person_439,person_167,negative,0.262839
D:\biztech\preprocessed_images\person_100\img_01.jpg,D:\biztech\preprocessed_images\person_100\img_10.jpg,1,person_100,person_100,positive,0.628379
D:\biztech\preprocessed_images\person_225\img_02.jpg,D:\biztech\preprocessed_images\person_225\img_03.jpg,1,person_225,person_225,positive,0.743263
D:\biztech\preprocessed_images\person_031\img_20.jpg,D:\biztech\preprocessed_images\person_168\img_04.jpg,0,person_031,person_168,negative,-0.161116
D:\biztech\preprocessed_images\person_550\img_01.jpg,D:\biztech\preprocessed_images\person_160\img_03.jpg,0,person_550,person_160,negative,-0.105402
D:\biztech\preprocessed_images\person_229\img_02.jpg,D:\biztech\preprocessed_images\person_229\img_07.jpg,1,person_229,person_229,positive,0.850710
D:\biztech\preprocessed_images\person_128\img_02.jpg,D:\biztech\preprocessed_images\person_128\img_04.jpg,1,person_128,person_128,positive,0.577294
D:\biztech\preprocessed_images\person_090\img_05.jpg,D:\biztech\preprocessed_images\person_090\img_12.jpg,1,person_090,person_090,positive,0.483120
D:\biztech\preprocessed_images\person_068\img_05.jpg,D:\biztech\preprocessed_images\person_297\img_04.jpg,0,person_068,person_297,negative,0.064892
D:\biztech\preprocessed_images\person_345\img_05.jpg,D:\biztech\preprocessed_images\person_082\img_11.jpg,0,person_345,person_082,negative,0.113632
D:\biztech\preprocessed_images\person_168\img_02.jpg,D:\biztech\preprocessed_images\person_168\img_05.jpg,1,person_168,person_168,positive,0.081719
D:\biztech\preprocessed_images\person_253\img_01.jpg,D:\biztech\preprocessed_images\person_253\img_06.jpg,1,person_253,person_253,positive,0.362018
D:\biztech\preprocessed_images\person_550\img_04.jpg,D:\biztech\preprocessed_images\person_168\img_06.jpg,0,person_550,person_168,negative,0.026338
D:\biztech\preprocessed_images\person_090\img_04.jpg,D:\biztech\preprocessed_images\person_582\img_04.jpg,0,person_090,person_582,negative,0.305959
D:\biztech\preprocessed_images\person_465\img_01.jpg,D:\biztech\preprocessed_images\person_239\img_01.jpg,0,person_465,person_239,negative,-0.020754
D:\biztech\preprocessed_images\person_215\img_05.jpg,D:\biztech\preprocessed_images\person_215\img_08.jpg,1,person_215,person_215,positive,0.873190
D:\biztech\preprocessed_images\person_160\img_02.jpg,D:\biztech\preprocessed_images\person_143\img_01.jpg,0,person_160,person_143,negative,0.100343
D:\biztech\preprocessed_images\person_128\img_10.jpg,D:\biztech\preprocessed_images\person_390\img_05.jpg,0,person_128,person_390,negative,-0.082296
D:\biztech\preprocessed_images\person_167\img_05.jpg,D:\biztech\preprocessed_images\person_167\img_08.jpg,1,person_167,person_167,positive,0.461904
D:\biztech\preprocessed_images\person_380\img_04.jpg,D:\biztech\preprocessed_images\person_234\img_05.jpg,0,person_380,person_234,negative,0.064111
D:\biztech\preprocessed_images\person_143\img_07.jpg,D:\biztech\preprocessed_images\person_389\img_05.jpg,0,person_143,person_389,negative,0.047850
D:\biztech\preprocessed_images\person_090\img_04.jpg,D:\biztech\preprocessed_images\person_576\img_04.jpg,0,person_090,person_576,negative,-0.025327
D:\biztech\preprocessed_images\person_433\img_03.jpg,D:\biztech\preprocessed_images\person_253\img_02.jpg,0,person_433,person_253,negative,-0.073774
D:\biztech\preprocessed_images\person_389\img_05.jpg,D:\biztech\preprocessed_images\person_353\img_03.jpg,0,person_389,person_353,negative,-0.151910
D:\biztech\preprocessed_images\person_045\img_19.jpg,D:\biztech\preprocessed_images\person_285\img_01.jpg,0,person_045,person_285,negative,-0.049436
D:\biztech\preprocessed_images\person_026\img_21.jpg,D:\biztech\preprocessed_images\person_026\img_33.jpg,1,person_026,person_026,positive,0.742647
D:\biztech\preprocessed_images\person_439\img_04.jpg,D:\biztech\preprocessed_images\person_224\img_01.jpg,0,person_439,person_224,negative,-0.278274
D:\biztech\preprocessed_images\person_221\img_03.jpg,D:\biztech\preprocessed_images\person_221\img_06.jpg,1,person_221,person_221,positive,0.493945
D:\biztech\preprocessed_images\person_239\img_02.jpg,D:\biztech\preprocessed_images\person_239\img_05.jpg,1,person_239,person_239,positive,0.760038
D:\biztech\preprocessed_images\person_100\img_02.jpg,D:\biztech\preprocessed_images\person_100\img_09.jpg,1,person_100,person_100,positive,0.693607
D:\biztech\preprocessed_images\person_439\img_03.jpg,D:\biztech\preprocessed_images\person_285\img_04.jpg,0,person_439,person_285,negative,-0.036037
D:\biztech\preprocessed_images\person_047\img_21.jpg,D:\biztech\preprocessed_images\person_045\img_12.jpg,0,person_047,person_045,negative,0.010769
D:\biztech\preprocessed_images\person_081\img_03.jpg,D:\biztech\preprocessed_images\person_167\img_03.jpg,0,person_081,person_167,negative,0.117337
D:\biztech\preprocessed_images\person_234\img_03.jpg,D:\biztech\preprocessed_images\person_128\img_03.jpg,0,person_234,person_128,negative,0.038649
D:\biztech\preprocessed_images\person_380\img_04.jpg,D:\biztech\preprocessed_images\person_143\img_07.jpg,0,person_380,person_143,negative,0.320868
D:\biztech\preprocessed_images\person_082\img_07.jpg,D:\biztech\preprocessed_images\person_082\img_13.jpg,1,person_082,person_082,positive,0.648053
D:\biztech\preprocessed_images\person_104\img_10.jpg,D:\biztech\preprocessed_images\person_301\img_04.jpg,0,person_104,person_301,negative,0.371913
D:\biztech\preprocessed_images\person_253\img_03.jpg,D:\biztech\preprocessed_images\person_225\img_06.jpg,0,person_253,person_225,negative,0.418773
D:\biztech\preprocessed_images\person_368\img_04.jpg,D:\biztech\preprocessed_images\person_271\img_06.jpg,0,person_368,person_271,negative,-0.161899
D:\biztech\preprocessed_images\person_277\img_02.jpg,D:\biztech\preprocessed_images\person_277\img_03.jpg,1,person_277,person_277,positive,0.827931
D:\biztech\preprocessed_images\person_224\img_01.jpg,D:\biztech\preprocessed_images\person_224\img_05.jpg,1,person_224,person_224,positive,0.511314
D:\biztech\preprocessed_images\person_596\img_03.jpg,D:\biztech\preprocessed_images\person_026\img_31.jpg,0,person_596,person_026,negative,-0.189165
D:\biztech\preprocessed_images\person_217\img_06.jpg,D:\biztech\preprocessed_images\person_217\img_08.jpg,1,person_217,person_217,positive,0.842880
D:\biztech\preprocessed_images\person_105\img_05.jpg,D:\biztech\preprocessed_images\person_105\img_14.jpg,1,person_105,person_105,positive,0.212400
D:\biztech\preprocessed_images\person_324\img_02.jpg,D:\biztech\preprocessed_images\person_324\img_03.jpg,1,person_324,person_324,positive,0.650099
D:\biztech\preprocessed_images\person_090\img_07.jpg,D:\biztech\preprocessed_images\person_090\img_10.jpg,1,person_090,person_090,positive,0.779580
D:\biztech\preprocessed_images\person_297\img_06.jpg,D:\biztech\preprocessed_images\person_028\img_02.jpg,0,person_297,person_028,negative,0.165718
D:\biztech\preprocessed_images\person_031\img_18.jpg,D:\biztech\preprocessed_images\person_160\img_06.jpg,0,person_031,person_160,negative,-0.071018
D:\biztech\preprocessed_images\person_460\img_02.jpg,D:\biztech\preprocessed_images\person_465\img_03.jpg,0,person_460,person_465,negative,0.233524
D:\biztech\preprocessed_images\person_007\img_32.jpg,D:\biztech\preprocessed_images\person_582\img_03.jpg,0,person_007,person_582,negative,-0.185875
D:\biztech\preprocessed_images\person_058\img_03.jpg,D:\biztech\preprocessed_images\person_058\img_16.jpg,1,person_058,person_058,positive,0.152371
D:\biztech\preprocessed_images\person_082\img_07.jpg,D:\biztech\preprocessed_images\person_082\img_17.jpg,1,person_082,person_082,positive,0.664150
D:\biztech\preprocessed_images\person_197\img_07.jpg,D:\biztech\preprocessed_images\person_115\img_04.jpg,0,person_197,person_115,negative,0.104283
D:\biztech\preprocessed_images\person_601\img_01.jpg,D:\biztech\preprocessed_images\person_601\img_02.jpg,1,person_601,person_601,positive,0.424679
D:\biztech\preprocessed_images\person_100\img_04.jpg,D:\biztech\preprocessed_images\person_100\img_09.jpg,1,person_100,person_100,positive,0.838217
D:\biztech\preprocessed_images\person_550\img_03.jpg,D:\biztech\preprocessed_images\person_275\img_02.jpg,0,person_550,person_275,negative,0.560265
D:\biztech\preprocessed_images\person_033\img_02.jpg,D:\biztech\preprocessed_images\person_033\img_06.jpg,1,person_033,person_033,positive,0.194903
D:\biztech\preprocessed_images\person_345\img_03.jpg,D:\biztech\preprocessed_images\person_047\img_21.jpg,0,person_345,person_047,negative,0.103420
D:\biztech\preprocessed_images\person_324\img_04.jpg,D:\biztech\preprocessed_images\person_072\img_03.jpg,0,person_324,person_072,negative,-0.164109
D:\biztech\preprocessed_images\person_239\img_05.jpg,D:\biztech\preprocessed_images\person_388\img_03.jpg,0,person_239,person_388,negative,0.057692
D:\biztech\preprocessed_images\person_143\img_05.jpg,D:\biztech\preprocessed_images\person_143\img_11.jpg,1,person_143,person_143,positive,0.690718
D:\biztech\preprocessed_images\person_272\img_01.jpg,D:\biztech\preprocessed_images\person_272\img_04.jpg,1,person_272,person_272,positive,0.700035
D:\biztech\preprocessed_images\person_081\img_05.jpg,D:\biztech\preprocessed_images\person_081\img_15.jpg,1,person_081,person_081,positive,0.618004
D:\biztech\preprocessed_images\person_282\img_01.jpg,D:\biztech\preprocessed_images\person_282\img_04.jpg,1,person_282,person_282,positive,0.299163
D:\biztech\preprocessed_images\person_587\img_02.jpg,D:\biztech\preprocessed_images\person_301\img_04.jpg,0,person_587,person_301,negative,-0.238913
D:\biztech\preprocessed_images\person_072\img_04.jpg,D:\biztech\preprocessed_images\person_072\img_10.jpg,1,person_072,person_072,positive,0.711933
D:\biztech\preprocessed_images\person_270\img_03.jpg,D:\biztech\preprocessed_images\person_072\img_11.jpg,0,person_270,person_072,negative,0.079510
D:\biztech\preprocessed_images\person_068\img_01.jpg,D:\biztech\preprocessed_images\person_160\img_07.jpg,0,person_068,person_160,negative,0.176765
D:\biztech\preprocessed_images\person_074\img_02.jpg,D:\biztech\preprocessed_images\person_074\img_12.jpg,1,person_074,person_074,positive,0.702863
D:\biztech\preprocessed_images\person_072\img_04.jpg,D:\biztech\preprocessed_images\person_368\img_05.jpg,0,person_072,person_368,negative,0.336131
D:\biztech\preprocessed_images\person_217\img_01.jpg,D:\biztech\preprocessed_images\person_217\img_07.jpg,1,person_217,person_217,positive,0.728454
D:\biztech\preprocessed_images\person_388\img_02.jpg,D:\biztech\preprocessed_images\person_388\img_05.jpg,1,person_388,person_388,positive,0.760002
D:\biztech\preprocessed_images\person_411\img_01.jpg,D:\biztech\preprocessed_images\person_411\img_05.jpg,1,person_411,person_411,positive,0.639649
D:\biztech\preprocessed_images\person_105\img_04.jpg,D:\biztech\preprocessed_images\person_105\img_08.jpg,1,person_105,person_105,positive,0.913985
D:\biztech\preprocessed_images\person_239\img_02.jpg,D:\biztech\preprocessed_images\person_160\img_08.jpg,0,person_239,person_160,negative,-0.106123
D:\biztech\preprocessed_images\person_143\img_01.jpg,D:\biztech\preprocessed_images\person_143\img_07.jpg,1,person_143,person_143,positive,0.577575
D:\biztech\preprocessed_images\person_575\img_04.jpg,D:\biztech\preprocessed_images\person_115\img_09.jpg,0,person_575,person_115,negative,-0.031322
D:\biztech\preprocessed_images\person_031\img_02.jpg,D:\biztech\preprocessed_images\person_031\img_30.jpg,1,person_031,person_031,positive,0.060857
D:\biztech\preprocessed_images\person_388\img_01.jpg,D:\biztech\preprocessed_images\person_388\img_04.jpg,1,person_388,person_388,positive,0.815489
D:\biztech\preprocessed_images\person_047\img_10.jpg,D:\biztech\preprocessed_images\person_047\img_13.jpg,1,person_047,person_047,positive,0.364406
D:\biztech\preprocessed_images\person_090\img_09.jpg,D:\biztech\preprocessed_images\person_090\img_13.jpg,1,person_090,person_090,positive,0.668580
D:\biztech\preprocessed_images\person_160\img_07.jpg,D:\biztech\preprocessed_images\person_160\img_08.jpg,1,person_160,person_160,positive,0.802833
D:\biztech\preprocessed_images\person_221\img_03.jpg,D:\biztech\preprocessed_images\person_105\img_03.jpg,0,person_221,person_105,negative,0.052514
D:\biztech\preprocessed_images\person_045\img_08.jpg,D:\biztech\preprocessed_images\person_045\img_20.jpg,1,person_045,person_045,positive,0.796052
D:\biztech\preprocessed_images\person_587\img_02.jpg,D:\biztech\preprocessed_images\person_587\img_04.jpg,1,person_587,person_587,positive,0.675379
D:\biztech\preprocessed_images\person_100\img_07.jpg,D:\biztech\preprocessed_images\person_100\img_13.jpg,1,person_100,person_100,positive,0.635633
D:\biztech\preprocessed_images\person_285\img_04.jpg,D:\biztech\preprocessed_images\person_215\img_02.jpg,0,person_285,person_215,negative,0.114253
D:\biztech\preprocessed_images\person_270\img_02.jpg,D:\biztech\preprocessed_images\person_105\img_08.jpg,0,person_270,person_105,negative,-0.149971
D:\biztech\preprocessed_images\person_028\img_20.jpg,D:\biztech\preprocessed_images\person_028\img_27.jpg,1,person_028,person_028,positive,0.870618
D:\biztech\preprocessed_images\person_218\img_06.jpg,D:\biztech\preprocessed_images\person_277\img_01.jpg,0,person_218,person_277,negative,-0.349109
D:\biztech\preprocessed_images\person_224\img_03.jpg,D:\biztech\preprocessed_images\person_031\img_26.jpg,0,person_224,person_031,negative,0.371192
D:\biztech\preprocessed_images\person_143\img_11.jpg,D:\biztech\preprocessed_images\person_605\img_02.jpg,0,person_143,person_605,negative,0.276068
D:\biztech\preprocessed_images\person_465\img_02.jpg,D:\biztech\preprocessed_images\person_282\img_06.jpg,0,person_465,person_282,negative,0.161896
D:\biztech\preprocessed_images\person_587\img_03.jpg,D:\biztech\preprocessed_images\person_349\img_02.jpg,0,person_587,person_349,negative,-0.248694
D:\biztech\preprocessed_images\person_277\img_01.jpg,D:\biztech\preprocessed_images\person_277\img_02.jpg,1,person_277,person_277,positive,0.848609
D:\biztech\preprocessed_images\person_026\img_11.jpg,D:\biztech\preprocessed_images\person_026\img_28.jpg,1,person_026,person_026,positive,0.481973
D:\biztech\preprocessed_images\person_045\img_07.jpg,D:\biztech\preprocessed_images\person_559\img_01.jpg,0,person_045,person_559,negative,0.242346
D:\biztech\preprocessed_images\person_176\img_03.jpg,D:\biztech\preprocessed_images\person_471\img_01.jpg,0,person_176,person_471,negative,-0.016457
D:\biztech\preprocessed_images\person_026\img_03.jpg,D:\biztech\preprocessed_images\person_026\img_05.jpg,1,person_026,person_026,positive,0.427472
D:\biztech\preprocessed_images\person_095\img_06.jpg,D:\biztech\preprocessed_images\person_095\img_12.jpg,1,person_095,person_095,positive,0.437652
D:\biztech\preprocessed_images\person_274\img_06.jpg,D:\biztech\preprocessed_images\person_096\img_12.jpg,0,person_274,person_096,negative,0.040134
D:\biztech\preprocessed_images\person_074\img_03.jpg,D:\biztech\preprocessed_images\person_074\img_15.jpg,1,person_074,person_074,positive,0.879506
D:\biztech\preprocessed_images\person_388\img_04.jpg,D:\biztech\preprocessed_images\person_128\img_01.jpg,0,person_388,person_128,negative,0.149317
D:\biztech\preprocessed_images\person_068\img_11.jpg,D:\biztech\preprocessed_images\person_068\img_14.jpg,1,person_068,person_068,positive,0.714647
D:\biztech\preprocessed_images\person_026\img_13.jpg,D:\biztech\preprocessed_images\person_026\img_15.jpg,1,person_026,person_026,positive,0.597220
D:\biztech\preprocessed_images\person_105\img_05.jpg,D:\biztech\preprocessed_images\person_105\img_06.jpg,1,person_105,person_105,positive,0.503258
D:\biztech\preprocessed_images\person_297\img_03.jpg,D:\biztech\preprocessed_images\person_297\img_04.jpg,1,person_297,person_297,positive,0.585424
D:\biztech\preprocessed_images\person_389\img_04.jpg,D:\biztech\preprocessed_images\person_160\img_05.jpg,0,person_389,person_160,negative,-0.247327
D:\biztech\preprocessed_images\person_096\img_08.jpg,D:\biztech\preprocessed_images\person_090\img_12.jpg,0,person_096,person_090,negative,-0.269315
D:\biztech\preprocessed_images\person_058\img_01.jpg,D:\biztech\preprocessed_images\person_058\img_11.jpg,1,person_058,person_058,positive,0.104909
D:\biztech\preprocessed_images\person_439\img_02.jpg,D:\biztech\preprocessed_images\person_033\img_23.jpg,0,person_439,person_033,negative,0.024266
D:\biztech\preprocessed_images\person_160\img_07.jpg,D:\biztech\preprocessed_images\person_160\img_09.jpg,1,person_160,person_160,positive,0.691768
D:\biztech\preprocessed_images\person_176\img_05.jpg,D:\biztech\preprocessed_images\person_218\img_06.jpg,0,person_176,person_218,negative,0.129401
D:\biztech\preprocessed_images\person_229\img_04.jpg,D:\biztech\preprocessed_images\person_229\img_06.jpg,1,person_229,person_229,positive,0.772000
D:\biztech\preprocessed_images\person_364\img_01.jpg,D:\biztech\preprocessed_images\person_433\img_01.jpg,0,person_364,person_433,negative,-0.022140
D:\biztech\preprocessed_images\person_605\img_02.jpg,D:\biztech\preprocessed_images\person_470\img_04.jpg,0,person_605,person_470,negative,-0.251726
D:\biztech\preprocessed_images\person_587\img_04.jpg,D:\biztech\preprocessed_images\person_368\img_02.jpg,0,person_587,person_368,negative,-0.064317
D:\biztech\preprocessed_images\person_105\img_10.jpg,D:\biztech\preprocessed_images\person_105\img_11.jpg,1,person_105,person_105,positive,0.907418
D:\biztech\preprocessed_images\person_160\img_01.jpg,D:\biztech\preprocessed_images\person_160\img_04.jpg,1,person_160,person_160,positive,0.809222
D:\biztech\preprocessed_images\person_068\img_17.jpg,D:\biztech\preprocessed_images\person_074\img_17.jpg,0,person_068,person_074,negative,-0.049510
D:\biztech\preprocessed_images\person_388\img_02.jpg,D:\biztech\preprocessed_images\person_388\img_04.jpg,1,person_388,person_388,positive,0.870591
D:\biztech\preprocessed_images\person_058\img_08.jpg,D:\biztech\preprocessed_images\person_058\img_10.jpg,1,person_058,person_058,positive,0.577592
D:\biztech\preprocessed_images\person_406\img_02.jpg,D:\biztech\preprocessed_images\person_406\img_04.jpg,1,person_406,person_406,positive,0.616227
D:\biztech\preprocessed_images\person_218\img_06.jpg,D:\biztech\preprocessed_images\person_160\img_02.jpg,0,person_218,person_160,negative,-0.215011
D:\biztech\preprocessed_images\person_239\img_01.jpg,D:\biztech\preprocessed_images\person_239\img_05.jpg,1,person_239,person_239,positive,0.388762
D:\biztech\preprocessed_images\person_221\img_01.jpg,D:\biztech\preprocessed_images\person_274\img_03.jpg,0,person_221,person_274,negative,0.058346
D:\biztech\preprocessed_images\person_068\img_10.jpg,D:\biztech\preprocessed_images\person_068\img_14.jpg,1,person_068,person_068,positive,0.760151
D:\biztech\preprocessed_images\person_600\img_01.jpg,D:\biztech\preprocessed_images\person_239\img_06.jpg,0,person_600,person_239,negative,-0.118987
D:\biztech\preprocessed_images\person_282\img_05.jpg,D:\biztech\preprocessed_images\person_353\img_02.jpg,0,person_282,person_353,negative,-0.023945
D:\biztech\preprocessed_images\person_277\img_04.jpg,D:\biztech\preprocessed_images\person_349\img_03.jpg,0,person_277,person_349,negative,0.109872
D:\biztech\preprocessed_images\person_388\img_04.jpg,D:\biztech\preprocessed_images\person_274\img_01.jpg,0,person_388,person_274,negative,0.112902
D:\biztech\preprocessed_images\person_388\img_02.jpg,D:\biztech\preprocessed_images\person_607\img_03.jpg,0,person_388,person_607,negative,0.356798
D:\biztech\preprocessed_images\person_282\img_02.jpg,D:\biztech\preprocessed_images\person_168\img_02.jpg,0,person_282,person_168,negative,0.172306
D:\biztech\preprocessed_images\person_274\img_01.jpg,D:\biztech\preprocessed_images\person_274\img_04.jpg,1,person_274,person_274,positive,0.586568
D:\biztech\preprocessed_images\person_226\img_03.jpg,D:\biztech\preprocessed_images\person_226\img_06.jpg,1,person_226,person_226,positive,0.584924
D:\biztech\preprocessed_images\person_160\img_03.jpg,D:\biztech\preprocessed_images\person_160\img_07.jpg,1,person_160,person_160,positive,0.897501
D:\biztech\preprocessed_images\person_007\img_37.jpg,D:\biztech\preprocessed_images\person_576\img_02.jpg,0,person_007,person_576,negative,-0.148554
D:\biztech\preprocessed_images\person_275\img_01.jpg,D:\biztech\preprocessed_images\person_275\img_05.jpg,1,person_275,person_275,positive,0.646348
D:\biztech\preprocessed_images\person_095\img_11.jpg,D:\biztech\preprocessed_images\person_033\img_25.jpg,0,person_095,person_033,negative,0.034222
D:\biztech\preprocessed_images\person_128\img_02.jpg,D:\biztech\preprocessed_images\person_128\img_05.jpg,1,person_128,person_128,positive,0.632471
D:\biztech\preprocessed_images\person_096\img_06.jpg,D:\biztech\preprocessed_images\person_096\img_15.jpg,1,person_096,person_096,positive,0.441517
D:\biztech\preprocessed_images\person_026\img_14.jpg,D:\biztech\preprocessed_images\person_026\img_17.jpg,1,person_026,person_026,positive,0.697280
D:\biztech\preprocessed_images\person_072\img_04.jpg,D:\biztech\preprocessed_images\person_225\img_02.jpg,0,person_072,person_225,negative,-0.044419
D:\biztech\preprocessed_images\person_349\img_04.jpg,D:\biztech\preprocessed_images\person_272\img_05.jpg,0,person_349,person_272,negative,0.172060
D:\biztech\preprocessed_images\person_160\img_05.jpg,D:\biztech\preprocessed_images\person_349\img_05.jpg,0,person_160,person_349,negative,0.410566
D:\biztech\preprocessed_images\person_105\img_12.jpg,D:\biztech\preprocessed_images\person_105\img_14.jpg,1,person_105,person_105,positive,0.161773
D:\biztech\preprocessed_images\person_072\img_10.jpg,D:\biztech\preprocessed_images\person_072\img_15.jpg,1,person_072,person_072,positive,0.454078
D:\biztech\preprocessed_images\person_128\img_01.jpg,D:\biztech\preprocessed_images\person_081\img_10.jpg,0,person_128,person_081,negative,-0.073409
D:\biztech\preprocessed_images\person_096\img_06.jpg,D:\biztech\preprocessed_images\person_096\img_14.jpg,1,person_096,person_096,positive,0.417149
D:\biztech\preprocessed_images\person_271\img_01.jpg,D:\biztech\preprocessed_images\person_272\img_01.jpg,0,person_271,person_272,negative,-0.235987
D:\biztech\preprocessed_images\person_349\img_04.jpg,D:\biztech\preprocessed_images\person_081\img_11.jpg,0,person_349,person_081,negative,0.116556
D:\biztech\preprocessed_images\person_470\img_03.jpg,D:\biztech\preprocessed_images\person_604\img_01.jpg,0,person_470,person_604,negative,-0.007437
D:\biztech\preprocessed_images\person_275\img_05.jpg,D:\biztech\preprocessed_images\person_047\img_15.jpg,0,person_275,person_047,negative,0.024695
D:\biztech\preprocessed_images\person_559\img_01.jpg,D:\biztech\preprocessed_images\person_559\img_03.jpg,1,person_559,person_559,positive,0.764246
D:\biztech\preprocessed_images\person_297\img_04.jpg,D:\biztech\preprocessed_images\person_324\img_01.jpg,0,person_297,person_324,negative,0.013156
D:\biztech\preprocessed_images\person_143\img_06.jpg,D:\biztech\preprocessed_images\person_090\img_13.jpg,0,person_143,person_090,negative,-0.239722
D:\biztech\preprocessed_images\person_582\img_01.jpg,D:\biztech\preprocessed_images\person_251\img_07.jpg,0,person_582,person_251,negative,-0.250810
D:\biztech\preprocessed_images\person_095\img_10.jpg,D:\biztech\preprocessed_images\person_028\img_28.jpg,0,person_095,person_028,negative,0.163505
D:\biztech\preprocessed_images\person_225\img_02.jpg,D:\biztech\preprocessed_images\person_225\img_06.jpg,1,person_225,person_225,positive,0.263011
D:\biztech\preprocessed_images\person_253\img_02.jpg,D:\biztech\preprocessed_images\person_253\img_05.jpg,1,person_253,person_253,positive,0.651686
D:\biztech\preprocessed_images\person_576\img_01.jpg,D:\biztech\preprocessed_images\person_607\img_04.jpg,0,person_576,person_607,negative,-0.035183
D:\biztech\preprocessed_images\person_045\img_07.jpg,D:\biztech\preprocessed_images\person_045\img_12.jpg,1,person_045,person_045,positive,0.288652
D:\biztech\preprocessed_images\person_160\img_04.jpg,D:\biztech\preprocessed_images\person_160\img_05.jpg,1,person_160,person_160,positive,0.660865
D:\biztech\preprocessed_images\person_176\img_01.jpg,D:\biztech\preprocessed_images\person_460\img_02.jpg,0,person_176,person_460,negative,0.029456
D:\biztech\preprocessed_images\person_168\img_08.jpg,D:\biztech\preprocessed_images\person_168\img_09.jpg,1,person_168,person_168,positive,0.709838
D:\biztech\preprocessed_images\person_433\img_01.jpg,D:\biztech\preprocessed_images\person_082\img_03.jpg,0,person_433,person_082,negative,-0.197180
D:\biztech\preprocessed_images\person_197\img_06.jpg,D:\biztech\preprocessed_images\person_058\img_15.jpg,0,person_197,person_058,negative,0.031510
D:\biztech\preprocessed_images\person_105\img_07.jpg,D:\biztech\preprocessed_images\person_239\img_04.jpg,0,person_105,person_239,negative,-0.325215
D:\biztech\preprocessed_images\person_031\img_11.jpg,D:\biztech\preprocessed_images\person_031\img_13.jpg,1,person_031,person_031,positive,0.373069
D:\biztech\preprocessed_images\person_096\img_02.jpg,D:\biztech\preprocessed_images\person_096\img_03.jpg,1,person_096,person_096,positive,0.864513
D:\biztech\preprocessed_images\person_368\img_04.jpg,D:\biztech\preprocessed_images\person_095\img_15.jpg,0,person_368,person_095,negative,0.212784
D:\biztech\preprocessed_images\person_251\img_03.jpg,D:\biztech\preprocessed_images\person_324\img_05.jpg,0,person_251,person_324,negative,0.071249
D:\biztech\preprocessed_images\person_100\img_08.jpg,D:\biztech\preprocessed_images\person_100\img_09.jpg,1,person_100,person_100,positive,0.554204
D:\biztech\preprocessed_images\person_164\img_02.jpg,D:\biztech\preprocessed_images\person_364\img_05.jpg,0,person_164,person_364,negative,-0.286090
D:\biztech\preprocessed_images\person_282\img_03.jpg,D:\biztech\preprocessed_images\person_282\img_06.jpg,1,person_282,person_282,positive,0.600151
D:\biztech\preprocessed_images\person_096\img_02.jpg,D:\biztech\preprocessed_images\person_460\img_04.jpg,0,person_096,person_460,negative,-0.078690
D:\biztech\preprocessed_images\person_253\img_01.jpg,D:\biztech\preprocessed_images\person_253\img_02.jpg,1,person_253,person_253,positive,0.233562
D:\biztech\preprocessed_images\person_345\img_02.jpg,D:\biztech\preprocessed_images\person_345\img_04.jpg,1,person_345,person_345,positive,0.483811
D:\biztech\preprocessed_images\person_406\img_03.jpg,D:\biztech\preprocessed_images\person_430\img_03.jpg,0,person_406,person_430,negative,0.166052
D:\biztech\preprocessed_images\person_345\img_03.jpg,D:\biztech\preprocessed_images\person_324\img_04.jpg,0,person_345,person_324,negative,-0.122639
D:\biztech\preprocessed_images\person_168\img_05.jpg,D:\biztech\preprocessed_images\person_285\img_02.jpg,0,person_168,person_285,negative,0.376266
D:\biztech\preprocessed_images\person_100\img_08.jpg,D:\biztech\preprocessed_images\person_235\img_07.jpg,0,person_100,person_235,negative,0.066959
D:\biztech\preprocessed_images\person_058\img_01.jpg,D:\biztech\preprocessed_images\person_033\img_06.jpg,0,person_058,person_033,negative,-0.082927
D:\biztech\preprocessed_images\person_285\img_05.jpg,D:\biztech\preprocessed_images\person_353\img_04.jpg,0,person_285,person_353,negative,-0.036841
D:\biztech\preprocessed_images\person_576\img_01.jpg,D:\biztech\preprocessed_images\person_576\img_02.jpg,1,person_576,person_576,positive,0.753258
D:\biztech\preprocessed_images\person_253\img_05.jpg,D:\biztech\preprocessed_images\person_239\img_04.jpg,0,person_253,person_239,negative,-0.264711
D:\biztech\preprocessed_images\person_575\img_01.jpg,D:\biztech\preprocessed_images\person_095\img_03.jpg,0,person_575,person_095,negative,0.133994
D:\biztech\preprocessed_images\person_274\img_01.jpg,D:\biztech\preprocessed_images\person_274\img_02.jpg,1,person_274,person_274,positive,0.419775
D:\biztech\preprocessed_images\person_031\img_04.jpg,D:\biztech\preprocessed_images\person_460\img_01.jpg,0,person_031,person_460,negative,0.078977
D:\biztech\preprocessed_images\person_374\img_03.jpg,D:\biztech\preprocessed_images\person_374\img_05.jpg,1,person_374,person_374,positive,0.135735
D:\biztech\preprocessed_images\person_217\img_04.jpg,D:\biztech\preprocessed_images\person_217\img_08.jpg,1,person_217,person_217,positive,0.785169
D:\biztech\preprocessed_images\person_460\img_04.jpg,D:\biztech\preprocessed_images\person_147\img_05.jpg,0,person_460,person_147,negative,-0.328866
D:\biztech\preprocessed_images\person_072\img_12.jpg,D:\biztech\preprocessed_images\person_072\img_13.jpg,1,person_072,person_072,positive,0.263902
D:\biztech\preprocessed_images\person_559\img_02.jpg,D:\biztech\preprocessed_images\person_433\img_01.jpg,0,person_559,person_433,negative,-0.102179
D:\biztech\preprocessed_images\person_160\img_02.jpg,D:\biztech\preprocessed_images\person_160\img_05.jpg,1,person_160,person_160,positive,0.668659
D:\biztech\preprocessed_images\person_239\img_01.jpg,D:\biztech\preprocessed_images\person_601\img_03.jpg,0,person_239,person_601,negative,-0.171475
D:\biztech\preprocessed_images\person_234\img_07.jpg,D:\biztech\preprocessed_images\person_368\img_04.jpg,0,person_234,person_368,negative,0.524827
D:\biztech\preprocessed_images\person_058\img_12.jpg,D:\biztech\preprocessed_images\person_058\img_16.jpg,1,person_058,person_058,positive,0.228428
D:\biztech\preprocessed_images\person_090\img_01.jpg,D:\biztech\preprocessed_images\person_277\img_01.jpg,0,person_090,person_277,negative,0.557447
D:\biztech\preprocessed_images\person_324\img_01.jpg,D:\biztech\preprocessed_images\person_197\img_04.jpg,0,person_324,person_197,negative,-0.029407
D:\biztech\preprocessed_images\person_229\img_05.jpg,D:\biztech\preprocessed_images\person_229\img_07.jpg,1,person_229,person_229,positive,0.765248
D:\biztech\preprocessed_images\person_082\img_05.jpg,D:\biztech\preprocessed_images\person_082\img_17.jpg,1,person_082,person_082,positive,0.874428
D:\biztech\preprocessed_images\person_575\img_02.jpg,D:\biztech\preprocessed_images\person_282\img_06.jpg,0,person_575,person_282,negative,0.007357
D:\biztech\preprocessed_images\person_007\img_18.jpg,D:\biztech\preprocessed_images\person_007\img_41.jpg,1,person_007,person_007,positive,0.559863
D:\biztech\preprocessed_images\person_274\img_02.jpg,D:\biztech\preprocessed_images\person_274\img_06.jpg,1,person_274,person_274,positive,0.723357
D:\biztech\preprocessed_images\person_104\img_02.jpg,D:\biztech\preprocessed_images\person_104\img_06.jpg,1,person_104,person_104,positive,0.820210
D:\biztech\preprocessed_images\person_277\img_01.jpg,D:\biztech\preprocessed_images\person_582\img_02.jpg,0,person_277,person_582,negative,0.592292
D:\biztech\preprocessed_images\person_474\img_01.jpg,D:\biztech\preprocessed_images\person_474\img_02.jpg,1,person_474,person_474,positive,0.779288
D:\biztech\preprocessed_images\person_221\img_04.jpg,D:\biztech\preprocessed_images\person_221\img_05.jpg,1,person_221,person_221,positive,0.670474
D:\biztech\preprocessed_images\person_045\img_07.jpg,D:\biztech\preprocessed_images\person_274\img_03.jpg,0,person_045,person_274,negative,0.194775
D:\biztech\preprocessed_images\person_007\img_22.jpg,D:\biztech\preprocessed_images\person_349\img_02.jpg,0,person_007,person_349,negative,-0.163550
D:\biztech\preprocessed_images\person_105\img_09.jpg,D:\biztech\preprocessed_images\person_105\img_10.jpg,1,person_105,person_105,positive,0.446628
D:\biztech\preprocessed_images\person_081\img_04.jpg,D:\biztech\preprocessed_images\person_081\img_14.jpg,1,person_081,person_081,positive,0.790829
D:\biztech\preprocessed_images\person_607\img_02.jpg,D:\biztech\preprocessed_images\person_471\img_01.jpg,0,person_607,person_471,negative,0.143465
D:\biztech\preprocessed_images\person_518\img_01.jpg,D:\biztech\preprocessed_images\person_167\img_02.jpg,0,person_518,person_167,negative,-0.115100
D:\biztech\preprocessed_images\person_471\img_01.jpg,D:\biztech\preprocessed_images\person_471\img_04.jpg,1,person_471,person_471,positive,0.647215
D:\biztech\preprocessed_images\person_368\img_03.jpg,D:\biztech\preprocessed_images\person_167\img_08.jpg,0,person_368,person_167,negative,-0.018172
D:\biztech\preprocessed_images\person_324\img_05.jpg,D:\biztech\preprocessed_images\person_345\img_05.jpg,0,person_324,person_345,negative,-0.136566
D:\biztech\preprocessed_images\person_234\img_07.jpg,D:\biztech\preprocessed_images\person_217\img_07.jpg,0,person_234,person_217,negative,0.053499
D:\biztech\preprocessed_images\person_275\img_04.jpg,D:\biztech\preprocessed_images\person_411\img_05.jpg,0,person_275,person_411,negative,0.226184
D:\biztech\preprocessed_images\person_224\img_02.jpg,D:\biztech\preprocessed_images\person_234\img_01.jpg,0,person_224,person_234,negative,-0.118891
D:\biztech\preprocessed_images\person_301\img_01.jpg,D:\biztech\preprocessed_images\person_301\img_04.jpg,1,person_301,person_301,positive,0.542883
D:\biztech\preprocessed_images\person_368\img_01.jpg,D:\biztech\preprocessed_images\person_368\img_02.jpg,1,person_368,person_368,positive,0.253561
D:\biztech\preprocessed_images\person_058\img_03.jpg,D:\biztech\preprocessed_images\person_058\img_08.jpg,1,person_058,person_058,positive,0.435592
D:\biztech\preprocessed_images\person_128\img_09.jpg,D:\biztech\preprocessed_images\person_128\img_10.jpg,1,person_128,person_128,positive,0.814666
D:\biztech\preprocessed_images\person_160\img_08.jpg,D:\biztech\preprocessed_images\person_389\img_05.jpg,0,person_160,person_389,negative,-0.004309
D:\biztech\preprocessed_images\person_605\img_03.jpg,D:\biztech\preprocessed_images\person_374\img_05.jpg,0,person_605,person_374,negative,-0.052265
D:\biztech\preprocessed_images\person_364\img_02.jpg,D:\biztech\preprocessed_images\person_364\img_04.jpg,1,person_364,person_364,positive,0.763959
D:\biztech\preprocessed_images\person_128\img_02.jpg,D:\biztech\preprocessed_images\person_128\img_06.jpg,1,person_128,person_128,positive,0.470688
D:\biztech\preprocessed_images\person_096\img_14.jpg,D:\biztech\preprocessed_images\person_368\img_04.jpg,0,person_096,person_368,negative,-0.260417
D:\biztech\preprocessed_images\person_550\img_01.jpg,D:\biztech\preprocessed_images\person_474\img_04.jpg,0,person_550,person_474,negative,0.691036
D:\biztech\preprocessed_images\person_068\img_03.jpg,D:\biztech\preprocessed_images\person_068\img_15.jpg,1,person_068,person_068,positive,0.588977
D:\biztech\preprocessed_images\person_096\img_01.jpg,D:\biztech\preprocessed_images\person_433\img_02.jpg,0,person_096,person_433,negative,0.062556
D:\biztech\preprocessed_images\person_226\img_01.jpg,D:\biztech\preprocessed_images\person_226\img_05.jpg,1,person_226,person_226,positive,0.355066
D:\biztech\preprocessed_images\person_168\img_04.jpg,D:\biztech\preprocessed_images\person_168\img_09.jpg,1,person_168,person_168,positive,0.090589
D:\biztech\preprocessed_images\person_559\img_02.jpg,D:\biztech\preprocessed_images\person_604\img_02.jpg,0,person_559,person_604,negative,-0.095076
D:\biztech\preprocessed_images\person_389\img_04.jpg,D:\biztech\preprocessed_images\person_389\img_05.jpg,1,person_389,person_389,positive,0.630962
D:\biztech\preprocessed_images\person_095\img_08.jpg,D:\biztech\preprocessed_images\person_147\img_04.jpg,0,person_095,person_147,negative,-0.045388
D:\biztech\preprocessed_images\person_167\img_01.jpg,D:\biztech\preprocessed_images\person_167\img_03.jpg,1,person_167,person_167,positive,0.709612
D:\biztech\preprocessed_images\person_096\img_12.jpg,D:\biztech\preprocessed_images\person_096\img_14.jpg,1,person_096,person_096,positive,0.775630
D:\biztech\preprocessed_images\person_033\img_02.jpg,D:\biztech\preprocessed_images\person_033\img_20.jpg,1,person_033,person_033,positive,0.244511
D:\biztech\preprocessed_images\person_095\img_07.jpg,D:\biztech\preprocessed_images\person_433\img_01.jpg,0,person_095,person_433,negative,0.209259
D:\biztech\preprocessed_images\person_026\img_27.jpg,D:\biztech\preprocessed_images\person_380\img_04.jpg,0,person_026,person_380,negative,0.017344
D:\biztech\preprocessed_images\person_028\img_06.jpg,D:\biztech\preprocessed_images\person_380\img_02.jpg,0,person_028,person_380,negative,-0.059904
D:\biztech\preprocessed_images\person_605\img_04.jpg,D:\biztech\preprocessed_images\person_176\img_08.jpg,0,person_605,person_176,negative,-0.012764
D:\biztech\preprocessed_images\person_460\img_03.jpg,D:\biztech\preprocessed_images\person_221\img_01.jpg,0,person_460,person_221,negative,0.265642
D:\biztech\preprocessed_images\person_270\img_06.jpg,D:\biztech\preprocessed_images\person_349\img_03.jpg,0,person_270,person_349,negative,0.335768
D:\biztech\preprocessed_images\person_474\img_03.jpg,D:\biztech\preprocessed_images\person_100\img_13.jpg,0,person_474,person_100,negative,-0.298603
D:\biztech\preprocessed_images\person_096\img_01.jpg,D:\biztech\preprocessed_images\person_096\img_12.jpg,1,person_096,person_096,positive,0.494287
D:\biztech\preprocessed_images\person_147\img_07.jpg,D:\biztech\preprocessed_images\person_115\img_04.jpg,0,person_147,person_115,negative,-0.116241
D:\biztech\preprocessed_images\person_274\img_04.jpg,D:\biztech\preprocessed_images\person_272\img_03.jpg,0,person_274,person_272,negative,-0.197167
D:\biztech\preprocessed_images\person_045\img_09.jpg,D:\biztech\preprocessed_images\person_045\img_10.jpg,1,person_045,person_045,positive,0.724222
D:\biztech\preprocessed_images\person_474\img_02.jpg,D:\biztech\preprocessed_images\person_364\img_04.jpg,0,person_474,person_364,negative,-0.208470
D:\biztech\preprocessed_images\person_253\img_03.jpg,D:\biztech\preprocessed_images\person_253\img_05.jpg,1,person_253,person_253,positive,0.798947
D:\biztech\preprocessed_images\person_389\img_01.jpg,D:\biztech\preprocessed_images\person_433\img_04.jpg,0,person_389,person_433,negative,-0.009731
D:\biztech\preprocessed_images\person_576\img_02.jpg,D:\biztech\preprocessed_images\person_349\img_01.jpg,0,person_576,person_349,negative,-0.060110
D:\biztech\preprocessed_images\person_582\img_01.jpg,D:\biztech\preprocessed_images\person_582\img_02.jpg,1,person_582,person_582,positive,0.615048
D:\biztech\preprocessed_images\person_081\img_08.jpg,D:\biztech\preprocessed_images\person_081\img_10.jpg,1,person_081,person_081,positive,0.661040
D:\biztech\preprocessed_images\person_518\img_02.jpg,D:\biztech\preprocessed_images\person_082\img_14.jpg,0,person_518,person_082,negative,-0.158392
D:\biztech\preprocessed_images\person_007\img_37.jpg,D:\biztech\preprocessed_images\person_007\img_68.jpg,1,person_007,person_007,positive,0.511870
D:\biztech\preprocessed_images\person_105\img_12.jpg,D:\biztech\preprocessed_images\person_518\img_01.jpg,0,person_105,person_518,negative,-0.040720
D:\biztech\preprocessed_images\person_430\img_02.jpg,D:\biztech\preprocessed_images\person_277\img_04.jpg,0,person_430,person_277,negative,-0.036379
D:\biztech\preprocessed_images\person_072\img_04.jpg,D:\biztech\preprocessed_images\person_028\img_03.jpg,0,person_072,person_028,negative,-0.170703
D:\biztech\preprocessed_images\person_600\img_02.jpg,D:\biztech\preprocessed_images\person_368\img_05.jpg,0,person_600,person_368,negative,0.247380
D:\biztech\preprocessed_images\person_143\img_07.jpg,D:\biztech\preprocessed_images\person_275\img_05.jpg,0,person_143,person_275,negative,0.164946
D:\biztech\preprocessed_images\person_100\img_03.jpg,D:\biztech\preprocessed_images\person_100\img_04.jpg,1,person_100,person_100,positive,0.749159
D:\biztech\preprocessed_images\person_285\img_02.jpg,D:\biztech\preprocessed_images\person_285\img_03.jpg,1,person_285,person_285,positive,0.456699
D:\biztech\preprocessed_images\person_601\img_02.jpg,D:\biztech\preprocessed_images\person_582\img_04.jpg,0,person_601,person_582,negative,-0.175376
D:\biztech\preprocessed_images\person_031\img_13.jpg,D:\biztech\preprocessed_images\person_031\img_31.jpg,1,person_031,person_031,positive,0.273732
D:\biztech\preprocessed_images\person_471\img_02.jpg,D:\biztech\preprocessed_images\person_471\img_04.jpg,1,person_471,person_471,positive,0.651872
D:\biztech\preprocessed_images\person_275\img_05.jpg,D:\biztech\preprocessed_images\person_143\img_03.jpg,0,person_275,person_143,negative,-0.003690
D:\biztech\preprocessed_images\person_074\img_13.jpg,D:\biztech\preprocessed_images\person_074\img_17.jpg,1,person_074,person_074,positive,0.579653
D:\biztech\preprocessed_images\person_234\img_01.jpg,D:\biztech\preprocessed_images\person_234\img_07.jpg,1,person_234,person_234,positive,0.449065
D:\biztech\preprocessed_images\person_058\img_19.jpg,D:\biztech\preprocessed_images\person_164\img_09.jpg,0,person_058,person_164,negative,-0.039220
D:\biztech\preprocessed_images\person_271\img_02.jpg,D:\biztech\preprocessed_images\person_271\img_06.jpg,1,person_271,person_271,positive,0.686597
D:\biztech\preprocessed_images\person_082\img_02.jpg,D:\biztech\preprocessed_images\person_082\img_09.jpg,1,person_082,person_082,positive,0.867742
D:\biztech\preprocessed_images\person_095\img_08.jpg,D:\biztech\preprocessed_images\person_374\img_03.jpg,0,person_095,person_374,negative,-0.335262
D:\biztech\preprocessed_images\person_587\img_02.jpg,D:\biztech\preprocessed_images\person_587\img_03.jpg,1,person_587,person_587,positive,0.680664
D:\biztech\preprocessed_images\person_364\img_05.jpg,D:\biztech\preprocessed_images\person_411\img_05.jpg,0,person_364,person_411,negative,0.440602
D:\biztech\preprocessed_images\person_297\img_01.jpg,D:\biztech\preprocessed_images\person_229\img_02.jpg,0,person_297,person_229,negative,-0.239950
D:\biztech\preprocessed_images\person_197\img_03.jpg,D:\biztech\preprocessed_images\person_100\img_08.jpg,0,person_197,person_100,negative,0.015424
D:\biztech\preprocessed_images\person_374\img_01.jpg,D:\biztech\preprocessed_images\person_090\img_01.jpg,0,person_374,person_090,negative,0.066229
D:\biztech\preprocessed_images\person_601\img_04.jpg,D:\biztech\preprocessed_images\person_007\img_55.jpg,0,person_601,person_007,negative,0.485539
D:\biztech\preprocessed_images\person_518\img_01.jpg,D:\biztech\preprocessed_images\person_388\img_03.jpg,0,person_518,person_388,negative,-0.184662
D:\biztech\preprocessed_images\person_388\img_01.jpg,D:\biztech\preprocessed_images\person_575\img_02.jpg,0,person_388,person_575,negative,-0.261225
D:\biztech\preprocessed_images\person_147\img_05.jpg,D:\biztech\preprocessed_images\person_282\img_03.jpg,0,person_147,person_282,negative,-0.443455
D:\biztech\preprocessed_images\person_168\img_02.jpg,D:\biztech\preprocessed_images\person_229\img_02.jpg,0,person_168,person_229,negative,0.049538
D:\biztech\preprocessed_images\person_031\img_26.jpg,D:\biztech\preprocessed_images\person_115\img_11.jpg,0,person_031,person_115,negative,0.244052
D:\biztech\preprocessed_images\person_033\img_07.jpg,D:\biztech\preprocessed_images\person_033\img_15.jpg,1,person_033,person_033,positive,0.305191
D:\biztech\preprocessed_images\person_147\img_02.jpg,D:\biztech\preprocessed_images\person_607\img_01.jpg,0,person_147,person_607,negative,0.006890
D:\biztech\preprocessed_images\person_143\img_01.jpg,D:\biztech\preprocessed_images\person_143\img_02.jpg,1,person_143,person_143,positive,0.862320
D:\biztech\preprocessed_images\person_474\img_02.jpg,D:\biztech\preprocessed_images\person_474\img_03.jpg,1,person_474,person_474,positive,0.492927
D:\biztech\preprocessed_images\person_430\img_04.jpg,D:\biztech\preprocessed_images\person_239\img_01.jpg,0,person_430,person_239,negative,-0.232970
D:\biztech\preprocessed_images\person_104\img_03.jpg,D:\biztech\preprocessed_images\person_104\img_13.jpg,1,person_104,person_104,positive,0.076855
D:\biztech\preprocessed_images\person_439\img_02.jpg,D:\biztech\preprocessed_images\person_160\img_08.jpg,0,person_439,person_160,negative,-0.035294
D:\biztech\preprocessed_images\person_026\img_25.jpg,D:\biztech\preprocessed_images\person_058\img_01.jpg,0,person_026,person_058,negative,-0.128344
D:\biztech\preprocessed_images\person_033\img_22.jpg,D:\biztech\preprocessed_images\person_390\img_01.jpg,0,person_033,person_390,negative,0.076510
D:\biztech\preprocessed_images\person_518\img_03.jpg,D:\biztech\preprocessed_images\person_251\img_07.jpg,0,person_518,person_251,negative,0.070418
D:\biztech\preprocessed_images\person_168\img_02.jpg,D:\biztech\preprocessed_images\person_168\img_07.jpg,1,person_168,person_168,positive,0.864354
D:\biztech\preprocessed_images\person_047\img_18.jpg,D:\biztech\preprocessed_images\person_047\img_23.jpg,1,person_047,person_047,positive,0.296414
D:\biztech\preprocessed_images\person_164\img_03.jpg,D:\biztech\preprocessed_images\person_164\img_08.jpg,1,person_164,person_164,positive,0.535699
D:\biztech\preprocessed_images\person_082\img_02.jpg,D:\biztech\preprocessed_images\person_082\img_05.jpg,1,person_082,person_082,positive,0.891932
D:\biztech\preprocessed_images\person_559\img_02.jpg,D:\biztech\preprocessed_images\person_559\img_04.jpg,1,person_559,person_559,positive,0.616699
D:\biztech\preprocessed_images\person_164\img_02.jpg,D:\biztech\preprocessed_images\person_164\img_07.jpg,1,person_164,person_164,positive,0.039444
D:\biztech\preprocessed_images\person_095\img_03.jpg,D:\biztech\preprocessed_images\person_550\img_04.jpg,0,person_095,person_550,negative,-0.169057
D:\biztech\preprocessed_images\person_128\img_01.jpg,D:\biztech\preprocessed_images\person_128\img_04.jpg,1,person_128,person_128,positive,0.425313
D:\biztech\preprocessed_images\person_388\img_01.jpg,D:\biztech\preprocessed_images\person_204\img_05.jpg,0,person_388,person_204,negative,0.460566
D:\biztech\preprocessed_images\person_072\img_03.jpg,D:\biztech\preprocessed_images\person_072\img_05.jpg,1,person_072,person_072,positive,0.300872
D:\biztech\preprocessed_images\person_224\img_04.jpg,D:\biztech\preprocessed_images\person_224\img_05.jpg,1,person_224,person_224,positive,0.641437
D:\biztech\preprocessed_images\person_095\img_03.jpg,D:\biztech\preprocessed_images\person_297\img_01.jpg,0,person_095,person_297,negative,0.499047
D:\biztech\preprocessed_images\person_096\img_07.jpg,D:\biztech\preprocessed_images\person_096\img_14.jpg,1,person_096,person_096,positive,0.509121
D:\biztech\preprocessed_images\person_576\img_02.jpg,D:\biztech\preprocessed_images\person_474\img_02.jpg,0,person_576,person_474,negative,-0.218879
D:\biztech\preprocessed_images\person_074\img_04.jpg,D:\biztech\preprocessed_images\person_058\img_06.jpg,0,person_074,person_058,negative,-0.379585
D:\biztech\preprocessed_images\person_601\img_01.jpg,D:\biztech\preprocessed_images\person_430\img_01.jpg,0,person_601,person_430,negative,0.014689
D:\biztech\preprocessed_images\person_272\img_04.jpg,D:\biztech\preprocessed_images\person_374\img_02.jpg,0,person_272,person_374,negative,-0.127122
D:\biztech\preprocessed_images\person_550\img_02.jpg,D:\biztech\preprocessed_images\person_388\img_04.jpg,0,person_550,person_388,negative,0.148883
D:\biztech\preprocessed_images\person_147\img_09.jpg,D:\biztech\preprocessed_images\person_235\img_01.jpg,0,person_147,person_235,negative,0.266625
D:\biztech\preprocessed_images\person_550\img_03.jpg,D:\biztech\preprocessed_images\person_168\img_06.jpg,0,person_550,person_168,negative,-0.003949
D:\biztech\preprocessed_images\person_430\img_01.jpg,D:\biztech\preprocessed_images\person_430\img_02.jpg,1,person_430,person_430,positive,0.797322
D:\biztech\preprocessed_images\person_090\img_11.jpg,D:\biztech\preprocessed_images\person_090\img_15.jpg,1,person_090,person_090,positive,0.715250
D:\biztech\preprocessed_images\person_297\img_03.jpg,D:\biztech\preprocessed_images\person_239\img_07.jpg,0,person_297,person_239,negative,-0.176772
D:\biztech\preprocessed_images\person_218\img_05.jpg,D:\biztech\preprocessed_images\person_218\img_07.jpg,1,person_218,person_218,positive,0.615502
D:\biztech\preprocessed_images\person_512\img_01.jpg,D:\biztech\preprocessed_images\person_068\img_17.jpg,0,person_512,person_068,negative,-0.080828
D:\biztech\preprocessed_images\person_235\img_06.jpg,D:\biztech\preprocessed_images\person_582\img_01.jpg,0,person_235,person_582,negative,-0.136988
D:\biztech\preprocessed_images\person_465\img_03.jpg,D:\biztech\preprocessed_images\person_406\img_04.jpg,0,person_465,person_406,negative,-0.380622
D:\biztech\preprocessed_images\person_026\img_14.jpg,D:\biztech\preprocessed_images\person_026\img_25.jpg,1,person_026,person_026,positive,0.725801
D:\biztech\preprocessed_images\person_587\img_02.jpg,D:\biztech\preprocessed_images\person_104\img_03.jpg,0,person_587,person_104,negative,-0.027238
D:\biztech\preprocessed_images\person_439\img_02.jpg,D:\biztech\preprocessed_images\person_439\img_03.jpg,1,person_439,person_439,positive,0.780244
D:\biztech\preprocessed_images\person_095\img_08.jpg,D:\biztech\preprocessed_images\person_095\img_10.jpg,1,person_095,person_095,positive,0.715845
D:\biztech\preprocessed_images\person_390\img_04.jpg,D:\biztech\preprocessed_images\person_604\img_04.jpg,0,person_390,person_604,negative,0.273865
D:\biztech\preprocessed_images\person_390\img_05.jpg,D:\biztech\preprocessed_images\person_160\img_09.jpg,0,person_390,person_160,negative,-0.275294
D:\biztech\preprocessed_images\person_282\img_02.jpg,D:\biztech\preprocessed_images\person_282\img_06.jpg,1,person_282,person_282,positive,0.673886
D:\biztech\preprocessed_images\person_224\img_03.jpg,D:\biztech\preprocessed_images\person_596\img_04.jpg,0,person_224,person_596,negative,-0.244166
D:\biztech\preprocessed_images\person_460\img_03.jpg,D:\biztech\preprocessed_images\person_587\img_02.jpg,0,person_460,person_587,negative,-0.372621
D:\biztech\preprocessed_images\person_411\img_04.jpg,D:\biztech\preprocessed_images\person_582\img_01.jpg,0,person_411,person_582,negative,-0.287530
D:\biztech\preprocessed_images\person_239\img_03.jpg,D:\biztech\preprocessed_images\person_143\img_03.jpg,0,person_239,person_143,negative,-0.131799
D:\biztech\preprocessed_images\person_353\img_02.jpg,D:\biztech\preprocessed_images\person_128\img_06.jpg,0,person_353,person_128,negative,-0.062919
D:\biztech\preprocessed_images\person_271\img_04.jpg,D:\biztech\preprocessed_images\person_271\img_06.jpg,1,person_271,person_271,positive,0.614056
D:\biztech\preprocessed_images\person_045\img_02.jpg,D:\biztech\preprocessed_images\person_045\img_06.jpg,1,person_045,person_045,positive,0.728277
D:\biztech\preprocessed_images\person_072\img_08.jpg,D:\biztech\preprocessed_images\person_072\img_14.jpg,1,person_072,person_072,positive,0.172850
D:\biztech\preprocessed_images\person_605\img_03.jpg,D:\biztech\preprocessed_images\person_007\img_49.jpg,0,person_605,person_007,negative,-0.042712
D:\biztech\preprocessed_images\person_047\img_03.jpg,D:\biztech\preprocessed_images\person_047\img_14.jpg,1,person_047,person_047,positive,0.735735
D:\biztech\preprocessed_images\person_160\img_03.jpg,D:\biztech\preprocessed_images\person_160\img_09.jpg,1,person_160,person_160,positive,0.640509
D:\biztech\preprocessed_images\person_285\img_01.jpg,D:\biztech\preprocessed_images\person_474\img_03.jpg,0,person_285,person_474,negative,-0.161675
D:\biztech\preprocessed_images\person_058\img_17.jpg,D:\biztech\preprocessed_images\person_058\img_20.jpg,1,person_058,person_058,positive,0.334868
D:\biztech\preprocessed_images\person_226\img_07.jpg,D:\biztech\preprocessed_images\person_601\img_02.jpg,0,person_226,person_601,negative,-0.241532
D:\biztech\preprocessed_images\person_176\img_04.jpg,D:\biztech\preprocessed_images\person_176\img_06.jpg,1,person_176,person_176,positive,0.693188
D:\biztech\preprocessed_images\person_368\img_01.jpg,D:\biztech\preprocessed_images\person_368\img_04.jpg,1,person_368,person_368,positive,0.217612
D:\biztech\preprocessed_images\person_074\img_02.jpg,D:\biztech\preprocessed_images\person_100\img_14.jpg,0,person_074,person_100,negative,-0.285045
D:\biztech\preprocessed_images\person_045\img_04.jpg,D:\biztech\preprocessed_images\person_045\img_05.jpg,1,person_045,person_045,positive,0.642378
D:\biztech\preprocessed_images\person_349\img_04.jpg,D:\biztech\preprocessed_images\person_349\img_05.jpg,1,person_349,person_349,positive,0.800372
D:\biztech\preprocessed_images\person_465\img_02.jpg,D:\biztech\preprocessed_images\person_349\img_04.jpg,0,person_465,person_349,negative,-0.003208
D:\biztech\preprocessed_images\person_147\img_04.jpg,D:\biztech\preprocessed_images\person_147\img_05.jpg,1,person_147,person_147,positive,0.741471
D:\biztech\preprocessed_images\person_364\img_05.jpg,D:\biztech\preprocessed_images\person_349\img_01.jpg,0,person_364,person_349,negative,-0.134749
D:\biztech\preprocessed_images\person_047\img_01.jpg,D:\biztech\preprocessed_images\person_047\img_11.jpg,1,person_047,person_047,positive,0.720742
D:\biztech\preprocessed_images\person_204\img_05.jpg,D:\biztech\preprocessed_images\person_204\img_06.jpg,1,person_204,person_204,positive,0.810547
D:\biztech\preprocessed_images\person_371\img_05.jpg,D:\biztech\preprocessed_images\person_439\img_04.jpg,0,person_371,person_439,negative,-0.145801
D:\biztech\preprocessed_images\person_364\img_03.jpg,D:\biztech\preprocessed_images\person_460\img_04.jpg,0,person_364,person_460,negative,-0.161489
D:\biztech\preprocessed_images\person_603\img_01.jpg,D:\biztech\preprocessed_images\person_471\img_02.jpg,0,person_603,person_471,negative,-0.126434
D:\biztech\preprocessed_images\person_297\img_04.jpg,D:\biztech\preprocessed_images\person_297\img_05.jpg,1,person_297,person_297,positive,0.607381
D:\biztech\preprocessed_images\person_147\img_06.jpg,D:\biztech\preprocessed_images\person_147\img_07.jpg,1,person_147,person_147,positive,0.427972
D:\biztech\preprocessed_images\person_282\img_04.jpg,D:\biztech\preprocessed_images\person_226\img_01.jpg,0,person_282,person_226,negative,-0.055201
D:\biztech\preprocessed_images\person_235\img_05.jpg,D:\biztech\preprocessed_images\person_235\img_06.jpg,1,person_235,person_235,positive,0.664919
D:\biztech\preprocessed_images\person_031\img_12.jpg,D:\biztech\preprocessed_images\person_239\img_03.jpg,0,person_031,person_239,negative,0.187490
D:\biztech\preprocessed_images\person_430\img_02.jpg,D:\biztech\preprocessed_images\person_026\img_09.jpg,0,person_430,person_026,negative,-0.103639
D:\biztech\preprocessed_images\person_160\img_04.jpg,D:\biztech\preprocessed_images\person_160\img_09.jpg,1,person_160,person_160,positive,0.800312
D:\biztech\preprocessed_images\person_272\img_03.jpg,D:\biztech\preprocessed_images\person_270\img_01.jpg,0,person_272,person_270,negative,-0.223226
D:\biztech\preprocessed_images\person_353\img_04.jpg,D:\biztech\preprocessed_images\person_045\img_15.jpg,0,person_353,person_045,negative,-0.072047
D:\biztech\preprocessed_images\person_026\img_12.jpg,D:\biztech\preprocessed_images\person_026\img_33.jpg,1,person_026,person_026,positive,0.871166
D:\biztech\preprocessed_images\person_115\img_08.jpg,D:\biztech\preprocessed_images\person_239\img_05.jpg,0,person_115,person_239,negative,-0.053327
D:\biztech\preprocessed_images\person_388\img_03.jpg,D:\biztech\preprocessed_images\person_388\img_04.jpg,1,person_388,person_388,positive,0.857256
D:\biztech\preprocessed_images\person_147\img_03.jpg,D:\biztech\preprocessed_images\person_147\img_08.jpg,1,person_147,person_147,positive,0.756474
D:\biztech\preprocessed_images\person_234\img_06.jpg,D:\biztech\preprocessed_images\person_406\img_01.jpg,0,person_234,person_406,negative,-0.264671
D:\biztech\preprocessed_images\person_271\img_05.jpg,D:\biztech\preprocessed_images\person_271\img_06.jpg,1,person_271,person_271,positive,0.745049
D:\biztech\preprocessed_images\person_215\img_04.jpg,D:\biztech\preprocessed_images\person_324\img_04.jpg,0,person_215,person_324,negative,0.464728
D:\biztech\preprocessed_images\person_090\img_01.jpg,D:\biztech\preprocessed_images\person_090\img_15.jpg,1,person_090,person_090,positive,0.714855
D:\biztech\preprocessed_images\person_164\img_09.jpg,D:\biztech\preprocessed_images\person_297\img_01.jpg,0,person_164,person_297,negative,-0.110704
D:\biztech\preprocessed_images\person_164\img_01.jpg,D:\biztech\preprocessed_images\person_164\img_05.jpg,1,person_164,person_164,positive,0.668563
D:\biztech\preprocessed_images\person_176\img_05.jpg,D:\biztech\preprocessed_images\person_176\img_06.jpg,1,person_176,person_176,positive,0.834618
D:\biztech\preprocessed_images\person_147\img_01.jpg,D:\biztech\preprocessed_images\person_147\img_10.jpg,1,person_147,person_147,positive,0.062205
D:\biztech\preprocessed_images\person_380\img_04.jpg,D:\biztech\preprocessed_images\person_082\img_16.jpg,0,person_380,person_082,negative,-0.364539
D:\biztech\preprocessed_images\person_047\img_15.jpg,D:\biztech\preprocessed_images\person_047\img_21.jpg,1,person_047,person_047,positive,0.598966
D:\biztech\preprocessed_images\person_197\img_02.jpg,D:\biztech\preprocessed_images\person_197\img_07.jpg,1,person_197,person_197,positive,0.486759
D:\biztech\preprocessed_images\person_323\img_01.jpg,D:\biztech\preprocessed_images\person_058\img_19.jpg,0,person_323,person_058,negative,-0.216223
D:\biztech\preprocessed_images\person_234\img_05.jpg,D:\biztech\preprocessed_images\person_234\img_07.jpg,1,person_234,person_234,positive,0.430273
D:\biztech\preprocessed_images\person_282\img_01.jpg,D:\biztech\preprocessed_images\person_270\img_04.jpg,0,person_282,person_270,negative,-0.008672
D:\biztech\preprocessed_images\person_100\img_01.jpg,D:\biztech\preprocessed_images\person_100\img_14.jpg,1,person_100,person_100,positive,0.535786
D:\biztech\preprocessed_images\person_100\img_13.jpg,D:\biztech\preprocessed_images\person_058\img_01.jpg,0,person_100,person_058,negative,-0.169153
D:\biztech\preprocessed_images\person_045\img_14.jpg,D:\biztech\preprocessed_images\person_045\img_20.jpg,1,person_045,person_045,positive,0.786644
D:\biztech\preprocessed_images\person_411\img_01.jpg,D:\biztech\preprocessed_images\person_275\img_02.jpg,0,person_411,person_275,negative,0.544978
D:\biztech\preprocessed_images\person_411\img_01.jpg,D:\biztech\preprocessed_images\person_411\img_04.jpg,1,person_411,person_411,positive,0.307803
D:\biztech\preprocessed_images\person_026\img_17.jpg,D:\biztech\preprocessed_images\person_028\img_13.jpg,0,person_026,person_028,negative,-0.056248
D:\biztech\preprocessed_images\person_031\img_16.jpg,D:\biztech\preprocessed_images\person_031\img_18.jpg,1,person_031,person_031,positive,0.424901
D:\biztech\preprocessed_images\person_380\img_04.jpg,D:\biztech\preprocessed_images\person_380\img_05.jpg,1,person_380,person_380,positive,0.651309
D:\biztech\preprocessed_images\person_559\img_02.jpg,D:\biztech\preprocessed_images\person_600\img_04.jpg,0,person_559,person_600,negative,-0.111738
D:\biztech\preprocessed_images\person_147\img_02.jpg,D:\biztech\preprocessed_images\person_147\img_07.jpg,1,person_147,person_147,positive,0.360809
D:\biztech\preprocessed_images\person_225\img_01.jpg,D:\biztech\preprocessed_images\person_225\img_05.jpg,1,person_225,person_225,positive,0.414713
D:\biztech\preprocessed_images\person_045\img_11.jpg,D:\biztech\preprocessed_images\person_045\img_14.jpg,1,person_045,person_045,positive,0.784347
D:\biztech\preprocessed_images\person_333\img_05.jpg,D:\biztech\preprocessed_images\person_081\img_11.jpg,0,person_333,person_081,negative,0.182377
D:\biztech\preprocessed_images\person_105\img_11.jpg,D:\biztech\preprocessed_images\person_229\img_07.jpg,0,person_105,person_229,negative,-0.099560
D:\biztech\preprocessed_images\person_353\img_03.jpg,D:\biztech\preprocessed_images\person_164\img_02.jpg,0,person_353,person_164,negative,0.074006
D:\biztech\preprocessed_images\person_271\img_04.jpg,D:\biztech\preprocessed_images\person_389\img_02.jpg,0,person_271,person_389,negative,-0.099969
D:\biztech\preprocessed_images\person_007\img_03.jpg,D:\biztech\preprocessed_images\person_349\img_02.jpg,0,person_007,person_349,negative,-0.048807
D:\biztech\preprocessed_images\person_033\img_03.jpg,D:\biztech\preprocessed_images\person_033\img_20.jpg,1,person_033,person_033,positive,0.375432
D:\biztech\preprocessed_images\person_221\img_01.jpg,D:\biztech\preprocessed_images\person_221\img_03.jpg,1,person_221,person_221,positive,0.645899
D:\biztech\preprocessed_images\person_081\img_11.jpg,D:\biztech\preprocessed_images\person_411\img_02.jpg,0,person_081,person_411,negative,0.132654
D:\biztech\preprocessed_images\person_143\img_03.jpg,D:\biztech\preprocessed_images\person_251\img_03.jpg,0,person_143,person_251,negative,0.137242
D:\biztech\preprocessed_images\person_031\img_12.jpg,D:\biztech\preprocessed_images\person_031\img_15.jpg,1,person_031,person_031,positive,0.223099
D:\biztech\preprocessed_images\person_550\img_01.jpg,D:\biztech\preprocessed_images\person_550\img_04.jpg,1,person_550,person_550,positive,0.747985
D:\biztech\preprocessed_images\person_045\img_05.jpg,D:\biztech\preprocessed_images\person_045\img_14.jpg,1,person_045,person_045,positive,0.465920
D:\biztech\preprocessed_images\person_058\img_14.jpg,D:\biztech\preprocessed_images\person_058\img_16.jpg,1,person_058,person_058,positive,0.286950
D:\biztech\preprocessed_images\person_297\img_02.jpg,D:\biztech\preprocessed_images\person_204\img_08.jpg,0,person_297,person_204,negative,-0.259712
D:\biztech\preprocessed_images\person_074\img_04.jpg,D:\biztech\preprocessed_images\person_576\img_01.jpg,0,person_074,person_576,negative,-0.054059
D:\biztech\preprocessed_images\person_115\img_06.jpg,D:\biztech\preprocessed_images\person_115\img_09.jpg,1,person_115,person_115,positive,-0.083992
D:\biztech\preprocessed_images\person_047\img_14.jpg,D:\biztech\preprocessed_images\person_047\img_16.jpg,1,person_047,person_047,positive,0.528833
D:\biztech\preprocessed_images\person_225\img_05.jpg,D:\biztech\preprocessed_images\person_225\img_06.jpg,1,person_225,person_225,positive,0.421434
D:\biztech\preprocessed_images\person_271\img_03.jpg,D:\biztech\preprocessed_images\person_090\img_12.jpg,0,person_271,person_090,negative,-0.182890
D:\biztech\preprocessed_images\person_353\img_02.jpg,D:\biztech\preprocessed_images\person_353\img_05.jpg,1,person_353,person_353,positive,0.504368
D:\biztech\preprocessed_images\person_090\img_07.jpg,D:\biztech\preprocessed_images\person_090\img_14.jpg,1,person_090,person_090,positive,0.281563
D:\biztech\preprocessed_images\person_095\img_10.jpg,D:\biztech\preprocessed_images\person_095\img_14.jpg,1,person_095,person_095,positive,0.537928
D:\biztech\preprocessed_images\person_371\img_04.jpg,D:\biztech\preprocessed_images\person_074\img_10.jpg,0,person_371,person_074,negative,-0.213463
D:\biztech\preprocessed_images\person_374\img_03.jpg,D:\biztech\preprocessed_images\person_374\img_04.jpg,1,person_374,person_374,positive,0.419023
D:\biztech\preprocessed_images\person_058\img_16.jpg,D:\biztech\preprocessed_images\person_371\img_01.jpg,0,person_058,person_371,negative,0.287250
D:\biztech\preprocessed_images\person_559\img_04.jpg,D:\biztech\preprocessed_images\person_251\img_06.jpg,0,person_559,person_251,negative,-0.009009
D:\biztech\preprocessed_images\person_160\img_02.jpg,D:\biztech\preprocessed_images\person_439\img_03.jpg,0,person_160,person_439,negative,-0.013743
D:\biztech\preprocessed_images\person_559\img_01.jpg,D:\biztech\preprocessed_images\person_324\img_01.jpg,0,person_559,person_324,negative,-0.062435
D:\biztech\preprocessed_images\person_204\img_03.jpg,D:\biztech\preprocessed_images\person_353\img_04.jpg,0,person_204,person_353,negative,-0.278939
D:\biztech\preprocessed_images\person_045\img_03.jpg,D:\biztech\preprocessed_images\person_045\img_17.jpg,1,person_045,person_045,positive,0.472141
D:\biztech\preprocessed_images\person_031\img_24.jpg,D:\biztech\preprocessed_images\person_390\img_04.jpg,0,person_031,person_390,negative,0.097828
D:\biztech\preprocessed_images\person_047\img_14.jpg,D:\biztech\preprocessed_images\person_047\img_18.jpg,1,person_047,person_047,positive,0.285168
D:\biztech\preprocessed_images\person_229\img_01.jpg,D:\biztech\preprocessed_images\person_229\img_05.jpg,1,person_229,person_229,positive,0.655684
D:\biztech\preprocessed_images\person_104\img_01.jpg,D:\biztech\preprocessed_images\person_104\img_11.jpg,1,person_104,person_104,positive,0.633666
D:\biztech\preprocessed_images\person_082\img_08.jpg,D:\biztech\preprocessed_images\person_251\img_02.jpg,0,person_082,person_251,negative,0.040193
D:\biztech\preprocessed_images\person_217\img_04.jpg,D:\biztech\preprocessed_images\person_217\img_05.jpg,1,person_217,person_217,positive,0.808282
D:\biztech\preprocessed_images\person_235\img_03.jpg,D:\biztech\preprocessed_images\person_235\img_06.jpg,1,person_235,person_235,positive,0.622313
D:\biztech\preprocessed_images\person_389\img_04.jpg,D:\biztech\preprocessed_images\person_167\img_08.jpg,0,person_389,person_167,negative,0.328226
D:\biztech\preprocessed_images\person_028\img_30.jpg,D:\biztech\preprocessed_images\person_607\img_03.jpg,0,person_028,person_607,negative,-0.083577
D:\biztech\preprocessed_images\person_603\img_04.jpg,D:\biztech\preprocessed_images\person_143\img_11.jpg,0,person_603,person_143,negative,-0.105675
D:\biztech\preprocessed_images\person_082\img_06.jpg,D:\biztech\preprocessed_images\person_225\img_07.jpg,0,person_082,person_225,negative,0.081039
D:\biztech\preprocessed_images\person_074\img_15.jpg,D:\biztech\preprocessed_images\person_074\img_18.jpg,1,person_074,person_074,positive,0.806264
D:\biztech\preprocessed_images\person_271\img_03.jpg,D:\biztech\preprocessed_images\person_271\img_06.jpg,1,person_271,person_271,positive,0.790344
D:\biztech\preprocessed_images\person_167\img_03.jpg,D:\biztech\preprocessed_images\person_167\img_05.jpg,1,person_167,person_167,positive,0.643902
D:\biztech\preprocessed_images\person_028\img_19.jpg,D:\biztech\preprocessed_images\person_045\img_20.jpg,0,person_028,person_045,negative,-0.040700
D:\biztech\preprocessed_images\person_474\img_03.jpg,D:\biztech\preprocessed_images\person_128\img_06.jpg,0,person_474,person_128,negative,0.224107
D:\biztech\preprocessed_images\person_388\img_02.jpg,D:\biztech\preprocessed_images\person_282\img_04.jpg,0,person_388,person_282,negative,-0.373526
D:\biztech\preprocessed_images\person_095\img_01.jpg,D:\biztech\preprocessed_images\person_411\img_04.jpg,0,person_095,person_411,negative,-0.059580
D:\biztech\preprocessed_images\person_074\img_03.jpg,D:\biztech\preprocessed_images\person_074\img_07.jpg,1,person_074,person_074,positive,0.892398
D:\biztech\preprocessed_images\person_068\img_04.jpg,D:\biztech\preprocessed_images\person_105\img_08.jpg,0,person_068,person_105,negative,-0.171485
D:\biztech\preprocessed_images\person_147\img_03.jpg,D:\biztech\preprocessed_images\person_147\img_05.jpg,1,person_147,person_147,positive,0.712265
D:\biztech\preprocessed_images\person_128\img_05.jpg,D:\biztech\preprocessed_images\person_128\img_07.jpg,1,person_128,person_128,positive,0.675934
D:\biztech\preprocessed_images\person_090\img_07.jpg,D:\biztech\preprocessed_images\person_380\img_04.jpg,0,person_090,person_380,negative,-0.467441
D:\biztech\preprocessed_images\person_081\img_02.jpg,D:\biztech\preprocessed_images\person_058\img_08.jpg,0,person_081,person_058,negative,-0.063300
D:\biztech\preprocessed_images\person_596\img_02.jpg,D:\biztech\preprocessed_images\person_603\img_03.jpg,0,person_596,person_603,negative,0.037997
D:\biztech\preprocessed_images\person_235\img_03.jpg,D:\biztech\preprocessed_images\person_235\img_07.jpg,1,person_235,person_235,positive,0.680753
D:\biztech\preprocessed_images\person_176\img_01.jpg,D:\biztech\preprocessed_images\person_176\img_02.jpg,1,person_176,person_176,positive,0.914262
D:\biztech\preprocessed_images\person_167\img_09.jpg,D:\biztech\preprocessed_images\person_031\img_07.jpg,0,person_167,person_031,negative,0.017503
D:\biztech\preprocessed_images\person_368\img_04.jpg,D:\biztech\preprocessed_images\person_095\img_02.jpg,0,person_368,person_095,negative,0.270178
D:\biztech\preprocessed_images\person_349\img_04.jpg,D:\biztech\preprocessed_images\person_323\img_04.jpg,0,person_349,person_323,negative,-0.146362
D:\biztech\preprocessed_images\person_104\img_01.jpg,D:\biztech\preprocessed_images\person_081\img_17.jpg,0,person_104,person_081,negative,0.252948
D:\biztech\preprocessed_images\person_470\img_01.jpg,D:\biztech\preprocessed_images\person_374\img_01.jpg,0,person_470,person_374,negative,0.154661
D:\biztech\preprocessed_images\person_058\img_03.jpg,D:\biztech\preprocessed_images\person_221\img_04.jpg,0,person_058,person_221,negative,-0.181773
D:\biztech\preprocessed_images\person_104\img_07.jpg,D:\biztech\preprocessed_images\person_104\img_10.jpg,1,person_104,person_104,positive,0.166007
D:\biztech\preprocessed_images\person_430\img_01.jpg,D:\biztech\preprocessed_images\person_406\img_03.jpg,0,person_430,person_406,negative,-0.017142
D:\biztech\preprocessed_images\person_474\img_02.jpg,D:\biztech\preprocessed_images\person_095\img_14.jpg,0,person_474,person_095,negative,-0.035828
D:\biztech\preprocessed_images\person_433\img_04.jpg,D:\biztech\preprocessed_images\person_582\img_04.jpg,0,person_433,person_582,negative,-0.102876
D:\biztech\preprocessed_images\person_045\img_04.jpg,D:\biztech\preprocessed_images\person_045\img_06.jpg,1,person_045,person_045,positive,0.727298
D:\biztech\preprocessed_images\person_028\img_05.jpg,D:\biztech\preprocessed_images\person_028\img_06.jpg,1,person_028,person_028,positive,0.839164
D:\biztech\preprocessed_images\person_371\img_02.jpg,D:\biztech\preprocessed_images\person_368\img_02.jpg,0,person_371,person_368,negative,-0.099015
D:\biztech\preprocessed_images\person_333\img_01.jpg,D:\biztech\preprocessed_images\person_333\img_05.jpg,1,person_333,person_333,positive,0.632672
D:\biztech\preprocessed_images\person_349\img_03.jpg,D:\biztech\preprocessed_images\person_349\img_05.jpg,1,person_349,person_349,positive,0.666871
D:\biztech\preprocessed_images\person_470\img_02.jpg,D:\biztech\preprocessed_images\person_164\img_06.jpg,0,person_470,person_164,negative,0.208160
D:\biztech\preprocessed_images\person_274\img_02.jpg,D:\biztech\preprocessed_images\person_028\img_01.jpg,0,person_274,person_028,negative,-0.110018
D:\biztech\preprocessed_images\person_559\img_03.jpg,D:\biztech\preprocessed_images\person_604\img_04.jpg,0,person_559,person_604,negative,-0.183524
D:\biztech\preprocessed_images\person_388\img_04.jpg,D:\biztech\preprocessed_images\person_253\img_06.jpg,0,person_388,person_253,negative,-0.347236
D:\biztech\preprocessed_images\person_282\img_02.jpg,D:\biztech\preprocessed_images\person_282\img_03.jpg,1,person_282,person_282,positive,0.553407
D:\biztech\preprocessed_images\person_031\img_15.jpg,D:\biztech\preprocessed_images\person_090\img_06.jpg,0,person_031,person_090,negative,-0.180741
D:\biztech\preprocessed_images\person_100\img_10.jpg,D:\biztech\preprocessed_images\person_235\img_04.jpg,0,person_100,person_235,negative,-0.185364
D:\biztech\preprocessed_images\person_176\img_01.jpg,D:\biztech\preprocessed_images\person_176\img_05.jpg,1,person_176,person_176,positive,0.771907
D:\biztech\preprocessed_images\person_251\img_06.jpg,D:\biztech\preprocessed_images\person_225\img_04.jpg,0,person_251,person_225,negative,-0.264318
D:\biztech\preprocessed_images\person_072\img_01.jpg,D:\biztech\preprocessed_images\person_072\img_08.jpg,1,person_072,person_072,positive,0.382828
D:\biztech\preprocessed_images\person_333\img_02.jpg,D:\biztech\preprocessed_images\person_333\img_05.jpg,1,person_333,person_333,positive,0.518880
D:\biztech\preprocessed_images\person_275\img_03.jpg,D:\biztech\preprocessed_images\person_576\img_01.jpg,0,person_275,person_576,negative,0.004574
D:\biztech\preprocessed_images\person_439\img_02.jpg,D:\biztech\preprocessed_images\person_430\img_02.jpg,0,person_439,person_430,negative,-0.151140
D:\biztech\preprocessed_images\person_301\img_04.jpg,D:\biztech\preprocessed_images\person_301\img_05.jpg,1,person_301,person_301,positive,0.352065
D:\biztech\preprocessed_images\person_026\img_14.jpg,D:\biztech\preprocessed_images\person_026\img_27.jpg,1,person_026,person_026,positive,0.828785
D:\biztech\preprocessed_images\person_285\img_02.jpg,D:\biztech\preprocessed_images\person_550\img_02.jpg,0,person_285,person_550,negative,-0.251823
D:\biztech\preprocessed_images\person_235\img_04.jpg,D:\biztech\preprocessed_images\person_226\img_04.jpg,0,person_235,person_226,negative,0.123911
D:\biztech\preprocessed_images\person_031\img_03.jpg,D:\biztech\preprocessed_images\person_031\img_10.jpg,1,person_031,person_031,positive,0.083725
D:\biztech\preprocessed_images\person_229\img_01.jpg,D:\biztech\preprocessed_images\person_271\img_06.jpg,0,person_229,person_271,negative,0.196608
D:\biztech\preprocessed_images\person_128\img_07.jpg,D:\biztech\preprocessed_images\person_604\img_01.jpg,0,person_128,person_604,negative,-0.112091
D:\biztech\preprocessed_images\person_333\img_03.jpg,D:\biztech\preprocessed_images\person_596\img_01.jpg,0,person_333,person_596,negative,0.115475
D:\biztech\preprocessed_images\person_374\img_02.jpg,D:\biztech\preprocessed_images\person_374\img_04.jpg,1,person_374,person_374,positive,0.305364
D:\biztech\preprocessed_images\person_518\img_01.jpg,D:\biztech\preprocessed_images\person_587\img_02.jpg,0,person_518,person_587,negative,-0.004451
D:\biztech\preprocessed_images\person_607\img_03.jpg,D:\biztech\preprocessed_images\person_474\img_01.jpg,0,person_607,person_474,negative,0.211023
D:\biztech\preprocessed_images\person_033\img_12.jpg,D:\biztech\preprocessed_images\person_033\img_26.jpg,1,person_033,person_033,positive,0.269184
D:\biztech\preprocessed_images\person_096\img_07.jpg,D:\biztech\preprocessed_images\person_096\img_15.jpg,1,person_096,person_096,positive,0.525359
D:\biztech\preprocessed_images\person_217\img_05.jpg,D:\biztech\preprocessed_images\person_115\img_03.jpg,0,person_217,person_115,negative,0.091551
D:\biztech\preprocessed_images\person_115\img_03.jpg,D:\biztech\preprocessed_images\person_115\img_12.jpg,1,person_115,person_115,positive,0.733185
D:\biztech\preprocessed_images\person_274\img_04.jpg,D:\biztech\preprocessed_images\person_274\img_06.jpg,1,person_274,person_274,positive,0.387089
D:\biztech\preprocessed_images\person_275\img_01.jpg,D:\biztech\preprocessed_images\person_143\img_09.jpg,0,person_275,person_143,negative,-0.073861
D:\biztech\preprocessed_images\person_096\img_02.jpg,D:\biztech\preprocessed_images\person_353\img_05.jpg,0,person_096,person_353,negative,-0.188481
D:\biztech\preprocessed_images\person_301\img_02.jpg,D:\biztech\preprocessed_images\person_301\img_03.jpg,1,person_301,person_301,positive,0.614286
